# premium-accumulators.csv — SFPM getAccountPremium X64 accumulators, one row per scheduled read
# built: 2026-07-21   RPC: https://mainnet.base.org (failover https://base.drpc.org)
# SFPM: 0x8dcAa08cF298F8b4830FAf56d47930981AdE33af   vegoid: 8
# schedule rows: 8910   block range: 43781657..48157721
# accumulators and liquidity are DECIMAL Integer strings (they exceed 2^63; a Double round-trip would lose precision)
# columns: token_type,tick_lower,tick_upper,block,is_long,at_tick,acc0_x64,acc1_x64,net_liquidity,removed_liquidity,epoch,endpoint
token_type,tick_lower,tick_upper,block,is_long,at_tick,acc0_x64,acc1_x64,net_liquidity,removed_liquidity,epoch,endpoint
1,-201120,-198720,43782127,0,-199655,538394246004659175,291394680,379830078445,0,492876,
0,-200160,-197760,43782127,0,-199655,538394245986011989,277738782,398505615963,0,492876,
1,-201120,-198720,43783927,0,-199655,1892392342689388132,3059644147,379830078445,0,492877,
0,-200160,-197760,43783927,0,-199655,1892392342655508290,3055126603,398505615963,0,492877,
1,-201120,-198720,43785727,0,-199655,6561057600775964098,10538774286,379830078445,0,492878,
0,-200160,-197760,43785727,0,-199655,6561057600789945948,10554073720,398505615963,0,492878,
1,-201120,-198720,43787527,0,-199655,12003518037836570124,21757469494,379830078445,0,492879,
0,-200160,-197760,43787527,0,-199655,12003518037818998892,21756204598,398505615963,0,492879,
1,-201120,-198720,43789327,0,-199655,14644844727379165680,27488231549,379830078445,0,492880,
0,-200160,-197760,43789327,0,-199655,14644844727385770843,27496139429,398505615963,0,492880,
1,-201120,-198720,43791127,0,-199655,17195791178189025825,32053414880,379830078445,0,492881,
0,-200160,-197760,43791127,0,-199655,17195791178190849926,32078829333,398505615963,0,492881,
1,-201120,-198720,43792927,0,-199655,20490590260093077277,37298519134,379830078445,0,492882,
0,-200160,-197760,43792927,0,-199655,20490590260049124188,37309576397,398505615963,0,492882,
1,-201120,-198720,43794727,0,-199655,21766004870753773573,41038084203,379830078445,0,492883,
0,-200160,-197760,43794727,0,-199655,21766004870764739911,41012760158,398505615963,0,492883,
1,-201120,-198720,43796527,0,-199655,22954020812287070009,43174978528,379830078445,0,492884,
0,-200160,-197760,43796527,0,-199655,22954020812288490611,43188380618,398505615963,0,492884,
1,-201120,-198720,43798327,0,-199655,25485486462816579184,51916818951,379830078445,0,492885,
0,-200160,-197760,43798327,0,-199655,25485486462814997602,51937152254,398505615963,0,492885,
1,-201120,-198720,43800127,0,-199655,26489393601328949330,54005147496,379830078445,0,492886,
0,-200160,-197760,43800127,0,-199655,26489393601332164275,53973903323,398505615963,0,492886,
1,-201120,-198720,43801927,0,-199655,27721019327809595897,56482002282,379830078445,0,492887,
0,-200160,-197760,43801927,0,-199655,27721019327825908785,56473552362,398505615963,0,492887,
1,-201120,-198720,43803727,0,-199486,28528756781809009396,59298817529,379830078445,0,492888,
0,-200160,-197760,43803727,0,-199486,28528756781780107213,59297229980,398505615963,0,492888,
1,-201120,-198720,43805527,0,-199486,29815286532030649457,62601290578,379830078445,0,492889,
0,-200160,-197760,43805527,0,-199486,29815286532069648305,62630095366,398505615963,0,492889,
1,-201120,-198720,43807327,0,-199486,30988452333922630378,64641053343,379830078445,0,492890,
0,-200160,-197760,43807327,0,-199486,30988452333938088589,64620556638,398505615963,0,492890,
1,-201120,-198720,43809127,0,-199486,31638424682494238087,65855197846,379830078445,0,492891,
0,-200160,-197760,43809127,0,-199486,31638424682464929286,65870381157,398505615963,0,492891,
1,-201120,-198720,43810927,0,-199486,32159959039016061636,67360737030,379830078445,0,492892,
0,-200160,-197760,43810927,0,-199486,32159959039028310277,67351654662,398505615963,0,492892,
1,-201120,-198720,43812727,0,-199486,32615613718110169604,69011973554,379830078445,0,492893,
0,-200160,-197760,43812727,0,-199486,32615613718100541886,69018087354,398505615963,0,492893,
1,-201120,-198720,43814527,0,-199486,33717796893904915005,71683091460,379830078445,0,492894,
0,-200160,-197760,43814527,0,-199486,33717796893860190238,71702895581,398505615963,0,492894,
1,-201120,-198720,43816327,0,-199486,34385546940067862913,72654407063,379830078445,0,492895,
0,-200160,-197760,43816327,0,-199486,34385546940075240502,72674981319,398505615963,0,492895,
1,-201120,-198720,43818127,0,-199486,35419529741523822788,74985564509,379830078445,0,492896,
0,-200160,-197760,43818127,0,-199486,35419529741540215772,74989471170,398505615963,0,492896,
1,-201120,-198720,43819927,0,-199486,37180748883453629403,79987839861,379830078445,0,492897,
0,-200160,-197760,43819927,0,-199486,37180748883442741219,79988769248,398505615963,0,492897,
1,-201120,-198720,43821727,0,-199486,38010367785040109264,82853220889,379830078445,0,492898,
0,-200160,-197760,43821727,0,-199486,38010367785012911286,82858736663,398505615963,0,492898,
1,-201120,-198720,43823527,0,-199486,38671716829086654790,84213062732,379830078445,0,492899,
0,-200160,-197760,43823527,0,-199486,38671716829075330988,84247430573,398505615963,0,492899,
1,-201120,-198720,43825327,0,-199486,40263171849275673972,87612667341,379830078445,0,492900,
0,-200160,-197760,43825327,0,-199486,40263171849289454344,87626585756,398505615963,0,492900,
1,-201120,-198720,43827127,0,-199486,43322202950282764523,94169047657,379830078445,0,492901,
0,-200160,-197760,43827127,0,-199486,43322202950283425470,94153447135,398505615963,0,492901,
1,-201120,-198720,43828927,0,-199486,46094950535533893977,100239770173,379830078445,0,492902,
0,-200160,-197760,43828927,0,-199486,46094950535548014642,100263700342,398505615963,0,492902,
1,-201120,-198720,43830727,0,-199486,49406343082481592833,106407624248,379830078445,0,492903,
0,-200160,-197760,43830727,0,-199486,49406343082476734224,106420243345,398505615963,0,492903,
1,-201120,-198720,43832527,0,-199486,52260575433103115755,111555596941,379830078445,0,492904,
0,-200160,-197760,43832527,0,-199486,52260575433102915245,111558410814,398505615963,0,492904,
1,-201120,-198720,43834327,0,-199486,55184129694762965070,118986161300,379830078445,0,492905,
0,-200160,-197760,43834327,0,-199486,55184129694768365830,118964778337,398505615963,0,492905,
1,-201120,-198720,43836127,0,-199486,57205021867775743886,122337200128,379830078445,0,492906,
0,-200160,-197760,43836127,0,-199486,57205021867788301617,122343933520,398505615963,0,492906,
1,-201120,-198720,43837927,0,-199486,58350828741254002699,124619791794,379830078445,0,492907,
0,-200160,-197760,43837927,0,-199486,58350828741240466307,124612133574,398505615963,0,492907,
1,-201120,-198720,43839727,0,-199486,59233592278872986878,127485172821,379830078445,0,492908,
0,-200160,-197760,43839727,0,-199486,59233592278863181573,127528390786,398505615963,0,492908,
1,-201120,-198720,43841527,0,-199486,59848162124719738710,128359356864,379830078445,0,492909,
0,-200160,-197760,43841527,0,-199486,59848162124713506618,128361607132,398505615963,0,492909,
1,-201120,-198720,43843327,0,-199486,60384643442739143132,129184975126,379830078445,0,492910,
0,-200160,-197760,43843327,0,-199486,60384643442708393250,129148533681,398505615963,0,492910,
1,-201120,-198720,43845127,0,-199486,61687259849903092771,133070237535,379830078445,0,492911,
0,-200160,-197760,43845127,0,-199486,61687259849920770121,133083166428,398505615963,0,492911,
1,-201120,-198720,43846927,0,-199872,62435973169471476254,134187250478,379830078445,0,492912,
0,-200160,-197760,43846927,0,-199872,62435973169439261833,134194121556,398505615963,0,492912,
1,-201120,-198720,43848727,0,-199872,63344551516296007707,135789921222,379830078445,0,492913,
0,-200160,-197760,43848727,0,-199872,63344551516306705766,135767974655,398505615963,0,492913,
1,-201120,-198720,43850527,0,-199872,64062582104263136697,137344026186,379830078445,0,492914,
0,-200160,-197760,43850527,0,-199872,64062582104269722786,137341827754,398505615963,0,492914,
1,-201120,-198720,43852327,0,-199872,65370168208514447374,138558170689,379830078445,0,492915,
0,-200160,-197760,43852327,0,-199872,65370168208531032104,138545362476,398505615963,0,492915,
1,-201120,-198720,43854127,0,-199872,66068037760816082709,140452236114,379830078445,0,492916,
0,-200160,-197760,43854127,0,-199872,66068037760797398374,140443244154,398505615963,0,492916,
1,-201120,-198720,43855927,0,-199872,66481367035345684614,140986459695,379830078445,0,492917,
0,-200160,-197760,43855927,0,-199872,66481367035354380823,140952431921,398505615963,0,492917,
1,-201120,-198720,43857727,0,-199872,69833664113661286962,145017419446,379830078445,0,492918,
0,-200160,-197760,43857727,0,-199872,69833664113655887163,145025934059,398505615963,0,492918,
1,-201120,-198720,43859527,0,-199872,71035993348168200118,147931366253,379830078445,0,492919,
0,-200160,-197760,43859527,0,-199872,71035993348173388018,147942191271,398505615963,0,492919,
1,-201120,-198720,43861327,0,-199872,71848124160837511367,149825431678,379830078445,0,492920,
0,-200160,-197760,43861327,0,-199872,71848124160837530164,149793783152,398505615963,0,492920,
1,-201120,-198720,43863127,0,-199872,72891837718702404892,151622365542,379830078445,0,492921,
0,-200160,-197760,43863127,0,-199872,72891837718703219402,151599085235,398505615963,0,492921,
1,-201120,-198720,43864927,0,-199872,76840858523519790488,156236114654,379830078445,0,492922,
0,-200160,-197760,43864927,0,-199872,76840858523523521035,156228064937,398505615963,0,492922,
1,-201120,-198720,43866727,0,-199872,78150367820522511071,158470140540,379830078445,0,492923,
0,-200160,-197760,43866727,0,-199872,78150367820492154793,158449975194,398505615963,0,492923,
1,-201120,-198720,43868527,0,-199872,79817718116636729380,160898429546,379830078445,0,492924,
0,-200160,-197760,43868527,0,-199872,79817718116642185354,160903334436,398505615963,0,492924,
1,-201120,-198720,43870327,0,-199872,80580925105982841086,162986758091,379830078445,0,492925,
0,-200160,-197760,43870327,0,-199872,80580925106004702338,162986375302,398505615963,0,492925,
1,-201120,-198720,43872127,0,-199872,83857327334003741300,170514454010,379830078445,0,492926,
0,-200160,-197760,43872127,0,-199872,83857327334004985060,170531612216,398505615963,0,492926,
1,-201120,-198720,43873927,0,-199872,86992625849528693446,176682308086,379830078445,0,492927,
0,-200160,-197760,43873927,0,-199872,86992625849518410760,176688155220,398505615963,0,492927,
1,-201120,-198720,43875727,0,-199872,89724717418345503379,181636017658,379830078445,0,492928,
0,-200160,-197760,43875727,0,-199872,89724717418332511940,181641163501,398505615963,0,492928,
1,-201120,-198720,43877527,0,-199872,91285978567162035346,183870043544,379830078445,0,492929,
0,-200160,-197760,43877527,0,-199872,91285978567195772115,183909363554,398505615963,0,492929,
1,-201120,-198720,43879327,0,-199872,93145014147173671146,186492595670,379830078445,0,492930,
0,-200160,-197760,43879327,0,-199872,93145014147166687723,186501592188,398505615963,0,492930,
1,-201120,-198720,43881127,0,-199872,95993939109240222162,192029094604,379830078445,0,492931,
0,-200160,-197760,43881127,0,-199872,95993939109222028104,192010078033,398505615963,0,492931,
1,-201120,-198720,43882927,0,-199872,97226301704924922661,194894475631,379830078445,0,492932,
0,-200160,-197760,43882927,0,-199872,97226301704895201478,194926335245,398505615963,0,492932,
1,-201120,-198720,43884727,0,-199872,106332422963652526589,215194971723,379830078445,0,492933,
0,-200160,-197760,43884727,0,-199872,106332422963662211179,215201266339,398505615963,0,492933,
1,-201120,-198720,43886527,0,-199872,107313790781888934501,217768958069,379830078445,0,492934,
0,-200160,-197760,43886527,0,-199872,107313790781885136643,217793494972,398505615963,0,492934,
1,-201120,-198720,43888327,0,-199872,109147025325610305334,221071431118,379830078445,0,492935,
0,-200160,-197760,43888327,0,-199872,109147025325584948913,221080070560,398505615963,0,492935,
1,-201120,-198720,43890127,0,-200234,110123147582907609612,222620421317,381349398759,2278980470,492936,
0,-200160,-197760,43890127,0,-200234,0,0,398505615963,0,492936,
1,-201120,-198720,43891927,0,-200234,111363807398530211323,225667889171,381349398759,2278980470,492937,
0,-200160,-197760,43891927,0,-200234,0,0,398505615963,0,492937,
1,-201120,-198720,43893727,0,-200234,112225276447783022127,228280004474,381349398759,2278980470,492938,
0,-200160,-197760,43893727,0,-200234,0,0,398505615963,0,492938,
1,-201120,-198720,43895527,0,-200234,113083383657090067337,229440944610,381349398759,2278980470,492939,
0,-200160,-197760,43895527,0,-200234,0,0,398505615963,0,492939,
1,-201120,-198720,43897327,0,-200234,114013253837998756451,230747002261,381349398759,2278980470,492940,
0,-200160,-197760,43897327,0,-200234,0,0,398505615963,0,492940,
1,-201120,-198720,43899127,0,-200234,115677083314777572532,233359117565,381349398759,2278980470,492941,
0,-200160,-197760,43899127,0,-200234,0,0,398505615963,0,492941,
1,-201120,-198720,43900927,0,-200234,116489739144251079912,235729370340,381349398759,2278980470,492942,
0,-200160,-197760,43900927,0,-200234,0,0,398505615963,0,492942,
1,-201120,-198720,43902727,0,-200234,117002426171772901902,237083800497,381349398759,2278980470,492943,
0,-200160,-197760,43902727,0,-200234,0,0,398505615963,0,492943,
1,-201120,-198720,43904527,0,-200234,118233384856046179820,239841033317,381349398759,2278980470,492944,
0,-200160,-197760,43904527,0,-200234,0,0,398505615963,0,492944,
1,-201120,-198720,43906327,0,-200234,121025098279633579574,243855951284,381349398759,2278980470,492945,
0,-200160,-197760,43906327,0,-200234,0,0,398505615963,0,492945,
1,-201120,-198720,43908127,0,-200234,122565897798286045455,246226204060,381349398759,2278980470,492946,
0,-200160,-197760,43908127,0,-200234,0,0,398505615963,0,492946,
1,-201120,-198720,43909927,0,-200234,128971475878791233518,254159294981,381349398759,2278980470,492947,
0,-200160,-197760,43909927,0,-200234,123702939706517819862,247604124252,398505615963,0,492947,
1,-201120,-198720,43911727,0,-200234,131755190157300948631,259577015611,381349398759,2278980470,492948,
0,-200160,-197760,43911727,0,-200234,123702939706517819862,247604124252,398505615963,0,492948,
1,-201120,-198720,43913527,0,-200234,133313674530403298631,262479365948,381349398759,2278980470,492949,
0,-200160,-197760,43913527,0,-200234,123702939706517819862,247604124252,398505615963,0,492949,
1,-201120,-198720,43781657,0,-199482,0,0,379830078445,0,492876,mint
0,-200160,-197760,43781657,0,-199482,0,0,398505615963,0,492876,mint
1,-201120,-198720,43914219,0,-200340,133598102204159296027,263640306083,1519320314,2278980470,492949,burn
0,-200160,-197760,43914219,0,-200340,123702939706517819862,247604124252,0,0,492949,burn
1,-201360,-198960,43877527,0,-199872,1343537761643504918,1916929979,375299581370,0,492929,
1,-201360,-198960,43879327,0,-199872,3202573341624900443,4472836619,375299581370,0,492930,
1,-201360,-198960,43881127,0,-199872,6051498303687967566,10027018355,375299581370,0,492931,
1,-201360,-198960,43882927,0,-199872,7283860899370007418,12926989349,375299581370,0,492932,
1,-201360,-198960,43884727,0,-199872,16389982158112212283,33226786313,375299581370,0,492933,
1,-201360,-198960,43886527,0,-199872,17371349976310281347,35782692953,375299581370,0,492934,
1,-201360,-198960,43888327,0,-199872,19204584520052216901,39075880354,375299581370,0,492935,
1,-201360,-198960,43890127,0,-200234,20180704968530453663,40697898029,375299581370,0,492936,
1,-201360,-198960,43891927,0,-200234,21421359278459431105,43745325176,375299581370,0,492937,
1,-201360,-198960,43893727,0,-200234,22282824504851100035,46350383866,375299581370,0,492938,
1,-201360,-198960,43895527,0,-200234,23140927906099540991,47530033084,375299581370,0,492939,
1,-201360,-198960,43897327,0,-200234,24070793960586600383,48857138455,375299581370,0,492940,
1,-201360,-198960,43899127,0,-200234,25734616053805282353,51413045094,375299581370,0,492941,
1,-201360,-198960,43900927,0,-200234,26547268276989894291,53821495582,375299581370,0,492942,
1,-201360,-198960,43902727,0,-200234,27059953029385764247,55148600952,375299581370,0,492943,
1,-201360,-198960,43904527,0,-200234,28290906251059107795,57901115795,375299581370,0,492944,
1,-201360,-198960,43906327,0,-200234,31082607285921518759,61931583957,375299581370,0,492945,
1,-201360,-198960,43908127,0,-200234,32623399966992625376,64340034444,375299581370,0,492946,
1,-201360,-198960,43909927,0,-200234,39028949621610260447,72253514617,375299581370,0,492947,
1,-201360,-198960,43911727,0,-200234,41812651546939814813,77660240200,375299581370,0,492948,
1,-201360,-198960,43913527,0,-200234,43371129003999421613,80560211195,375299581370,0,492949,
1,-201360,-198960,43915327,0,-200234,45757750173043710097,84197462951,375299581370,0,492950,
1,-201360,-198960,43876030,0,-199975,0,0,375299581370,0,492928,mint
1,-201360,-198960,43916751,0,-200423,48834777262767043477,90243165195,0,0,492950,burn
0,-198480,-196080,43917127,0,-200234,0,0,433424402001,0,492951,
0,-201840,-199440,43917127,0,-200234,404524543532612799,2013836371,366400057820,0,492951,
0,-198480,-196080,43918927,0,-200234,0,0,433424402001,0,492952,
0,-201840,-199440,43918927,0,-200234,4343451220180505541,10119527766,366400057820,0,492952,
0,-198480,-196080,43916722,0,-200433,0,0,433424402001,0,492950,mint
0,-201840,-199440,43916722,0,-200433,195155898514602,0,366400057820,0,492950,mint
0,-198480,-196080,43920127,0,-200405,0,0,0,0,492952,burn
0,-201840,-199440,43920127,0,-200405,6001825615411642840,12485785503,0,0,492952,burn
1,-201120,-198720,43935127,1,-200275,156249266852591600226,306925346633,1139490236,2658810548,492961,
0,-201120,-198720,43935127,1,-200275,51554502094551968117,86507795788,1139490236,2658810548,492961,
1,-201120,-198720,43936927,1,-200275,157072076991082747127,306925346633,1139490236,2658810548,492962,
0,-201120,-198720,43936927,1,-200275,52377312233043115018,86507795788,1139490236,2658810548,492962,
1,-201120,-198720,43938727,1,-200275,157641843987022084366,306925346633,1139490236,2658810548,492963,
0,-201120,-198720,43938727,1,-200275,52947079228982452257,86507795788,1139490236,2658810548,492963,
1,-201120,-198720,43940527,1,-200275,157710290356677044921,306925346633,1139490236,2658810548,492964,
0,-201120,-198720,43940527,1,-200275,53015525598637412812,86507795788,1139490236,2658810548,492964,
1,-201120,-198720,43942327,1,-200275,157954321153492588528,306925346633,1139490236,2658810548,492965,
0,-201120,-198720,43942327,1,-200275,53259556395452956419,86507795788,1139490236,2658810548,492965,
1,-201120,-198720,43944127,1,-200275,158060515614315848936,306925346633,1139490236,2658810548,492966,
0,-201120,-198720,43944127,1,-200275,53365750856276216827,86507795788,1139490236,2658810548,492966,
1,-201120,-198720,43945927,1,-200275,158691570914779263497,306925346633,1139490236,2658810548,492967,
0,-201120,-198720,43945927,1,-200275,53996806156739631388,86507795788,1139490236,2658810548,492967,
1,-201120,-198720,43947727,1,-200275,158768214631626596460,306925346633,1139490236,2658810548,492968,
0,-201120,-198720,43947727,1,-200275,54073449873586964351,86507795788,1139490236,2658810548,492968,
1,-201120,-198720,43949527,1,-200275,159351221046389323430,306925346633,1139490236,2658810548,492969,
0,-201120,-198720,43949527,1,-200275,54656456288349691321,86507795788,1139490236,2658810548,492969,
1,-201120,-198720,43951327,1,-200275,159885894279469148677,306925346633,1139490236,2658810548,492970,
0,-201120,-198720,43951327,1,-200275,55191129521429516568,86507795788,1139490236,2658810548,492970,
1,-201120,-198720,43953127,1,-200275,160770672619796942222,306925346633,1139490236,2658810548,492971,
0,-201120,-198720,43953127,1,-200275,56075907861757310113,86507795788,1139490236,2658810548,492971,
1,-201120,-198720,43954927,1,-200275,160906317225304394845,306925346633,1139490236,2658810548,492972,
0,-201120,-198720,43954927,1,-200275,56211552467264762736,86507795788,1139490236,2658810548,492972,
1,-201120,-198720,43956727,1,-200275,161804900586251908665,306925346633,1139490236,2658810548,492973,
0,-201120,-198720,43956727,1,-200275,57110135828212276556,86507795788,1139490236,2658810548,492973,
1,-201120,-198720,43958527,1,-200275,165383040387868824664,327835613050,1139490236,2658810548,492974,
0,-201120,-198720,43958527,1,-200275,60688275629829192555,107418062205,1139490236,2658810548,492974,
1,-201120,-198720,43960327,1,-200275,167714450030471069089,327835613050,1139490236,2658810548,492975,
0,-201120,-198720,43960327,1,-200275,63019685272431436980,107418062205,1139490236,2658810548,492975,
1,-201120,-198720,43962127,1,-200275,169702007739177005400,327835613050,1139490236,2658810548,492976,
0,-201120,-198720,43962127,1,-200275,65007242981137373291,107418062205,1139490236,2658810548,492976,
1,-201120,-198720,43963927,1,-200275,170629241238925839230,327835613050,1139490236,2658810548,492977,
0,-201120,-198720,43963927,1,-200275,65934476480886207121,107418062205,1139490236,2658810548,492977,
1,-201120,-198720,43965727,1,-200275,171447908133587930743,327835613050,1139490236,2658810548,492978,
0,-201120,-198720,43965727,1,-200275,66753143375548298634,107418062205,1139490236,2658810548,492978,
1,-201120,-198720,43967527,1,-200275,171576174384307790373,327835613050,1139490236,2658810548,492979,
0,-201120,-198720,43967527,1,-200275,66881409626268158264,107418062205,1139490236,2658810548,492979,
1,-201120,-198720,43969327,1,-200275,171863177597804747241,327835613050,1139490236,2658810548,492980,
0,-201120,-198720,43969327,1,-200275,67168412839765115132,107418062205,1139490236,2658810548,492980,
1,-201120,-198720,43971127,1,-200275,172305789849145920527,327835613050,1139490236,2658810548,492981,
0,-201120,-198720,43971127,1,-200275,67611025091106288418,107418062205,1139490236,2658810548,492981,
1,-201120,-198720,43972927,1,-200275,173832509604647078741,327835613050,1139490236,2658810548,492982,
0,-201120,-198720,43972927,1,-200275,69137744846607446632,107418062205,1139490236,2658810548,492982,
1,-201120,-198720,43974727,1,-200275,174575525643731879320,327835613050,1139490236,2658810548,492983,
0,-201120,-198720,43974727,1,-200275,69880760885692247211,107418062205,1139490236,2658810548,492983,
1,-201120,-198720,43976527,1,-200341,176877205362285263607,348745879468,1139490236,2658810548,492984,
0,-201120,-198720,43976527,1,-200341,72182440604245631498,128328328623,1139490236,2658810548,492984,
1,-201120,-198720,43978327,1,-200341,177590170630193291893,348745879468,1139490236,2658810548,492985,
0,-201120,-198720,43978327,1,-200341,72895405872153659784,128328328623,1139490236,2658810548,492985,
1,-201120,-198720,43980127,1,-200341,178338037328330322787,348745879468,1139490236,2658810548,492986,
0,-201120,-198720,43980127,1,-200341,73643272570290690678,128328328623,1139490236,2658810548,492986,
1,-201120,-198720,43981927,1,-200341,178714309689345181405,348745879468,1139490236,2658810548,492987,
0,-201120,-198720,43981927,1,-200341,74019544931305549296,128328328623,1139490236,2658810548,492987,
1,-201120,-198720,43983727,1,-200341,179524216227891605753,348745879468,1139490236,2658810548,492988,
0,-201120,-198720,43983727,1,-200341,74829451469851973644,128328328623,1139490236,2658810548,492988,
1,-201120,-198720,43985527,1,-200341,180155392389694914230,348745879468,1139490236,2658810548,492989,
0,-201120,-198720,43985527,1,-200341,75460627631655282121,128328328623,1139490236,2658810548,492989,
1,-201120,-198720,43987327,1,-200341,180946454010658308414,348745879468,1139490236,2658810548,492990,
0,-201120,-198720,43987327,1,-200341,76251689252618676305,128328328623,1139490236,2658810548,492990,
1,-201120,-198720,43989127,1,-200341,181557728115449576895,348745879468,1139490236,2658810548,492991,
0,-201120,-198720,43989127,1,-200341,76862963357409944786,128328328623,1139490236,2658810548,492991,
1,-201120,-198720,43990927,1,-200341,182905789174600898883,348745879468,1139490236,2658810548,492992,
0,-201120,-198720,43990927,1,-200341,78211024416561266774,128328328623,1139490236,2658810548,492992,
1,-201120,-198720,43992727,1,-200341,183186773409730073052,348745879468,1139490236,2658810548,492993,
0,-201120,-198720,43992727,1,-200341,78492008651690440943,128328328623,1139490236,2658810548,492993,
1,-201120,-198720,43994527,1,-200341,183990434574454210993,348745879468,1139490236,2658810548,492994,
0,-201120,-198720,43994527,1,-200341,79295669816414578884,128328328623,1139490236,2658810548,492994,
1,-201120,-198720,43996327,1,-200341,184573013897025357817,348745879468,1139490236,2658810548,492995,
0,-201120,-198720,43996327,1,-200341,79878249138985725708,128328328623,1139490236,2658810548,492995,
1,-201120,-198720,43998127,1,-200341,185195992230700166281,348745879468,1139490236,2658810548,492996,
0,-201120,-198720,43998127,1,-200341,80501227472660534172,128328328623,1139490236,2658810548,492996,
1,-201120,-198720,43999927,1,-200341,185710644761916297885,348745879468,1139490236,2658810548,492997,
0,-201120,-198720,43999927,1,-200341,81015880003876665776,128328328623,1139490236,2658810548,492997,
1,-201120,-198720,44001727,1,-200341,187898803710511942258,369656145885,1139490236,2658810548,492998,
0,-201120,-198720,44001727,1,-200341,83204038952472310149,149238595040,1139490236,2658810548,492998,
1,-201120,-198720,44003527,1,-200341,189663302030438972689,369656145885,1139490236,2658810548,492999,
0,-201120,-198720,44003527,1,-200341,84968537272399340580,149238595040,1139490236,2658810548,492999,
1,-201120,-198720,44005327,1,-200341,191278157931582459649,369656145885,1139490236,2658810548,493000,
0,-201120,-198720,44005327,1,-200341,86583393173542827540,149238595040,1139490236,2658810548,493000,
1,-201120,-198720,44007127,1,-200341,192034489189206413878,369656145885,1139490236,2658810548,493001,
0,-201120,-198720,44007127,1,-200341,87339724431166781769,149238595040,1139490236,2658810548,493001,
1,-201120,-198720,44008927,1,-200341,193105923420006266478,369656145885,1139490236,2658810548,493002,
0,-201120,-198720,44008927,1,-200341,88411158661966634369,149238595040,1139490236,2658810548,493002,
1,-201120,-198720,44010727,1,-200341,193829853738879971436,369656145885,1139490236,2658810548,493003,
0,-201120,-198720,44010727,1,-200341,89135088980840339327,149238595040,1139490236,2658810548,493003,
1,-201120,-198720,44012527,1,-200341,194753970563419257131,369656145885,1139490236,2658810548,493004,
0,-201120,-198720,44012527,1,-200341,90059205805379625022,149238595040,1139490236,2658810548,493004,
1,-201120,-198720,44014327,1,-200341,195490675319522022925,369656145885,1139490236,2658810548,493005,
0,-201120,-198720,44014327,1,-200341,90795910561482390816,149238595040,1139490236,2658810548,493005,
1,-201120,-198720,44016127,1,-200341,195687069455629036149,369656145885,1139490236,2658810548,493006,
0,-201120,-198720,44016127,1,-200341,90992304697589404040,149238595040,1139490236,2658810548,493006,
1,-201120,-198720,44017927,1,-200341,207354671853781094884,390566412303,1139490236,2658810548,493007,
0,-201120,-198720,44017927,1,-200341,102659907095741462775,170148861458,1139490236,2658810548,493007,
1,-201120,-198720,44019727,1,-200099,213165948942532512011,411476678721,1139490236,2658810548,493008,
0,-201120,-198720,44019727,1,-200099,108471184184492879902,191059127876,1139490236,2658810548,493008,
1,-201120,-198720,44021527,1,-200099,220538198831473012009,432386945138,1139490236,2658810548,493009,
0,-201120,-198720,44021527,1,-200099,115843434073433379900,211969394293,1139490236,2658810548,493009,
1,-201120,-198720,44023327,1,-200099,223276665619348945500,432386945138,1139490236,2658810548,493010,
0,-201120,-198720,44023327,1,-200099,118581900861309313391,211969394293,1139490236,2658810548,493010,
1,-201120,-198720,44025127,1,-200099,227192354770550964564,453297211556,1139490236,2658810548,493011,
0,-201120,-198720,44025127,1,-200099,122497590012511332455,232879660711,1139490236,2658810548,493011,
1,-201120,-198720,44026927,1,-200099,228227957712484488853,453297211556,1139490236,2658810548,493012,
0,-201120,-198720,44026927,1,-200099,123533192954444856744,232879660711,1139490236,2658810548,493012,
1,-201120,-198720,44028727,1,-200099,229939185957737680929,453297211556,1139490236,2658810548,493013,
0,-201120,-198720,44028727,1,-200099,125244421199698048820,232879660711,1139490236,2658810548,493013,
1,-201120,-198720,44030527,1,-200099,231881934052844484363,453297211556,1139490236,2658810548,493014,
0,-201120,-198720,44030527,1,-200099,127187169294804852254,232879660711,1139490236,2658810548,493014,
1,-201120,-198720,44032327,1,-200099,232995384599304070394,453297211556,1139490236,2658810548,493015,
0,-201120,-198720,44032327,1,-200099,128300619841264438285,232879660711,1139490236,2658810548,493015,
1,-201120,-198720,44034127,1,-200099,234802654743726769736,453297211556,1139490236,2658810548,493016,
0,-201120,-198720,44034127,1,-200099,130107889985687137627,232879660711,1139490236,2658810548,493016,
1,-201120,-198720,44035927,1,-200099,236834970041288991855,474207477973,1139490236,2658810548,493017,
0,-201120,-198720,44035927,1,-200099,132140205283249359746,253789927128,1139490236,2658810548,493017,
1,-201120,-198720,44037727,1,-200099,238020668422927997624,474207477973,1139490236,2658810548,493018,
0,-201120,-198720,44037727,1,-200099,133325903664888365515,253789927128,1139490236,2658810548,493018,
1,-201120,-198720,44039527,1,-200099,238808860653492498596,474207477973,1139490236,2658810548,493019,
0,-201120,-198720,44039527,1,-200099,134114095895452866487,253789927128,1139490236,2658810548,493019,
1,-201120,-198720,44041327,1,-200099,242513871761046287540,474207477973,1139490236,2658810548,493020,
0,-201120,-198720,44041327,1,-200099,137819107003006655431,253789927128,1139490236,2658810548,493020,
1,-201120,-198720,44043127,1,-200099,243981200379585173818,474207477973,1139490236,2658810548,493021,
0,-201120,-198720,44043127,1,-200099,139286435621545541709,253789927128,1139490236,2658810548,493021,
1,-201120,-198720,44044927,1,-200099,248934871538282383316,495117744391,1139490236,2658810548,493022,
0,-201120,-198720,44044927,1,-200099,144240106780242751207,274700193546,1139490236,2658810548,493022,
1,-201120,-198720,44046727,1,-200099,253860301521168868862,495117744391,1139490236,2658810548,493023,
0,-201120,-198720,44046727,1,-200099,149165536763129236753,274700193546,1139490236,2658810548,493023,
1,-201120,-198720,44048527,1,-200099,256849048996300178576,516028010809,1139490236,2658810548,493024,
0,-201120,-198720,44048527,1,-200099,152154284238260546467,295610459964,1139490236,2658810548,493024,
1,-201120,-198720,44050327,1,-200099,259143097889509243374,516028010809,1139490236,2658810548,493025,
0,-201120,-198720,44050327,1,-200099,154448333131469611265,295610459964,1139490236,2658810548,493025,
1,-201120,-198720,44052127,1,-200099,263712310694273886621,516028010809,1139490236,2658810548,493026,
0,-201120,-198720,44052127,1,-200099,159017545936234254512,295610459964,1139490236,2658810548,493026,
1,-201120,-198720,44053927,1,-200099,266983407489456912811,516028010809,1139490236,2658810548,493027,
0,-201120,-198720,44053927,1,-200099,162288642731417280702,295610459964,1139490236,2658810548,493027,
1,-201120,-198720,44055727,1,-200099,269864791619872216456,536938277226,1139490236,2658810548,493028,
0,-201120,-198720,44055727,1,-200099,165170026861832584347,316520726381,1139490236,2658810548,493028,
1,-201120,-198720,44057527,1,-200099,271012807024912546880,536938277226,1139490236,2658810548,493029,
0,-201120,-198720,44057527,1,-200099,166318042266872914771,316520726381,1139490236,2658810548,493029,
1,-201120,-198720,44059327,1,-200099,273236007084316863646,536938277226,1139490236,2658810548,493030,
0,-201120,-198720,44059327,1,-200099,168541242326277231537,316520726381,1139490236,2658810548,493030,
1,-201120,-198720,44061127,1,-200099,275860225320412391522,536938277226,1139490236,2658810548,493031,
0,-201120,-198720,44061127,1,-200099,171165460562372759413,316520726381,1139490236,2658810548,493031,
1,-201120,-198720,44062927,1,-199970,278300293615094148683,557848543644,1139490236,2658810548,493032,
0,-201120,-198720,44062927,1,-199970,173605528857054516574,337430992799,1139490236,2658810548,493032,
1,-201120,-198720,44064727,1,-199970,281712752154456671669,557848543644,1139490236,2658810548,493033,
0,-201120,-198720,44064727,1,-199970,177017987396417039560,337430992799,1139490236,2658810548,493033,
1,-201120,-198720,44066527,1,-199970,287360918919120010123,578758810062,1139490236,2658810548,493034,
0,-201120,-198720,44066527,1,-199970,182666154161080378014,358341259217,1139490236,2658810548,493034,
1,-201120,-198720,44068327,1,-199970,289781719992478166613,578758810062,1139490236,2658810548,493035,
0,-201120,-198720,44068327,1,-199970,185086955234438534504,358341259217,1139490236,2658810548,493035,
1,-201120,-198720,44070127,1,-199970,291409717368757143114,578758810062,1139490236,2658810548,493036,
0,-201120,-198720,44070127,1,-199970,186714952610717511005,358341259217,1139490236,2658810548,493036,
1,-201120,-198720,44071927,1,-199970,293637907872344692069,578758810062,1139490236,2658810548,493037,
0,-201120,-198720,44071927,1,-199970,188943143114305059960,358341259217,1139490236,2658810548,493037,
1,-201120,-198720,44073727,1,-199970,294839596982931520409,578758810062,1139490236,2658810548,493038,
0,-201120,-198720,44073727,1,-199970,190144832224891888300,358341259217,1139490236,2658810548,493038,
1,-201120,-198720,44075527,1,-199970,295848667096910374909,578758810062,1139490236,2658810548,493039,
0,-201120,-198720,44075527,1,-199970,191153902338870742800,358341259217,1139490236,2658810548,493039,
1,-201120,-198720,44077327,1,-199970,298063222141228584172,599669076479,1139490236,2658810548,493040,
0,-201120,-198720,44077327,1,-199970,193368457383188952063,379251525634,1139490236,2658810548,493040,
1,-201120,-198720,44079127,1,-199970,300834065862868919491,599669076479,1139490236,2658810548,493041,
0,-201120,-198720,44079127,1,-199970,196139301104829287382,379251525634,1139490236,2658810548,493041,
1,-201120,-198720,44080927,1,-199970,305020666230199812257,599669076479,1139490236,2658810548,493042,
0,-201120,-198720,44080927,1,-199970,200325901472160180148,379251525634,1139490236,2658810548,493042,
1,-201120,-198720,44082727,1,-199970,306013579880459218030,599669076479,1139490236,2658810548,493043,
0,-201120,-198720,44082727,1,-199970,201318815122419585921,379251525634,1139490236,2658810548,493043,
1,-201120,-198720,44084527,1,-199970,309308229079683343168,620579342897,1139490236,2658810548,493044,
0,-201120,-198720,44084527,1,-199970,204613464321643711059,400161792052,1139490236,2658810548,493044,
1,-201120,-198720,44086327,1,-199970,312330688065422893690,620579342897,1139490236,2658810548,493045,
0,-201120,-198720,44086327,1,-199970,207635923307383261581,400161792052,1139490236,2658810548,493045,
1,-201120,-198720,44088127,1,-199970,315702930516692376487,641489609314,1139490236,2658810548,493046,
0,-201120,-198720,44088127,1,-199970,211008165758652744378,421072058469,1139490236,2658810548,493046,
1,-201120,-198720,44089927,1,-199970,324689545103707946839,641489609314,1139490236,2658810548,493047,
0,-201120,-198720,44089927,1,-199970,219994780345668314730,421072058469,1139490236,2658810548,493047,
1,-201120,-198720,44091727,1,-199970,330501062597792367487,662399875732,1139490236,2658810548,493048,
0,-201120,-198720,44091727,1,-199970,225806297839752735378,441982324887,1139490236,2658810548,493048,
1,-201120,-198720,44093527,1,-199970,339257325863372543042,683310142150,1139490236,2658810548,493049,
0,-201120,-198720,44093527,1,-199970,234562561105332910933,462892591305,1139490236,2658810548,493049,
1,-201120,-198720,44095327,1,-199970,347038261493686669419,704220408567,1139490236,2658810548,493050,
0,-201120,-198720,44095327,1,-199970,242343496735647037310,483802857722,1139490236,2658810548,493050,
1,-201120,-198720,44097127,1,-199970,351002833892039972448,704220408567,1139490236,2658810548,493051,
0,-201120,-198720,44097127,1,-199970,246308069134000340339,483802857722,1139490236,2658810548,493051,
1,-201120,-198720,44098927,1,-199970,354431012309669410410,725130674985,1139490236,2658810548,493052,
0,-201120,-198720,44098927,1,-199970,249736247551629778301,504713124140,1139490236,2658810548,493052,
1,-201120,-198720,44100727,1,-199970,356395918888637380571,725130674985,1139490236,2658810548,493053,
0,-201120,-198720,44100727,1,-199970,251701154130597748462,504713124140,1139490236,2658810548,493053,
1,-201120,-198720,44102527,1,-199970,358191193482344809474,725130674985,1139490236,2658810548,493054,
0,-201120,-198720,44102527,1,-199970,253496428724305177365,504713124140,1139490236,2658810548,493054,
1,-201120,-198720,44104327,1,-199970,360160712176045717598,725130674985,1139490236,2658810548,493055,
0,-201120,-198720,44104327,1,-199970,255465947418006085489,504713124140,1139490236,2658810548,493055,
1,-201120,-198720,44106127,1,-199693,361681693610774950578,725130674985,1139490236,2658810548,493056,
0,-201120,-198720,44106127,1,-199693,256986928852735318469,504713124140,1139490236,2658810548,493056,
1,-201120,-198720,44107927,1,-199693,364212924331226861194,746040941403,1139490236,2658810548,493057,
0,-201120,-198720,44107927,1,-199693,259518159573187229085,525623390558,1139490236,2658810548,493057,
1,-201120,-198720,44109727,1,-199693,366739968544508498340,746040941403,1139490236,2658810548,493058,
0,-201120,-198720,44109727,1,-199693,262045203786468866231,525623390558,1139490236,2658810548,493058,
1,-201120,-198720,44111527,1,-199693,369272114047295647545,746040941403,1139490236,2658810548,493059,
0,-201120,-198720,44111527,1,-199693,264577349289256015436,525623390558,1139490236,2658810548,493059,
1,-201120,-198720,44113327,1,-199693,370705570397098074255,746040941403,1139490236,2658810548,493060,
0,-201120,-198720,44113327,1,-199693,266010805639058442146,525623390558,1139490236,2658810548,493060,
1,-201120,-198720,44115127,1,-199693,371773675462561042739,746040941403,1139490236,2658810548,493061,
0,-201120,-198720,44115127,1,-199693,267078910704521410630,525623390558,1139490236,2658810548,493061,
1,-201120,-198720,44116927,1,-199693,374604059787748003232,766951207820,1139490236,2658810548,493062,
0,-201120,-198720,44116927,1,-199693,269909295029708371123,546533656975,1139490236,2658810548,493062,
1,-201120,-198720,44118727,1,-199693,377076111359518583870,766951207820,1139490236,2658810548,493063,
0,-201120,-198720,44118727,1,-199693,272381346601478951761,546533656975,1139490236,2658810548,493063,
1,-201120,-198720,44120527,1,-199693,379814239380168285296,766951207820,1139490236,2658810548,493064,
0,-201120,-198720,44120527,1,-199693,275119474622128653187,546533656975,1139490236,2658810548,493064,
1,-201120,-198720,44122327,1,-199693,381462374681264492688,787861474238,1139490236,2658810548,493065,
0,-201120,-198720,44122327,1,-199693,276767609923224860579,567443923393,1139490236,2658810548,493065,
1,-201120,-198720,44124127,1,-199693,382873997346374017759,787861474238,1139490236,2658810548,493066,
0,-201120,-198720,44124127,1,-199693,278179232588334385650,567443923393,1139490236,2658810548,493066,
1,-201120,-198720,44125927,1,-199693,384129271544798266089,787861474238,1139490236,2658810548,493067,
0,-201120,-198720,44125927,1,-199693,279434506786758633980,567443923393,1139490236,2658810548,493067,
1,-201120,-198720,44127727,1,-199693,386176293262744939786,787861474238,1139490236,2658810548,493068,
0,-201120,-198720,44127727,1,-199693,281481528504705307677,567443923393,1139490236,2658810548,493068,
1,-201120,-198720,44129527,1,-199693,389861706850406795134,787861474238,1139490236,2658810548,493069,
0,-201120,-198720,44129527,1,-199693,285166942092367163025,567443923393,1139490236,2658810548,493069,
1,-201120,-198720,44131327,1,-199693,394973074163370164209,808771740655,1139490236,2658810548,493070,
0,-201120,-198720,44131327,1,-199693,290278309405330532100,588354189810,1139490236,2658810548,493070,
1,-201120,-198720,44133127,1,-199693,407567097404677001902,829682007073,1139490236,2658810548,493071,
0,-201120,-198720,44133127,1,-199693,302872332646637369793,609264456228,1139490236,2658810548,493071,
1,-201120,-198720,44134927,1,-199693,409324756561946284413,829682007073,1139490236,2658810548,493072,
0,-201120,-198720,44134927,1,-199693,304629991803906652304,609264456228,1139490236,2658810548,493072,
1,-201120,-198720,44136727,1,-199693,411983399160542496610,850592273491,1139490236,2658810548,493073,
0,-201120,-198720,44136727,1,-199693,307288634402502864501,630174722646,1139490236,2658810548,493073,
1,-201120,-198720,44138527,1,-199693,416394787798389971534,850592273491,1139490236,2658810548,493074,
0,-201120,-198720,44138527,1,-199693,311700023040350339425,630174722646,1139490236,2658810548,493074,
1,-201120,-198720,44140327,1,-199693,418854277987636020595,850592273491,1139490236,2658810548,493075,
0,-201120,-198720,44140327,1,-199693,314159513229596388486,630174722646,1139490236,2658810548,493075,
1,-201120,-198720,44142127,1,-199693,420305879221122347966,850592273491,1139490236,2658810548,493076,
0,-201120,-198720,44142127,1,-199693,315611114463082715857,630174722646,1139490236,2658810548,493076,
1,-201120,-198720,44143927,1,-199693,421862167264312958020,871502539908,1139490236,2658810548,493077,
0,-201120,-198720,44143927,1,-199693,317167402506273325911,651084989063,1139490236,2658810548,493077,
1,-201120,-198720,44145727,1,-199693,423408963698461009881,871502539908,1139490236,2658810548,493078,
0,-201120,-198720,44145727,1,-199693,318714198940421377772,651084989063,1139490236,2658810548,493078,
1,-201120,-198720,44147527,1,-199693,425600982703147615643,871502539908,1139490236,2658810548,493079,
0,-201120,-198720,44147527,1,-199693,320906217945107983534,651084989063,1139490236,2658810548,493079,
1,-201120,-198720,44149327,1,-199987,426652607509415658359,871502539908,1139490236,2658810548,493080,
0,-201120,-198720,44149327,1,-199987,321957842751376026250,651084989063,1139490236,2658810548,493080,
1,-201120,-198720,44151127,1,-199987,428523509894676519547,871502539908,1139490236,2658810548,493081,
0,-201120,-198720,44151127,1,-199987,323828745136636887438,651084989063,1139490236,2658810548,493081,
1,-201120,-198720,44152927,1,-199987,444491537590852521844,913323072744,1139490236,2658810548,493082,
0,-201120,-198720,44152927,1,-199987,339796772832812889735,692905521899,1139490236,2658810548,493082,
1,-201120,-198720,44154727,1,-199987,449689344934108019817,913323072744,1139490236,2658810548,493083,
0,-201120,-198720,44154727,1,-199987,344994580176068387708,692905521899,1139490236,2658810548,493083,
1,-201120,-198720,44156527,1,-199987,453366724170104228203,913323072744,1139490236,2658810548,493084,
0,-201120,-198720,44156527,1,-199987,348671959412064596094,692905521899,1139490236,2658810548,493084,
1,-201120,-198720,44158327,1,-199987,455221238928650393736,913323072744,1139490236,2658810548,493085,
0,-201120,-198720,44158327,1,-199987,350526474170610761627,692905521899,1139490236,2658810548,493085,
1,-201120,-198720,44160127,1,-199987,456299303031251420171,934233339161,1139490236,2658810548,493086,
0,-201120,-198720,44160127,1,-199987,351604538273211788062,713815788316,1139490236,2658810548,493086,
1,-201120,-198720,44161927,1,-199987,457091266072889812077,934233339161,1139490236,2658810548,493087,
0,-201120,-198720,44161927,1,-199987,352396501314850179968,713815788316,1139490236,2658810548,493087,
1,-201120,-198720,44163727,1,-199987,457787121389840014009,934233339161,1139490236,2658810548,493088,
0,-201120,-198720,44163727,1,-199987,353092356631800381900,713815788316,1139490236,2658810548,493088,
1,-201120,-198720,44165527,1,-199987,458959481677108405238,934233339161,1139490236,2658810548,493089,
0,-201120,-198720,44165527,1,-199987,354264716919068773129,713815788316,1139490236,2658810548,493089,
1,-201120,-198720,44167327,1,-199987,459992083180310608967,934233339161,1139490236,2658810548,493090,
0,-201120,-198720,44167327,1,-199987,355297318422270976858,713815788316,1139490236,2658810548,493090,
1,-201120,-198720,44169127,1,-199987,461162900059904448319,934233339161,1139490236,2658810548,493091,
0,-201120,-198720,44169127,1,-199987,356468135301864816210,713815788316,1139490236,2658810548,493091,
1,-201120,-198720,44170927,1,-199987,463185069131623641839,934233339161,1139490236,2658810548,493092,
0,-201120,-198720,44170927,1,-199987,358490304373584009730,713815788316,1139490236,2658810548,493092,
1,-201120,-198720,44172727,1,-199987,465776319509825805591,934233339161,1139490236,2658810548,493093,
0,-201120,-198720,44172727,1,-199987,361081554751786173482,713815788316,1139490236,2658810548,493093,
1,-201120,-198720,44174527,1,-199987,469975335264201102023,955143605579,1139490236,2658810548,493094,
0,-201120,-198720,44174527,1,-199987,365280570506161469914,734726054734,1139490236,2658810548,493094,
1,-201120,-198720,44176327,1,-199987,477421866971755997716,976053871996,1139490236,2658810548,493095,
0,-201120,-198720,44176327,1,-199987,372727102213716365607,755636321151,1139490236,2658810548,493095,
1,-201120,-198720,44178127,1,-199987,480794321014011360536,976053871996,1139490236,2658810548,493096,
0,-201120,-198720,44178127,1,-199987,376099556255971728427,755636321151,1139490236,2658810548,493096,
1,-201120,-198720,44179927,1,-199987,482897732722932715456,976053871996,1139490236,2658810548,493097,
0,-201120,-198720,44179927,1,-199987,378202967964893083347,755636321151,1139490236,2658810548,493097,
1,-201120,-198720,44181727,1,-199987,485457145213128457530,976053871996,1139490236,2658810548,493098,
0,-201120,-198720,44181727,1,-199987,380762380455088825421,755636321151,1139490236,2658810548,493098,
1,-201120,-198720,44183527,1,-199987,486762202009262612202,996964138414,1139490236,2658810548,493099,
0,-201120,-198720,44183527,1,-199987,382067437251222980093,776546587569,1139490236,2658810548,493099,
1,-201120,-198720,44185327,1,-199987,487644031834743388214,996964138414,1139490236,2658810548,493100,
0,-201120,-198720,44185327,1,-199987,382949267076703756105,776546587569,1139490236,2658810548,493100,
1,-201120,-198720,44187127,1,-199987,488696415035464132046,996964138414,1139490236,2658810548,493101,
0,-201120,-198720,44187127,1,-199987,384001650277424499937,776546587569,1139490236,2658810548,493101,
1,-201120,-198720,44188927,1,-199987,489977747336064570653,996964138414,1139490236,2658810548,493102,
0,-201120,-198720,44188927,1,-199987,385282982578024938544,776546587569,1139490236,2658810548,493102,
1,-201120,-198720,44190727,1,-199987,490786084600936884512,996964138414,1139490236,2658810548,493103,
0,-201120,-198720,44190727,1,-199987,386091319842897252403,776546587569,1139490236,2658810548,493103,
1,-201120,-198720,44192527,1,-200039,491507526430824759853,996964138414,1139490236,2658810548,493104,
0,-201120,-198720,44192527,1,-200039,386812761672785127744,776546587569,1139490236,2658810548,493104,
1,-201120,-198720,44194327,1,-200039,492503858073232791846,996964138414,1139490236,2658810548,493105,
0,-201120,-198720,44194327,1,-200039,387809093315193159737,776546587569,1139490236,2658810548,493105,
1,-201120,-198720,44196127,1,-200039,494203239397944410014,996964138414,1139490236,2658810548,493106,
0,-201120,-198720,44196127,1,-200039,389508474639904777905,776546587569,1139490236,2658810548,493106,
1,-201120,-198720,44197927,1,-200039,496713068565269205784,1017874404832,1139490236,2658810548,493107,
0,-201120,-198720,44197927,1,-200039,392018303807229573675,797456853987,1139490236,2658810548,493107,
1,-201120,-198720,44199727,1,-200039,497358560104564689694,1017874404832,1139490236,2658810548,493108,
0,-201120,-198720,44199727,1,-200039,392663795346525057585,797456853987,1139490236,2658810548,493108,
1,-201120,-198720,44201527,1,-200039,497992991806656825803,1017874404832,1139490236,2658810548,493109,
0,-201120,-198720,44201527,1,-200039,393298227048617193694,797456853987,1139490236,2658810548,493109,
1,-201120,-198720,44203327,1,-200039,498995129372728111237,1017874404832,1139490236,2658810548,493110,
0,-201120,-198720,44203327,1,-200039,394300364614688479128,797456853987,1139490236,2658810548,493110,
1,-201120,-198720,44205127,1,-200039,499690896824738826276,1017874404832,1139490236,2658810548,493111,
0,-201120,-198720,44205127,1,-200039,394996132066699194167,797456853987,1139490236,2658810548,493111,
1,-201120,-198720,44206927,1,-200039,500587481017844949499,1017874404832,1139490236,2658810548,493112,
0,-201120,-198720,44206927,1,-200039,395892716259805317390,797456853987,1139490236,2658810548,493112,
1,-201120,-198720,44208727,1,-200039,501607666841259019713,1017874404832,1139490236,2658810548,493113,
0,-201120,-198720,44208727,1,-200039,396912902083219387604,797456853987,1139490236,2658810548,493113,
1,-201120,-198720,44210527,1,-200039,502110293522783841727,1017874404832,1139490236,2658810548,493114,
0,-201120,-198720,44210527,1,-200039,397415528764744209618,797456853987,1139490236,2658810548,493114,
1,-201120,-198720,44212327,1,-200039,502631878643728075232,1017874404832,1139490236,2658810548,493115,
0,-201120,-198720,44212327,1,-200039,397937113885688443123,797456853987,1139490236,2658810548,493115,
1,-201120,-198720,44214127,1,-200039,502898462542952619127,1017874404832,1139490236,2658810548,493116,
0,-201120,-198720,44214127,1,-200039,398203697784912987018,797456853987,1139490236,2658810548,493116,
1,-201120,-198720,44215927,1,-200039,506387423090286962780,1017874404832,1139490236,2658810548,493117,
0,-201120,-198720,44215927,1,-200039,401692658332247330671,797456853987,1139490236,2658810548,493117,
1,-201120,-198720,44217727,1,-200039,507706638541466492729,1038784671249,1139490236,2658810548,493118,
0,-201120,-198720,44217727,1,-200039,403011873783426860620,818367120404,1139490236,2658810548,493118,
1,-201120,-198720,44219527,1,-200039,508699269129449403010,1038784671249,1139490236,2658810548,493119,
0,-201120,-198720,44219527,1,-200039,404004504371409770901,818367120404,1139490236,2658810548,493119,
1,-201120,-198720,44221327,1,-200039,509351354595798088844,1038784671249,1139490236,2658810548,493120,
0,-201120,-198720,44221327,1,-200039,404656589837758456735,818367120404,1139490236,2658810548,493120,
1,-201120,-198720,44223127,1,-200039,509679969030363470346,1038784671249,1139490236,2658810548,493121,
0,-201120,-198720,44223127,1,-200039,404985204272323838237,818367120404,1139490236,2658810548,493121,
1,-201120,-198720,44224927,1,-200039,510550520422715768627,1038784671249,1139490236,2658810548,493122,
0,-201120,-198720,44224927,1,-200039,405855755664676136518,818367120404,1139490236,2658810548,493122,
1,-201120,-198720,44226727,1,-200039,511043657565314407794,1038784671249,1139490236,2658810548,493123,
0,-201120,-198720,44226727,1,-200039,406348892807274775685,818367120404,1139490236,2658810548,493123,
1,-201120,-198720,44228527,1,-200039,511415079497289966690,1038784671249,1139490236,2658810548,493124,
0,-201120,-198720,44228527,1,-200039,406720314739250334581,818367120404,1139490236,2658810548,493124,
1,-201120,-198720,44230327,1,-200039,511724750652379089485,1038784671249,1139490236,2658810548,493125,
0,-201120,-198720,44230327,1,-200039,407029985894339457376,818367120404,1139490236,2658810548,493125,
1,-201120,-198720,44232127,1,-200039,512163146327586880745,1038784671249,1139490236,2658810548,493126,
0,-201120,-198720,44232127,1,-200039,407468381569547248636,818367120404,1139490236,2658810548,493126,
1,-201120,-198720,44233927,1,-200039,512684798152280986498,1038784671249,1139490236,2658810548,493127,
0,-201120,-198720,44233927,1,-200039,407990033394241354389,818367120404,1139490236,2658810548,493127,
1,-201120,-198720,44235727,1,-200027,512904393462684081697,1038784671249,1139490236,2658810548,493128,
0,-201120,-198720,44235727,1,-200027,408209628704644449588,818367120404,1139490236,2658810548,493128,
1,-201120,-198720,44237527,1,-200027,512970067486486593274,1038784671249,1139490236,2658810548,493129,
0,-201120,-198720,44237527,1,-200027,408275302728446961165,818367120404,1139490236,2658810548,493129,
1,-201120,-198720,44239327,1,-200027,513160314422472150876,1038784671249,1139490236,2658810548,493130,
0,-201120,-198720,44239327,1,-200027,408465549664432518767,818367120404,1139490236,2658810548,493130,
1,-201120,-198720,44241127,1,-200027,513377939797586307328,1038784671249,1139490236,2658810548,493131,
0,-201120,-198720,44241127,1,-200027,408683175039546675219,818367120404,1139490236,2658810548,493131,
1,-201120,-198720,44242927,1,-200027,513447330642154819511,1038784671249,1139490236,2658810548,493132,
0,-201120,-198720,44242927,1,-200027,408752565884115187402,818367120404,1139490236,2658810548,493132,
1,-201120,-198720,44244727,1,-200027,513585021965449496428,1038784671249,1139490236,2658810548,493133,
0,-201120,-198720,44244727,1,-200027,408890257207409864319,818367120404,1139490236,2658810548,493133,
1,-201120,-198720,44246527,1,-200027,513981204036633903895,1038784671249,1139490236,2658810548,493134,
0,-201120,-198720,44246527,1,-200027,409286439278594271786,818367120404,1139490236,2658810548,493134,
1,-201120,-198720,44248327,1,-200027,514089982002693595642,1038784671249,1139490236,2658810548,493135,
0,-201120,-198720,44248327,1,-200027,409395217244653963533,818367120404,1139490236,2658810548,493135,
1,-201120,-198720,44250127,1,-200027,514407765588383168839,1038784671249,1139490236,2658810548,493136,
0,-201120,-198720,44250127,1,-200027,409713000830343536730,818367120404,1139490236,2658810548,493136,
1,-201120,-198720,44251927,1,-200027,514670772284690582660,1038784671249,1139490236,2658810548,493137,
0,-201120,-198720,44251927,1,-200027,409976007526650950551,818367120404,1139490236,2658810548,493137,
1,-201120,-198720,44253727,1,-200027,514745656528080470348,1038784671249,1139490236,2658810548,493138,
0,-201120,-198720,44253727,1,-200027,410050891770040838239,818367120404,1139490236,2658810548,493138,
1,-201120,-198720,44255527,1,-200027,514914528111502734398,1038784671249,1139490236,2658810548,493139,
0,-201120,-198720,44255527,1,-200027,410219763353463102289,818367120404,1139490236,2658810548,493139,
1,-201120,-198720,44257327,1,-200027,515071978402856355451,1038784671249,1139490236,2658810548,493140,
0,-201120,-198720,44257327,1,-200027,410377213644816723342,818367120404,1139490236,2658810548,493140,
1,-201120,-198720,44259127,1,-200027,515384405196495059536,1038784671249,1139490236,2658810548,493141,
0,-201120,-198720,44259127,1,-200027,410689640438455427427,818367120404,1139490236,2658810548,493141,
1,-201120,-198720,44260927,1,-200027,515455548258658570076,1038784671249,1139490236,2658810548,493142,
0,-201120,-198720,44260927,1,-200027,410760783500618937967,818367120404,1139490236,2658810548,493142,
1,-201120,-198720,44262727,1,-200027,516020216014298504184,1038784671249,1139490236,2658810548,493143,
0,-201120,-198720,44262727,1,-200027,411325451256258872075,818367120404,1139490236,2658810548,493143,
1,-201120,-198720,44264527,1,-200027,516661320266045572517,1059694937667,1139490236,2658810548,493144,
0,-201120,-198720,44264527,1,-200027,411966555508005940408,839277386822,1139490236,2658810548,493144,
1,-201120,-198720,44266327,1,-200027,517212438859085672502,1059694937667,1139490236,2658810548,493145,
0,-201120,-198720,44266327,1,-200027,412517674101046040393,839277386822,1139490236,2658810548,493145,
1,-201120,-198720,44268127,1,-200027,517404740521490492351,1059694937667,1139490236,2658810548,493146,
0,-201120,-198720,44268127,1,-200027,412709975763450860242,839277386822,1139490236,2658810548,493146,
1,-201120,-198720,44269927,1,-200027,517914780268845160627,1059694937667,1139490236,2658810548,493147,
0,-201120,-198720,44269927,1,-200027,413220015510805528518,839277386822,1139490236,2658810548,493147,
1,-201120,-198720,44271727,1,-200027,519489031548235301368,1059694937667,1139490236,2658810548,493148,
0,-201120,-198720,44271727,1,-200027,414794266790195669259,839277386822,1139490236,2658810548,493148,
1,-201120,-198720,44273527,1,-200027,520078808895456455522,1059694937667,1139490236,2658810548,493149,
0,-201120,-198720,44273527,1,-200027,415384044137416823413,839277386822,1139490236,2658810548,493149,
1,-201120,-198720,44275327,1,-200027,520212555266978515461,1059694937667,1139490236,2658810548,493150,
0,-201120,-198720,44275327,1,-200027,415517790508938883352,839277386822,1139490236,2658810548,493150,
1,-201120,-198720,44277127,1,-200027,520525812971873857011,1059694937667,1139490236,2658810548,493151,
0,-201120,-198720,44277127,1,-200027,415831048213834224902,839277386822,1139490236,2658810548,493151,
1,-201120,-198720,44278927,1,-200019,521401676408306890670,1059694937667,1139490236,2658810548,493152,
0,-201120,-198720,44278927,1,-200019,416706911650267258561,839277386822,1139490236,2658810548,493152,
1,-201120,-198720,44280727,1,-200019,522109396231332723738,1059694937667,1139490236,2658810548,493153,
0,-201120,-198720,44280727,1,-200019,417414631473293091629,839277386822,1139490236,2658810548,493153,
1,-201120,-198720,44282527,1,-200019,522880633748757282860,1059694937667,1139490236,2658810548,493154,
0,-201120,-198720,44282527,1,-200019,418185868990717650751,839277386822,1139490236,2658810548,493154,
1,-201120,-198720,44284327,1,-200019,523172322952958431187,1059694937667,1139490236,2658810548,493155,
0,-201120,-198720,44284327,1,-200019,418477558194918799078,839277386822,1139490236,2658810548,493155,
1,-201120,-198720,44286127,1,-200019,523501853863590631107,1059694937667,1139490236,2658810548,493156,
0,-201120,-198720,44286127,1,-200019,418807089105550998998,839277386822,1139490236,2658810548,493156,
1,-201120,-198720,44287927,1,-200019,523676252908658264985,1059694937667,1139490236,2658810548,493157,
0,-201120,-198720,44287927,1,-200019,418981488150618632876,839277386822,1139490236,2658810548,493157,
1,-201120,-198720,44289727,1,-200019,524231302840887544070,1059694937667,1139490236,2658810548,493158,
0,-201120,-198720,44289727,1,-200019,419536538082847911961,839277386822,1139490236,2658810548,493158,
1,-201120,-198720,44291527,1,-200019,526046275721060773140,1059694937667,1139490236,2658810548,493159,
0,-201120,-198720,44291527,1,-200019,421351510963021141031,839277386822,1139490236,2658810548,493159,
1,-201120,-198720,44293327,1,-200019,527124403997269435289,1059694937667,1139490236,2658810548,493160,
0,-201120,-198720,44293327,1,-200019,422429639239229803180,839277386822,1139490236,2658810548,493160,
1,-201120,-198720,44295127,1,-200019,527177007870855207871,1059694937667,1139490236,2658810548,493161,
0,-201120,-198720,44295127,1,-200019,422482243112815575762,839277386822,1139490236,2658810548,493161,
1,-201120,-198720,44296927,1,-200019,527321839861939108551,1059694937667,1139490236,2658810548,493162,
0,-201120,-198720,44296927,1,-200019,422627075103899476442,839277386822,1139490236,2658810548,493162,
1,-201120,-198720,44298727,1,-200019,527860968403664005934,1080605204085,1139490236,2658810548,493163,
0,-201120,-198720,44298727,1,-200019,423166203645624373825,860187653240,1139490236,2658810548,493163,
1,-201120,-198720,44300527,1,-200019,528234441235480072650,1080605204085,1139490236,2658810548,493164,
0,-201120,-198720,44300527,1,-200019,423539676477440440541,860187653240,1139490236,2658810548,493164,
1,-201120,-198720,44302327,1,-200019,530448854905487032299,1080605204085,1139490236,2658810548,493165,
0,-201120,-198720,44302327,1,-200019,425754090147447400190,860187653240,1139490236,2658810548,493165,
1,-201120,-198720,44304127,1,-200019,531182030050439034551,1080605204085,1139490236,2658810548,493166,
0,-201120,-198720,44304127,1,-200019,426487265292399402442,860187653240,1139490236,2658810548,493166,
1,-201120,-198720,44305927,1,-200019,531879822348098301040,1080605204085,1139490236,2658810548,493167,
0,-201120,-198720,44305927,1,-200019,427185057590058668931,860187653240,1139490236,2658810548,493167,
1,-201120,-198720,44307727,1,-200019,534332789245171106939,1080605204085,1139490236,2658810548,493168,
0,-201120,-198720,44307727,1,-200019,429638024487131474830,860187653240,1139490236,2658810548,493168,
1,-201120,-198720,44309527,1,-200019,535215656491699660955,1080605204085,1139490236,2658810548,493169,
0,-201120,-198720,44309527,1,-200019,430520891733660028846,860187653240,1139490236,2658810548,493169,
1,-201120,-198720,44311327,1,-200019,535974292060682838292,1080605204085,1139490236,2658810548,493170,
0,-201120,-198720,44311327,1,-200019,431279527302643206183,860187653240,1139490236,2658810548,493170,
1,-201120,-198720,44313127,1,-200019,536578425204941153163,1080605204085,1139490236,2658810548,493171,
0,-201120,-198720,44313127,1,-200019,431883660446901521054,860187653240,1139490236,2658810548,493171,
1,-201120,-198720,44314927,1,-200019,537265653907839695108,1101515470502,1139490236,2658810548,493172,
0,-201120,-198720,44314927,1,-200019,432570889149800062999,881097919657,1139490236,2658810548,493172,
1,-201120,-198720,44316727,1,-200019,537844169320132575043,1101515470502,1139490236,2658810548,493173,
0,-201120,-198720,44316727,1,-200019,433149404562092942934,881097919657,1139490236,2658810548,493173,
1,-201120,-198720,44318527,1,-200019,538973757992007961537,1101515470502,1139490236,2658810548,493174,
0,-201120,-198720,44318527,1,-200019,434278993233968329428,881097919657,1139490236,2658810548,493174,
1,-201120,-198720,44320327,1,-200019,541946790042759103229,1101515470502,1139490236,2658810548,493175,
0,-201120,-198720,44320327,1,-200019,437252025284719471120,881097919657,1139490236,2658810548,493175,
1,-201120,-198720,44322127,1,-199645,547314570564092278971,1122425736920,1139490236,2658810548,493176,
0,-201120,-198720,44322127,1,-199645,442619805806052646862,902008186075,1139490236,2658810548,493176,
1,-201120,-198720,44323927,1,-199645,550865128135124089873,1122425736920,1139490236,2658810548,493177,
0,-201120,-198720,44323927,1,-199645,446170363377084457764,902008186075,1139490236,2658810548,493177,
1,-201120,-198720,44325727,1,-199645,552349477459603732051,1122425736920,1139490236,2658810548,493178,
0,-201120,-198720,44325727,1,-199645,447654712701564099942,902008186075,1139490236,2658810548,493178,
1,-201120,-198720,44327527,1,-199645,555373499069552672255,1143336003337,1139490236,2658810548,493179,
0,-201120,-198720,44327527,1,-199645,450678734311513040146,922918452492,1139490236,2658810548,493179,
1,-201120,-198720,44329327,1,-199645,556632838202858241938,1143336003337,1139490236,2658810548,493180,
0,-201120,-198720,44329327,1,-199645,451938073444818609829,922918452492,1139490236,2658810548,493180,
1,-201120,-198720,44331127,1,-199645,557319330718007018294,1143336003337,1139490236,2658810548,493181,
0,-201120,-198720,44331127,1,-199645,452624565959967386185,922918452492,1139490236,2658810548,493181,
1,-201120,-198720,44332927,1,-199645,558042414317462674056,1143336003337,1139490236,2658810548,493182,
0,-201120,-198720,44332927,1,-199645,453347649559423041947,922918452492,1139490236,2658810548,493182,
1,-201120,-198720,44334727,1,-199645,559618936744529499541,1143336003337,1139490236,2658810548,493183,
0,-201120,-198720,44334727,1,-199645,454924171986489867432,922918452492,1139490236,2658810548,493183,
1,-201120,-198720,44336527,1,-199645,560668134015238320039,1143336003337,1139490236,2658810548,493184,
0,-201120,-198720,44336527,1,-199645,455973369257198687930,922918452492,1139490236,2658810548,493184,
1,-201120,-198720,44338327,1,-199645,561737799321140306594,1164246269755,1139490236,2658810548,493185,
0,-201120,-198720,44338327,1,-199645,457043034563100674485,943828718910,1139490236,2658810548,493185,
1,-201120,-198720,44340127,1,-199645,564973354643749552860,1164246269755,1139490236,2658810548,493186,
0,-201120,-198720,44340127,1,-199645,460278589885709920751,943828718910,1139490236,2658810548,493186,
1,-201120,-198720,44341927,1,-199645,565762804124992680408,1164246269755,1139490236,2658810548,493187,
0,-201120,-198720,44341927,1,-199645,461068039366953048299,943828718910,1139490236,2658810548,493187,
1,-201120,-198720,44343727,1,-199645,566639853466275323680,1164246269755,1139490236,2658810548,493188,
0,-201120,-198720,44343727,1,-199645,461945088708235691571,943828718910,1139490236,2658810548,493188,
1,-201120,-198720,44345527,1,-199645,567958239009891004210,1164246269755,1139490236,2658810548,493189,
0,-201120,-198720,44345527,1,-199645,463263474251851372101,943828718910,1139490236,2658810548,493189,
1,-201120,-198720,44347327,1,-199645,570437601291737316799,1164246269755,1139490236,2658810548,493190,
0,-201120,-198720,44347327,1,-199645,465742836533697684690,943828718910,1139490236,2658810548,493190,
1,-201120,-198720,44349127,1,-199645,575544066318200670425,1185156536173,1139490236,2658810548,493191,
0,-201120,-198720,44349127,1,-199645,470849301560161038316,964738985328,1139490236,2658810548,493191,
1,-201120,-198720,44350927,1,-199645,578689023813143305733,1185156536173,1139490236,2658810548,493192,
0,-201120,-198720,44350927,1,-199645,473994259055103673624,964738985328,1139490236,2658810548,493192,
1,-201120,-198720,44352727,1,-199645,581753624743423226822,1206066802590,1139490236,2658810548,493193,
0,-201120,-198720,44352727,1,-199645,477058859985383594713,985649251745,1139490236,2658810548,493193,
1,-201120,-198720,44354527,1,-199645,584617147261533789475,1206066802590,1139490236,2658810548,493194,
0,-201120,-198720,44354527,1,-199645,479922382503494157366,985649251745,1139490236,2658810548,493194,
1,-201120,-198720,44356327,1,-199645,585772727603668957427,1206066802590,1139490236,2658810548,493195,
0,-201120,-198720,44356327,1,-199645,481077962845629325318,985649251745,1139490236,2658810548,493195,
1,-201120,-198720,44358127,1,-199645,586743421795730322656,1206066802590,1139490236,2658810548,493196,
0,-201120,-198720,44358127,1,-199645,482048657037690690547,985649251745,1139490236,2658810548,493196,
1,-201120,-198720,44359927,1,-199645,587401567998248827202,1206066802590,1139490236,2658810548,493197,
0,-201120,-198720,44359927,1,-199645,482706803240209195093,985649251745,1139490236,2658810548,493197,
1,-201120,-198720,44361727,1,-199645,588310918222656911372,1206066802590,1139490236,2658810548,493198,
0,-201120,-198720,44361727,1,-199645,483616153464617279263,985649251745,1139490236,2658810548,493198,
1,-201120,-198720,44363527,1,-199645,591407141665199152524,1206066802590,1139490236,2658810548,493199,
0,-201120,-198720,44363527,1,-199645,486712376907159520415,985649251745,1139490236,2658810548,493199,
1,-201120,-198720,44365327,1,-199687,595357691241597729217,1226977069008,1139490236,2658810548,493200,
0,-201120,-198720,44365327,1,-199687,490662926483558097108,1006559518163,1139490236,2658810548,493200,
1,-201120,-198720,44367127,1,-199687,597572136402465913821,1226977069008,1139490236,2658810548,493201,
0,-201120,-198720,44367127,1,-199687,492877371644426281712,1006559518163,1139490236,2658810548,493201,
1,-201120,-198720,44368927,1,-199687,600302829150582833458,1226977069008,1139490236,2658810548,493202,
0,-201120,-198720,44368927,1,-199687,495608064392543201349,1006559518163,1139490236,2658810548,493202,
1,-201120,-198720,44370727,1,-199687,601788480034595641175,1226977069008,1139490236,2658810548,493203,
0,-201120,-198720,44370727,1,-199687,497093715276556009066,1006559518163,1139490236,2658810548,493203,
1,-201120,-198720,44372527,1,-199687,602206919683393768529,1226977069008,1139490236,2658810548,493204,
0,-201120,-198720,44372527,1,-199687,497512154925354136420,1006559518163,1139490236,2658810548,493204,
1,-201120,-198720,44374327,1,-199687,602635276276963655141,1247887335426,1139490236,2658810548,493205,
0,-201120,-198720,44374327,1,-199687,497940511518924023032,1027469784581,1139490236,2658810548,493205,
1,-201120,-198720,44376127,1,-199687,603348441886134230765,1247887335426,1139490236,2658810548,493206,
0,-201120,-198720,44376127,1,-199687,498653677128094598656,1027469784581,1139490236,2658810548,493206,
1,-201120,-198720,44377927,1,-199687,604329244832841204195,1247887335426,1139490236,2658810548,493207,
0,-201120,-198720,44377927,1,-199687,499634480074801572086,1027469784581,1139490236,2658810548,493207,
1,-201120,-198720,44379727,1,-199687,605105304822278862663,1247887335426,1139490236,2658810548,493208,
0,-201120,-198720,44379727,1,-199687,500410540064239230554,1027469784581,1139490236,2658810548,493208,
1,-201120,-198720,44381527,1,-199687,606052939026162997773,1247887335426,1139490236,2658810548,493209,
0,-201120,-198720,44381527,1,-199687,501358174268123365664,1027469784581,1139490236,2658810548,493209,
1,-201120,-198720,44383327,1,-199687,607028255599898112023,1247887335426,1139490236,2658810548,493210,
0,-201120,-198720,44383327,1,-199687,502333490841858479914,1027469784581,1139490236,2658810548,493210,
1,-201120,-198720,44385127,1,-199687,611605978109414874274,1247887335426,1139490236,2658810548,493211,
0,-201120,-198720,44385127,1,-199687,506911213351375242165,1027469784581,1139490236,2658810548,493211,
1,-201120,-198720,44386927,1,-199687,613501606382868191950,1247887335426,1139490236,2658810548,493212,
0,-201120,-198720,44386927,1,-199687,508806841624828559841,1027469784581,1139490236,2658810548,493212,
1,-201120,-198720,44388727,1,-199687,617576679795054532485,1268797601843,1139490236,2658810548,493213,
0,-201120,-198720,44388727,1,-199687,512881915037014900376,1048380050998,1139490236,2658810548,493213,
1,-201120,-198720,44390527,1,-199687,620564463390545055008,1268797601843,1139490236,2658810548,493214,
0,-201120,-198720,44390527,1,-199687,515869698632505422899,1048380050998,1139490236,2658810548,493214,
1,-201120,-198720,44392327,1,-199687,624672485506820721116,1268797601843,1139490236,2658810548,493215,
0,-201120,-198720,44392327,1,-199687,519977720748781089007,1048380050998,1139490236,2658810548,493215,
1,-201120,-198720,44394127,1,-199687,626061159363639558619,1289707868261,1139490236,2658810548,493216,
0,-201120,-198720,44394127,1,-199687,521366394605599926510,1069290317416,1139490236,2658810548,493216,
1,-201120,-198720,44395927,1,-199687,627672287675229839892,1289707868261,1139490236,2658810548,493217,
0,-201120,-198720,44395927,1,-199687,522977522917190207783,1069290317416,1139490236,2658810548,493217,
1,-201120,-198720,44397727,1,-199687,629575485360575008470,1289707868261,1139490236,2658810548,493218,
0,-201120,-198720,44397727,1,-199687,524880720602535376361,1069290317416,1139490236,2658810548,493218,
1,-201120,-198720,44399527,1,-199687,631119297439679402975,1289707868261,1139490236,2658810548,493219,
0,-201120,-198720,44399527,1,-199687,526424532681639770866,1069290317416,1139490236,2658810548,493219,
1,-201120,-198720,44401327,1,-199687,634176114105080031988,1310618134679,1139490236,2658810548,493220,
0,-201120,-198720,44401327,1,-199687,529481349347040399879,1090200583834,1139490236,2658810548,493220,
1,-201120,-198720,44403127,1,-199687,636309255591678382123,1310618134679,1139490236,2658810548,493221,
0,-201120,-198720,44403127,1,-199687,531614490833638750014,1090200583834,1139490236,2658810548,493221,
1,-201120,-198720,44404927,1,-199687,639809900398591836920,1310618134679,1139490236,2658810548,493222,
0,-201120,-198720,44404927,1,-199687,535115135640552204811,1090200583834,1139490236,2658810548,493222,
1,-201120,-198720,44406727,1,-199687,648709230619667600789,1352438667514,1139490236,2658810548,493223,
0,-201120,-198720,44406727,1,-199687,544014465861627968680,1132021116669,1139490236,2658810548,493223,
1,-201120,-198720,44408527,1,-199221,661539176597435212972,1373348933931,1139490236,2658810548,493224,
0,-201120,-198720,44408527,1,-199221,556844411839395580863,1152931383086,1139490236,2658810548,493224,
1,-201120,-198720,44410327,1,-199221,665911577228046621685,1394259200349,1139490236,2658810548,493225,
0,-201120,-198720,44410327,1,-199221,561216812470006989576,1173841649504,1139490236,2658810548,493225,
1,-201120,-198720,44412127,1,-199221,667513848180795324397,1394259200349,1139490236,2658810548,493226,
0,-201120,-198720,44412127,1,-199221,562819083422755692288,1173841649504,1139490236,2658810548,493226,
1,-201120,-198720,44413927,1,-199221,669432148410611960185,1394259200349,1139490236,2658810548,493227,
0,-201120,-198720,44413927,1,-199221,564737383652572328076,1173841649504,1139490236,2658810548,493227,
1,-201120,-198720,44415727,1,-199221,670086833106717423418,1394259200349,1139490236,2658810548,493228,
0,-201120,-198720,44415727,1,-199221,565392068348677791309,1173841649504,1139490236,2658810548,493228,
1,-201120,-198720,44417527,1,-199221,671467583561744225918,1394259200349,1139490236,2658810548,493229,
0,-201120,-198720,44417527,1,-199221,566772818803704593809,1173841649504,1139490236,2658810548,493229,
1,-201120,-198720,44419327,1,-199221,672179229872777429195,1394259200349,1139490236,2658810548,493230,
0,-201120,-198720,44419327,1,-199221,567484465114737797086,1173841649504,1139490236,2658810548,493230,
1,-201120,-198720,44421127,1,-199221,673444249802712009206,1415169466767,1139490236,2658810548,493231,
0,-201120,-198720,44421127,1,-199221,568749485044672377097,1194751915922,1139490236,2658810548,493231,
1,-201120,-198720,44422927,1,-199221,674324784048995815122,1415169466767,1139490236,2658810548,493232,
0,-201120,-198720,44422927,1,-199221,569630019290956183013,1194751915922,1139490236,2658810548,493232,
1,-201120,-198720,44424727,1,-199221,675623797882686606070,1415169466767,1139490236,2658810548,493233,
0,-201120,-198720,44424727,1,-199221,570929033124646973961,1194751915922,1139490236,2658810548,493233,
1,-201120,-198720,44426527,1,-199221,676839017483005357587,1415169466767,1139490236,2658810548,493234,
0,-201120,-198720,44426527,1,-199221,572144252724965725478,1194751915922,1139490236,2658810548,493234,
1,-201120,-198720,44428327,1,-199221,678154871065191326242,1415169466767,1139490236,2658810548,493235,
0,-201120,-198720,44428327,1,-199221,573460106307151694133,1194751915922,1139490236,2658810548,493235,
1,-201120,-198720,44430127,1,-199221,679553803645086519206,1415169466767,1139490236,2658810548,493236,
0,-201120,-198720,44430127,1,-199221,574859038887046887097,1194751915922,1139490236,2658810548,493236,
1,-201120,-198720,44431927,1,-199221,680741256356257431512,1436079733184,1139490236,2658810548,493237,
0,-201120,-198720,44431927,1,-199221,576046491598217799403,1215662182339,1139490236,2658810548,493237,
1,-201120,-198720,44433727,1,-199221,686018704882140963659,1436079733184,1139490236,2658810548,493238,
0,-201120,-198720,44433727,1,-199221,581323940124101331550,1215662182339,1139490236,2658810548,493238,
1,-201120,-198720,44435527,1,-199221,692376953598076003045,1436079733184,1139490236,2658810548,493239,
0,-201120,-198720,44435527,1,-199221,587682188840036370936,1215662182339,1139490236,2658810548,493239,
1,-201120,-198720,44437327,1,-199221,694411938216608034467,1456989999602,1139490236,2658810548,493240,
0,-201120,-198720,44437327,1,-199221,589717173458568402358,1236572448757,1139490236,2658810548,493240,
1,-201120,-198720,44439127,1,-199221,695876053721788654489,1456989999602,1139490236,2658810548,493241,
0,-201120,-198720,44439127,1,-199221,591181288963749022380,1236572448757,1139490236,2658810548,493241,
1,-201120,-198720,44440927,1,-199221,697975891970730568091,1456989999602,1139490236,2658810548,493242,
0,-201120,-198720,44440927,1,-199221,593281127212690935982,1236572448757,1139490236,2658810548,493242,
1,-201120,-198720,44442727,1,-199221,701302989700471309031,1456989999602,1139490236,2658810548,493243,
0,-201120,-198720,44442727,1,-199221,596608224942431676922,1236572448757,1139490236,2658810548,493243,
1,-201120,-198720,44444527,1,-199221,702524654012182106247,1477900266020,1139490236,2658810548,493244,
0,-201120,-198720,44444527,1,-199221,597829889254142474138,1257482715175,1139490236,2658810548,493244,
1,-201120,-198720,44446327,1,-199221,703402260904808509273,1477900266020,1139490236,2658810548,493245,
0,-201120,-198720,44446327,1,-199221,598707496146768877164,1257482715175,1139490236,2658810548,493245,
1,-201120,-198720,44448127,1,-199221,704415218718250529273,1477900266020,1139490236,2658810548,493246,
0,-201120,-198720,44448127,1,-199221,599720453960210897164,1257482715175,1139490236,2658810548,493246,
1,-201120,-198720,44449927,1,-199221,707352847701481309353,1477900266020,1139490236,2658810548,493247,
0,-201120,-198720,44449927,1,-199221,602658082943441677244,1257482715175,1139490236,2658810548,493247,
1,-201120,-198720,44451727,1,-199386,708895113570935452018,1477900266020,1139490236,2658810548,493248,
0,-201120,-198720,44451727,1,-199386,604200348812895819909,1257482715175,1139490236,2658810548,493248,
1,-201120,-198720,44453527,1,-199386,710510683871331097395,1477900266020,1139490236,2658810548,493249,
0,-201120,-198720,44453527,1,-199386,605815919113291465286,1257482715175,1139490236,2658810548,493249,
1,-201120,-198720,44455327,1,-199386,712815734052997540623,1477900266020,1139490236,2658810548,493250,
0,-201120,-198720,44455327,1,-199386,608120969294957908514,1257482715175,1139490236,2658810548,493250,
1,-201120,-198720,44457127,1,-199386,713761691901733240547,1498810532437,1139490236,2658810548,493251,
0,-201120,-198720,44457127,1,-199386,609066927143693608438,1278392981592,1139490236,2658810548,493251,
1,-201120,-198720,44458927,1,-199386,714375550891838523931,1498810532437,1139490236,2658810548,493252,
0,-201120,-198720,44458927,1,-199386,609680786133798891822,1278392981592,1139490236,2658810548,493252,
1,-201120,-198720,44460727,1,-199386,714849966341054132042,1498810532437,1139490236,2658810548,493253,
0,-201120,-198720,44460727,1,-199386,610155201583014499933,1278392981592,1139490236,2658810548,493253,
1,-201120,-198720,44462527,1,-199386,715377409264032601135,1498810532437,1139490236,2658810548,493254,
0,-201120,-198720,44462527,1,-199386,610682644505992969026,1278392981592,1139490236,2658810548,493254,
1,-201120,-198720,44464327,1,-199386,715865207430127359012,1498810532437,1139490236,2658810548,493255,
0,-201120,-198720,44464327,1,-199386,611170442672087726903,1278392981592,1139490236,2658810548,493255,
1,-201120,-198720,44466127,1,-199386,716163869162665466919,1498810532437,1139490236,2658810548,493256,
0,-201120,-198720,44466127,1,-199386,611469104404625834810,1278392981592,1139490236,2658810548,493256,
1,-201120,-198720,44467927,1,-199386,716985580215733170216,1498810532437,1139490236,2658810548,493257,
0,-201120,-198720,44467927,1,-199386,612290815457693538107,1278392981592,1139490236,2658810548,493257,
1,-201120,-198720,44469727,1,-199386,717729891750373875221,1498810532437,1139490236,2658810548,493258,
0,-201120,-198720,44469727,1,-199386,613035126992334243112,1278392981592,1139490236,2658810548,493258,
1,-201120,-198720,44471527,1,-199386,718485717105012121247,1498810532437,1139490236,2658810548,493259,
0,-201120,-198720,44471527,1,-199386,613790952346972489138,1278392981592,1139490236,2658810548,493259,
1,-201120,-198720,44473327,1,-199386,719687797802158152592,1498810532437,1139490236,2658810548,493260,
0,-201120,-198720,44473327,1,-199386,614993033044118520483,1278392981592,1139490236,2658810548,493260,
1,-201120,-198720,44475127,1,-199386,721169392930896596296,1498810532437,1139490236,2658810548,493261,
0,-201120,-198720,44475127,1,-199386,616474628172856964187,1278392981592,1139490236,2658810548,493261,
1,-201120,-198720,44476927,1,-199386,724507133860782313707,1519720798855,1139490236,2658810548,493262,
0,-201120,-198720,44476927,1,-199386,619812369102742681598,1299303248010,1139490236,2658810548,493262,
1,-201120,-198720,44478727,1,-199386,726699179484238069116,1519720798855,1139490236,2658810548,493263,
0,-201120,-198720,44478727,1,-199386,622004414726198437007,1299303248010,1139490236,2658810548,493263,
1,-201120,-198720,44480527,1,-199386,731209046652780165196,1540631065273,1139490236,2658810548,493264,
0,-201120,-198720,44480527,1,-199386,626514281894740533087,1320213514428,1139490236,2658810548,493264,
1,-201120,-198720,44482327,1,-199386,736379913794270645062,1540631065273,1139490236,2658810548,493265,
0,-201120,-198720,44482327,1,-199386,631685149036231012953,1320213514428,1139490236,2658810548,493265,
1,-201120,-198720,44484127,1,-199386,739017270306230900580,1540631065273,1139490236,2658810548,493266,
0,-201120,-198720,44484127,1,-199386,634322505548191268471,1320213514428,1139490236,2658810548,493266,
1,-201120,-198720,44485927,1,-199386,742192068549634409480,1561541331690,1139490236,2658810548,493267,
0,-201120,-198720,44485927,1,-199386,637497303791594777371,1341123780845,1139490236,2658810548,493267,
1,-201120,-198720,44487727,1,-199386,744176588163911995120,1561541331690,1139490236,2658810548,493268,
0,-201120,-198720,44487727,1,-199386,639481823405872363011,1341123780845,1139490236,2658810548,493268,
1,-201120,-198720,44489527,1,-199386,745063647730664886708,1561541331690,1139490236,2658810548,493269,
0,-201120,-198720,44489527,1,-199386,640368882972625254599,1341123780845,1139490236,2658810548,493269,
1,-201120,-198720,44491327,1,-199386,746873615905853186763,1561541331690,1139490236,2658810548,493270,
0,-201120,-198720,44491327,1,-199386,642178851147813554654,1341123780845,1139490236,2658810548,493270,
1,-201120,-198720,44493127,1,-199386,751214833788015304645,1582451598108,1139490236,2658810548,493271,
0,-201120,-198720,44493127,1,-199386,646520069029975672536,1362034047263,1139490236,2658810548,493271,
1,-201120,-198720,44494927,1,-199260,753878546373448201705,1582451598108,1139490236,2658810548,493272,
0,-201120,-198720,44494927,1,-199260,649183781615408569596,1362034047263,1139490236,2658810548,493272,
1,-201120,-198720,44496727,1,-199260,755366570154494082365,1582451598108,1139490236,2658810548,493273,
0,-201120,-198720,44496727,1,-199260,650671805396454450256,1362034047263,1139490236,2658810548,493273,
1,-201120,-198720,44498527,1,-199260,757930010338386655989,1582451598108,1139490236,2658810548,493274,
0,-201120,-198720,44498527,1,-199260,653235245580347023880,1362034047263,1139490236,2658810548,493274,
1,-201120,-198720,44500327,1,-199260,758965812262415410471,1582451598108,1139490236,2658810548,493275,
0,-201120,-198720,44500327,1,-199260,654271047504375778362,1362034047263,1139490236,2658810548,493275,
1,-201120,-198720,44502127,1,-199260,759630006466751485390,1582451598108,1139490236,2658810548,493276,
0,-201120,-198720,44502127,1,-199260,654935241708711853281,1362034047263,1139490236,2658810548,493276,
1,-201120,-198720,44503927,1,-199260,759950392774212327730,1582451598108,1139490236,2658810548,493277,
0,-201120,-198720,44503927,1,-199260,655255628016172695621,1362034047263,1139490236,2658810548,493277,
1,-201120,-198720,44505727,1,-199260,760441537732998559788,1603361864525,1139490236,2658810548,493278,
0,-201120,-198720,44505727,1,-199260,655746772974958927679,1382944313680,1139490236,2658810548,493278,
1,-201120,-198720,44507527,1,-199260,761198389509884448144,1603361864525,1139490236,2658810548,493279,
0,-201120,-198720,44507527,1,-199260,656503624751844816035,1382944313680,1139490236,2658810548,493279,
1,-201120,-198720,44509327,1,-199260,761906801044523376498,1603361864525,1139490236,2658810548,493280,
0,-201120,-198720,44509327,1,-199260,657212036286483744389,1382944313680,1139490236,2658810548,493280,
1,-201120,-198720,44511127,1,-199260,762411141238740057830,1603361864525,1139490236,2658810548,493281,
0,-201120,-198720,44511127,1,-199260,657716376480700425721,1382944313680,1139490236,2658810548,493281,
1,-201120,-198720,44512927,1,-199260,762979429920664201282,1603361864525,1139490236,2658810548,493282,
0,-201120,-198720,44512927,1,-199260,658284665162624569173,1382944313680,1139490236,2658810548,493282,
1,-201120,-198720,44514727,1,-199260,763387327721378678430,1603361864525,1139490236,2658810548,493283,
0,-201120,-198720,44514727,1,-199260,658692562963339046321,1382944313680,1139490236,2658810548,493283,
1,-201120,-198720,44516527,1,-199260,764638120807889095266,1603361864525,1139490236,2658810548,493284,
0,-201120,-198720,44516527,1,-199260,659943356049849463157,1382944313680,1139490236,2658810548,493284,
1,-201120,-198720,44518327,1,-199260,767564274090538013668,1603361864525,1139490236,2658810548,493285,
0,-201120,-198720,44518327,1,-199260,662869509332498381559,1382944313680,1139490236,2658810548,493285,
1,-201120,-198720,44520127,1,-199260,769612181818293335293,1624272130943,1139490236,2658810548,493286,
0,-201120,-198720,44520127,1,-199260,664917417060253703184,1403854580098,1139490236,2658810548,493286,
1,-201120,-198720,44521927,1,-199260,774634441996483006436,1624272130943,1139490236,2658810548,493287,
0,-201120,-198720,44521927,1,-199260,669939677238443374327,1403854580098,1139490236,2658810548,493287,
1,-201120,-198720,44523727,1,-199260,777976408786660395301,1645182397361,1139490236,2658810548,493288,
0,-201120,-198720,44523727,1,-199260,673281644028620763192,1424764846516,1139490236,2658810548,493288,
1,-201120,-198720,44525527,1,-199260,779930555402555712931,1645182397361,1139490236,2658810548,493289,
0,-201120,-198720,44525527,1,-199260,675235790644516080822,1424764846516,1139490236,2658810548,493289,
1,-201120,-198720,44527327,1,-199260,780931456356381325992,1645182397361,1139490236,2658810548,493290,
0,-201120,-198720,44527327,1,-199260,676236691598341693883,1424764846516,1139490236,2658810548,493290,
1,-201120,-198720,44529127,1,-199260,782110645769379584678,1645182397361,1139490236,2658810548,493291,
0,-201120,-198720,44529127,1,-199260,677415881011339952569,1424764846516,1139490236,2658810548,493291,
1,-201120,-198720,44530927,1,-199260,782784487531525160494,1645182397361,1139490236,2658810548,493292,
0,-201120,-198720,44530927,1,-199260,678089722773485528385,1424764846516,1139490236,2658810548,493292,
1,-201120,-198720,44532727,1,-199260,783906450271058569225,1645182397361,1139490236,2658810548,493293,
0,-201120,-198720,44532727,1,-199260,679211685513018937116,1424764846516,1139490236,2658810548,493293,
1,-201120,-198720,44534527,1,-199260,785070214828738799312,1666092663778,1139490236,2658810548,493294,
0,-201120,-198720,44534527,1,-199260,680375450070699167203,1445675112933,1139490236,2658810548,493294,
1,-201120,-198720,44536327,1,-199260,786292755092420097573,1666092663778,1139490236,2658810548,493295,
0,-201120,-198720,44536327,1,-199260,681597990334380465464,1445675112933,1139490236,2658810548,493295,
1,-201120,-198720,44538127,1,-199054,786631307549305787306,1666092663778,1139490236,2658810548,493296,
0,-201120,-198720,44538127,1,-199054,681936542791266155197,1445675112933,1139490236,2658810548,493296,
1,-201120,-198720,44539927,1,-199054,787388888885386986862,1666092663778,1139490236,2658810548,493297,
0,-201120,-198720,44539927,1,-199054,682694124127347354753,1445675112933,1139490236,2658810548,493297,
1,-201120,-198720,44541727,1,-199054,787877708078880651321,1666092663778,1139490236,2658810548,493298,
0,-201120,-198720,44541727,1,-199054,683182943320841019212,1445675112933,1139490236,2658810548,493298,
1,-201120,-198720,44543527,1,-199054,788257836293022921384,1666092663778,1139490236,2658810548,493299,
0,-201120,-198720,44543527,1,-199054,683563071534983289275,1445675112933,1139490236,2658810548,493299,
1,-201120,-198720,44545327,1,-199054,789227966179724473963,1666092663778,1139490236,2658810548,493300,
0,-201120,-198720,44545327,1,-199054,684533201421684841854,1445675112933,1139490236,2658810548,493300,
1,-201120,-198720,44547127,1,-199054,789581393844665138406,1666092663778,1139490236,2658810548,493301,
0,-201120,-198720,44547127,1,-199054,684886629086625506297,1445675112933,1139490236,2658810548,493301,
1,-201120,-198720,44548927,1,-199054,790294247200827299523,1666092663778,1139490236,2658810548,493302,
0,-201120,-198720,44548927,1,-199054,685599482442787667414,1445675112933,1139490236,2658810548,493302,
1,-201120,-198720,44550727,1,-199054,791155826625167784197,1666092663778,1139490236,2658810548,493303,
0,-201120,-198720,44550727,1,-199054,686461061867128152088,1445675112933,1139490236,2658810548,493303,
1,-201120,-198720,44552527,1,-199054,791439284168429368781,1666092663778,1139490236,2658810548,493304,
0,-201120,-198720,44552527,1,-199054,686744519410389736672,1445675112933,1139490236,2658810548,493304,
1,-201120,-198720,44554327,1,-199054,791527547218478586140,1666092663778,1139490236,2658810548,493305,
0,-201120,-198720,44554327,1,-199054,686832782460438954031,1445675112933,1139490236,2658810548,493305,
1,-201120,-198720,44556127,1,-199054,792147480808260323125,1666092663778,1139490236,2658810548,493306,
0,-201120,-198720,44556127,1,-199054,687452716050220691016,1445675112933,1139490236,2658810548,493306,
1,-201120,-198720,44557927,1,-199054,792706387492758469614,1666092663778,1139490236,2658810548,493307,
0,-201120,-198720,44557927,1,-199054,688011622734718837505,1445675112933,1139490236,2658810548,493307,
1,-201120,-198720,44559727,1,-199054,792807982907765303080,1666092663778,1139490236,2658810548,493308,
0,-201120,-198720,44559727,1,-199054,688113218149725670971,1445675112933,1139490236,2658810548,493308,
1,-201120,-198720,44561527,1,-199054,793114751780606457727,1666092663778,1139490236,2658810548,493309,
0,-201120,-198720,44561527,1,-199054,688419987022566825618,1445675112933,1139490236,2658810548,493309,
1,-201120,-198720,44563327,1,-199054,794289950992015571678,1666092663778,1139490236,2658810548,493310,
0,-201120,-198720,44563327,1,-199054,689595186233975939569,1445675112933,1139490236,2658810548,493310,
1,-201120,-198720,44565127,1,-199054,794904907101979255407,1687002930196,1139490236,2658810548,493311,
0,-201120,-198720,44565127,1,-199054,690210142343939623298,1466585379351,1139490236,2658810548,493311,
1,-201120,-198720,44566927,1,-199054,795527474047072563368,1687002930196,1139490236,2658810548,493312,
0,-201120,-198720,44566927,1,-199054,690832709289032931259,1466585379351,1139490236,2658810548,493312,
1,-201120,-198720,44568727,1,-199054,797535363121470360090,1687002930196,1139490236,2658810548,493313,
0,-201120,-198720,44568727,1,-199054,692840598363430727981,1466585379351,1139490236,2658810548,493313,
1,-201120,-198720,44570527,1,-199054,798400712248640615564,1687002930196,1139490236,2658810548,493314,
0,-201120,-198720,44570527,1,-199054,693705947490600983455,1466585379351,1139490236,2658810548,493314,
1,-201120,-198720,44572327,1,-199054,802192172566093490746,1707913196614,1139490236,2658810548,493315,
0,-201120,-198720,44572327,1,-199054,697497407808053858637,1487495645769,1139490236,2658810548,493315,
1,-201120,-198720,44574127,1,-199054,806178644453748111705,1707913196614,1139490236,2658810548,493316,
0,-201120,-198720,44574127,1,-199054,701483879695708479596,1487495645769,1139490236,2658810548,493316,
1,-201120,-198720,44575927,1,-199054,808356899296475577247,1707913196614,1139490236,2658810548,493317,
0,-201120,-198720,44575927,1,-199054,703662134538435945138,1487495645769,1139490236,2658810548,493317,
1,-201120,-198720,44577727,1,-199054,809232886542596069707,1707913196614,1139490236,2658810548,493318,
0,-201120,-198720,44577727,1,-199054,704538121784556437598,1487495645769,1139490236,2658810548,493318,
1,-201120,-198720,44579527,1,-199054,810779376745892435339,1728823463031,1139490236,2658810548,493319,
0,-201120,-198720,44579527,1,-199054,706084611987852803230,1508405912186,1139490236,2658810548,493319,
1,-201120,-198720,44581327,1,-199306,812219971881560108226,1728823463031,1139490236,2658810548,493320,
0,-201120,-198720,44581327,1,-199306,707525207123520476117,1508405912186,1139490236,2658810548,493320,
1,-201120,-198720,44583127,1,-199306,813143314419844215405,1728823463031,1139490236,2658810548,493321,
0,-201120,-198720,44583127,1,-199306,708448549661804583296,1508405912186,1139490236,2658810548,493321,
1,-201120,-198720,44584927,1,-199306,822174903163345358985,1728823463031,1139490236,2658810548,493322,
0,-201120,-198720,44584927,1,-199306,717480138405305726876,1508405912186,1139490236,2658810548,493322,
1,-201120,-198720,44586727,1,-199306,824925768296398565772,1749733729449,1139490236,2658810548,493323,
0,-201120,-198720,44586727,1,-199306,720231003538358933663,1529316178604,1139490236,2658810548,493323,
1,-201120,-198720,44588527,1,-199306,826715093250181652845,1749733729449,1139490236,2658810548,493324,
0,-201120,-198720,44588527,1,-199306,722020328492142020736,1529316178604,1139490236,2658810548,493324,
1,-201120,-198720,44590327,1,-199306,827441927210470643097,1749733729449,1139490236,2658810548,493325,
0,-201120,-198720,44590327,1,-199306,722747162452431010988,1529316178604,1139490236,2658810548,493325,
1,-201120,-198720,44592127,1,-199306,828811521118311916246,1749733729449,1139490236,2658810548,493326,
0,-201120,-198720,44592127,1,-199306,724116756360272284137,1529316178604,1139490236,2658810548,493326,
1,-201120,-198720,44593927,1,-199306,829066780602732130036,1749733729449,1139490236,2658810548,493327,
0,-201120,-198720,44593927,1,-199306,724372015844692497927,1529316178604,1139490236,2658810548,493327,
1,-201120,-198720,44595727,1,-199306,829490405788499166091,1749733729449,1139490236,2658810548,493328,
0,-201120,-198720,44595727,1,-199306,724795641030459533982,1529316178604,1139490236,2658810548,493328,
1,-201120,-198720,44597527,1,-199306,830030239340766600374,1749733729449,1139490236,2658810548,493329,
0,-201120,-198720,44597527,1,-199306,725335474582726968265,1529316178604,1139490236,2658810548,493329,
1,-201120,-198720,44599327,1,-199306,830305579204950863730,1749733729449,1139490236,2658810548,493330,
0,-201120,-198720,44599327,1,-199306,725610814446911231621,1529316178604,1139490236,2658810548,493330,
1,-201120,-198720,44601127,1,-199306,831918436983766280976,1749733729449,1139490236,2658810548,493331,
0,-201120,-198720,44601127,1,-199306,727223672225726648867,1529316178604,1139490236,2658810548,493331,
1,-201120,-198720,44602927,1,-199306,832548115635929824279,1749733729449,1139490236,2658810548,493332,
0,-201120,-198720,44602927,1,-199306,727853350877890192170,1529316178604,1139490236,2658810548,493332,
1,-201120,-198720,44604727,1,-199306,834883999385506650292,1770643995867,1139490236,2658810548,493333,
0,-201120,-198720,44604727,1,-199306,730189234627467018183,1550226445022,1139490236,2658810548,493333,
1,-201120,-198720,44606527,1,-199306,837243547429960176005,1770643995867,1139490236,2658810548,493334,
0,-201120,-198720,44606527,1,-199306,732548782671920543896,1550226445022,1139490236,2658810548,493334,
1,-201120,-198720,44608327,1,-199306,838929637394746623043,1770643995867,1139490236,2658810548,493335,
0,-201120,-198720,44608327,1,-199306,734234872636706990934,1550226445022,1139490236,2658810548,493335,
1,-201120,-198720,44610127,1,-199306,839643484344038150806,1770643995867,1139490236,2658810548,493336,
0,-201120,-198720,44610127,1,-199306,734948719585998518697,1550226445022,1139490236,2658810548,493336,
1,-201120,-198720,44611927,1,-199306,840202399915399524789,1770643995867,1139490236,2658810548,493337,
0,-201120,-198720,44611927,1,-199306,735507635157359892680,1550226445022,1139490236,2658810548,493337,
1,-201120,-198720,44613727,1,-199306,840753298030590517257,1770643995867,1139490236,2658810548,493338,
0,-201120,-198720,44613727,1,-199306,736058533272550885148,1550226445022,1139490236,2658810548,493338,
1,-201120,-198720,44615527,1,-199306,841522804219776229237,1770643995867,1139490236,2658810548,493339,
0,-201120,-198720,44615527,1,-199306,736828039461736597128,1550226445022,1139490236,2658810548,493339,
1,-201120,-198720,44617327,1,-199306,841944864564845635342,1770643995867,1139490236,2658810548,493340,
0,-201120,-198720,44617327,1,-199306,737250099806806003233,1550226445022,1139490236,2658810548,493340,
1,-201120,-198720,44619127,1,-199306,843176632821840764702,1791554262284,1139490236,2658810548,493341,
0,-201120,-198720,44619127,1,-199306,738481868063801132593,1571136711439,1139490236,2658810548,493341,
1,-201120,-198720,44620927,1,-199306,844180735430198647157,1791554262284,1139490236,2658810548,493342,
0,-201120,-198720,44620927,1,-199306,739485970672159015048,1571136711439,1139490236,2658810548,493342,
1,-201120,-198720,44622727,1,-199306,849065294603640290020,1791554262284,1139490236,2658810548,493343,
0,-201120,-198720,44622727,1,-199306,744370529845600657911,1571136711439,1139490236,2658810548,493343,
1,-201120,-198720,44624527,1,-199167,850627081461411277745,1791554262284,1139490236,2658810548,493344,
0,-201120,-198720,44624527,1,-199167,745932316703371645636,1571136711439,1139490236,2658810548,493344,
1,-201120,-198720,44626327,1,-199167,851582074448073638944,1791554262284,1139490236,2658810548,493345,
0,-201120,-198720,44626327,1,-199167,746887309690034006835,1571136711439,1139490236,2658810548,493345,
1,-201120,-198720,44628127,1,-199167,852400421771134069778,1791554262284,1139490236,2658810548,493346,
0,-201120,-198720,44628127,1,-199167,747705657013094437669,1571136711439,1139490236,2658810548,493346,
1,-201120,-198720,44629927,1,-199167,853852517009664513718,1812464528702,1139490236,2658810548,493347,
0,-201120,-198720,44629927,1,-199167,749157752251624881609,1592046977857,1139490236,2658810548,493347,
1,-201120,-198720,44631727,1,-199167,854360476875549419336,1812464528702,1139490236,2658810548,493348,
0,-201120,-198720,44631727,1,-199167,749665712117509787227,1592046977857,1139490236,2658810548,493348,
1,-201120,-198720,44633527,1,-199167,855095996333200301628,1812464528702,1139490236,2658810548,493349,
0,-201120,-198720,44633527,1,-199167,750401231575160669519,1592046977857,1139490236,2658810548,493349,
1,-201120,-198720,44635327,1,-199167,855868090878804253838,1812464528702,1139490236,2658810548,493350,
0,-201120,-198720,44635327,1,-199167,751173326120764621729,1592046977857,1139490236,2658810548,493350,
1,-201120,-198720,44637127,1,-199167,856231790523930182521,1812464528702,1139490236,2658810548,493351,
0,-201120,-198720,44637127,1,-199167,751537025765890550412,1592046977857,1139490236,2658810548,493351,
1,-201120,-198720,44638927,1,-199167,857328193473846399577,1812464528702,1139490236,2658810548,493352,
0,-201120,-198720,44638927,1,-199167,752633428715806767468,1592046977857,1139490236,2658810548,493352,
1,-201120,-198720,44640727,1,-199167,858287255431071500732,1812464528702,1139490236,2658810548,493353,
0,-201120,-198720,44640727,1,-199167,753592490673031868623,1592046977857,1139490236,2658810548,493353,
1,-201120,-198720,44642527,1,-199167,858867051158066865892,1812464528702,1139490236,2658810548,493354,
0,-201120,-198720,44642527,1,-199167,754172286400027233783,1592046977857,1139490236,2658810548,493354,
1,-201120,-198720,44644327,1,-199167,859602411279487645824,1812464528702,1139490236,2658810548,493355,
0,-201120,-198720,44644327,1,-199167,754907646521448013715,1592046977857,1139490236,2658810548,493355,
1,-201120,-198720,44646127,1,-199167,860029453244607855876,1812464528702,1139490236,2658810548,493356,
0,-201120,-198720,44646127,1,-199167,755334688486568223767,1592046977857,1139490236,2658810548,493356,
1,-201120,-198720,44647927,1,-199167,861743547848271310606,1812464528702,1139490236,2658810548,493357,
0,-201120,-198720,44647927,1,-199167,757048783090231678497,1592046977857,1139490236,2658810548,493357,
1,-201120,-198720,44649727,1,-199167,865521279572128221961,1833374795120,1139490236,2658810548,493358,
0,-201120,-198720,44649727,1,-199167,760826514814088589852,1612957244275,1139490236,2658810548,493358,
1,-201120,-198720,44651527,1,-199167,868536234846033005783,1833374795120,1139490236,2658810548,493359,
0,-201120,-198720,44651527,1,-199167,763841470087993373674,1612957244275,1139490236,2658810548,493359,
1,-201120,-198720,44653327,1,-199167,872496073975569747086,1854285061537,1139490236,2658810548,493360,
0,-201120,-198720,44653327,1,-199167,767801309217530114977,1633867510692,1139490236,2658810548,493360,
1,-201120,-198720,44655127,1,-199167,876235703932012170751,1854285061537,1139490236,2658810548,493361,
0,-201120,-198720,44655127,1,-199167,771540939173972538642,1633867510692,1139490236,2658810548,493361,
1,-201120,-198720,44656927,1,-199167,878330969607534942134,1854285061537,1139490236,2658810548,493362,
0,-201120,-198720,44656927,1,-199167,773636204849495310025,1633867510692,1139490236,2658810548,493362,
1,-201120,-198720,44658727,1,-199167,879643706347229231313,1854285061537,1139490236,2658810548,493363,
0,-201120,-198720,44658727,1,-199167,774948941589189599204,1633867510692,1139490236,2658810548,493363,
1,-201120,-198720,44660527,1,-199167,882323449161103213852,1875195327955,1139490236,2658810548,493364,
0,-201120,-198720,44660527,1,-199167,777628684403063581743,1654777777110,1139490236,2658810548,493364,
1,-201120,-198720,44662327,1,-199167,884344299568691312210,1875195327955,1139490236,2658810548,493365,
0,-201120,-198720,44662327,1,-199167,779649534810651680101,1654777777110,1139490236,2658810548,493365,
1,-201120,-198720,44664127,1,-199167,885480832038197600456,1875195327955,1139490236,2658810548,493366,
0,-201120,-198720,44664127,1,-199167,780786067280157968347,1654777777110,1139490236,2658810548,493366,
1,-201120,-198720,44665927,1,-199167,156002073189787991936,306925346633,1139490236,2658810548,493367,
0,-201120,-198720,44665927,1,-199167,51307308431748359827,86507795788,1139490236,2658810548,493367,
1,-201120,-198720,44667727,1,-198661,895766739046383443876,1917015860790,1139490236,2658810548,493368,
0,-201120,-198720,44667727,1,-198661,791071974288343811767,1696598309945,1139490236,2658810548,493368,
1,-201120,-198720,44669527,1,-198661,895766739046383443876,1917015860790,1139490236,2658810548,493369,
0,-201120,-198720,44669527,1,-198661,791071974288343811767,1696598309945,1139490236,2658810548,493369,
1,-201120,-198720,44671327,1,-198661,895766739046383443876,1917015860790,1139490236,2658810548,493370,
0,-201120,-198720,44671327,1,-198661,791071974288343811767,1696598309945,1139490236,2658810548,493370,
1,-201120,-198720,44673127,1,-198661,895766739046383443876,1917015860790,1139490236,2658810548,493371,
0,-201120,-198720,44673127,1,-198661,791071974288343811767,1696598309945,1139490236,2658810548,493371,
1,-201120,-198720,44674927,1,-198661,895766739046383443876,1917015860790,1139490236,2658810548,493372,
0,-201120,-198720,44674927,1,-198661,791071974288343811767,1696598309945,1139490236,2658810548,493372,
1,-201120,-198720,44676727,1,-198661,895766739046383443876,1917015860790,1139490236,2658810548,493373,
0,-201120,-198720,44676727,1,-198661,791071974288343811767,1696598309945,1139490236,2658810548,493373,
1,-201120,-198720,44678527,1,-198661,895766739046383443876,1917015860790,1139490236,2658810548,493374,
0,-201120,-198720,44678527,1,-198661,791071974288343811767,1696598309945,1139490236,2658810548,493374,
1,-201120,-198720,44680327,1,-198661,895766739046383443876,1917015860790,1139490236,2658810548,493375,
0,-201120,-198720,44680327,1,-198661,791071974288343811767,1696598309945,1139490236,2658810548,493375,
1,-201120,-198720,44682127,1,-198661,895766739046383443876,1917015860790,1139490236,2658810548,493376,
0,-201120,-198720,44682127,1,-198661,791071974288343811767,1696598309945,1139490236,2658810548,493376,
1,-201120,-198720,44683927,1,-198661,895766739046383443876,1917015860790,1139490236,2658810548,493377,
0,-201120,-198720,44683927,1,-198661,791071974288343811767,1696598309945,1139490236,2658810548,493377,
1,-201120,-198720,44685727,1,-198661,895766739046383443876,1917015860790,1139490236,2658810548,493378,
0,-201120,-198720,44685727,1,-198661,791071974288343811767,1696598309945,1139490236,2658810548,493378,
1,-201120,-198720,44687527,1,-198661,895766739046383443876,1917015860790,1139490236,2658810548,493379,
0,-201120,-198720,44687527,1,-198661,791071974288343811767,1696598309945,1139490236,2658810548,493379,
1,-201120,-198720,44689327,1,-198661,895766739046383443876,1917015860790,1139490236,2658810548,493380,
0,-201120,-198720,44689327,1,-198661,791071974288343811767,1696598309945,1139490236,2658810548,493380,
1,-201120,-198720,44691127,1,-198661,895766739046383443876,1917015860790,1139490236,2658810548,493381,
0,-201120,-198720,44691127,1,-198661,791071974288343811767,1696598309945,1139490236,2658810548,493381,
1,-201120,-198720,44692927,1,-198661,895766739046383443876,1917015860790,1139490236,2658810548,493382,
0,-201120,-198720,44692927,1,-198661,791071974288343811767,1696598309945,1139490236,2658810548,493382,
1,-201120,-198720,44694727,1,-198661,895766739046383443876,1917015860790,1139490236,2658810548,493383,
0,-201120,-198720,44694727,1,-198661,791071974288343811767,1696598309945,1139490236,2658810548,493383,
1,-201120,-198720,44696527,1,-198661,897014757696014769969,1917015860790,1139490236,2658810548,493384,
0,-201120,-198720,44696527,1,-198661,792319992937975137860,1696598309945,1139490236,2658810548,493384,
1,-201120,-198720,44698327,1,-198661,156002073189787991936,306925346633,1139490236,2658810548,493385,
0,-201120,-198720,44698327,1,-198661,51307308431748359827,86507795788,1139490236,2658810548,493385,
1,-201120,-198720,44700127,1,-198661,156002073189787991936,306925346633,1139490236,2658810548,493386,
0,-201120,-198720,44700127,1,-198661,51307308431748359827,86507795788,1139490236,2658810548,493386,
1,-201120,-198720,44701927,1,-198661,156002073189787991936,306925346633,1139490236,2658810548,493387,
0,-201120,-198720,44701927,1,-198661,51307308431748359827,86507795788,1139490236,2658810548,493387,
1,-201120,-198720,44703727,1,-198661,156002073189787991936,306925346633,1139490236,2658810548,493388,
0,-201120,-198720,44703727,1,-198661,51307308431748359827,86507795788,1139490236,2658810548,493388,
1,-201120,-198720,44705527,1,-198661,156002073189787991936,306925346633,1139490236,2658810548,493389,
0,-201120,-198720,44705527,1,-198661,51307308431748359827,86507795788,1139490236,2658810548,493389,
1,-201120,-198720,44707327,1,-198661,156002073189787991936,306925346633,1139490236,2658810548,493390,
0,-201120,-198720,44707327,1,-198661,51307308431748359827,86507795788,1139490236,2658810548,493390,
1,-201120,-198720,44709127,1,-198661,156002073189787991936,306925346633,1139490236,2658810548,493391,
0,-201120,-198720,44709127,1,-198661,51307308431748359827,86507795788,1139490236,2658810548,493391,
1,-201120,-198720,44710927,1,-198741,911030778983883832165,1937926127208,1139490236,2658810548,493392,
0,-201120,-198720,44710927,1,-198741,806336014225844200056,1717508576363,1139490236,2658810548,493392,
1,-201120,-198720,44712727,1,-198741,912652292734764959753,1958836393625,1139490236,2658810548,493393,
0,-201120,-198720,44712727,1,-198741,807957527976725327644,1738418842780,1139490236,2658810548,493393,
1,-201120,-198720,44714527,1,-198741,913867844013729627758,1958836393625,1139490236,2658810548,493394,
0,-201120,-198720,44714527,1,-198741,809173079255689995649,1738418842780,1139490236,2658810548,493394,
1,-201120,-198720,44716327,1,-198741,915078175985645122585,1958836393625,1139490236,2658810548,493395,
0,-201120,-198720,44716327,1,-198741,810383411227605490476,1738418842780,1139490236,2658810548,493395,
1,-201120,-198720,44718127,1,-198741,915510403529554774173,1958836393625,1139490236,2658810548,493396,
0,-201120,-198720,44718127,1,-198741,810815638771515142064,1738418842780,1139490236,2658810548,493396,
1,-201120,-198720,44719927,1,-198741,916014388583806618434,1958836393625,1139490236,2658810548,493397,
0,-201120,-198720,44719927,1,-198741,811319623825766986325,1738418842780,1139490236,2658810548,493397,
1,-201120,-198720,44721727,1,-198741,917563260152793956151,1958836393625,1139490236,2658810548,493398,
0,-201120,-198720,44721727,1,-198741,812868495394754324042,1738418842780,1139490236,2658810548,493398,
1,-201120,-198720,44723527,1,-198741,918150159180932456765,1958836393625,1139490236,2658810548,493399,
0,-201120,-198720,44723527,1,-198741,813455394422892824656,1738418842780,1139490236,2658810548,493399,
1,-201120,-198720,44725327,1,-198741,919609205054750921024,1958836393625,1139490236,2658810548,493400,
0,-201120,-198720,44725327,1,-198741,814914440296711288915,1738418842780,1139490236,2658810548,493400,
1,-201120,-198720,44727127,1,-198741,920307400836910982151,1979746660043,1139490236,2658810548,493401,
0,-201120,-198720,44727127,1,-198741,815612636078871350042,1759329109198,1139490236,2658810548,493401,
1,-201120,-198720,44728927,1,-198741,921115059940022839351,1979746660043,1139490236,2658810548,493402,
0,-201120,-198720,44728927,1,-198741,816420295181983207242,1759329109198,1139490236,2658810548,493402,
1,-201120,-198720,44730727,1,-198741,922662407882447656270,1979746660043,1139490236,2658810548,493403,
0,-201120,-198720,44730727,1,-198741,817967643124408024161,1759329109198,1139490236,2658810548,493403,
1,-201120,-198720,44732527,1,-198741,923448330930900515757,1979746660043,1139490236,2658810548,493404,
0,-201120,-198720,44732527,1,-198741,818753566172860883648,1759329109198,1139490236,2658810548,493404,
1,-201120,-198720,44734327,1,-198741,924806546391809035637,1979746660043,1139490236,2658810548,493405,
0,-201120,-198720,44734327,1,-198741,820111781633769403528,1759329109198,1139490236,2658810548,493405,
1,-201120,-198720,44736127,1,-198741,927598516968406557363,1979746660043,1139490236,2658810548,493406,
0,-201120,-198720,44736127,1,-198741,822903752210366925254,1759329109198,1139490236,2658810548,493406,
1,-201120,-198720,44737927,1,-198741,929802870332855198466,2000656926461,1139490236,2658810548,493407,
0,-201120,-198720,44737927,1,-198741,825108105574815566357,1780239375616,1139490236,2658810548,493407,
1,-201120,-198720,44739727,1,-198741,932808282683923635225,2000656926461,1139490236,2658810548,493408,
0,-201120,-198720,44739727,1,-198741,828113517925884003116,1780239375616,1139490236,2658810548,493408,
1,-201120,-198720,44741527,1,-198741,934106700616842056480,2000656926461,1139490236,2658810548,493409,
0,-201120,-198720,44741527,1,-198741,829411935858802424371,1780239375616,1139490236,2658810548,493409,
1,-201120,-198720,44743327,1,-198741,156002073189787991936,306925346633,1139490236,2658810548,493410,
0,-201120,-198720,44743327,1,-198741,51307308431748359827,86507795788,1139490236,2658810548,493410,
1,-201120,-198720,44745127,1,-198741,156002073189787991936,306925346633,1139490236,2658810548,493411,
0,-201120,-198720,44745127,1,-198741,51307308431748359827,86507795788,1139490236,2658810548,493411,
1,-201120,-198720,44746927,1,-198741,156002073189787991936,306925346633,1139490236,2658810548,493412,
0,-201120,-198720,44746927,1,-198741,51307308431748359827,86507795788,1139490236,2658810548,493412,
1,-201120,-198720,44748727,1,-198741,156002073189787991936,306925346633,1139490236,2658810548,493413,
0,-201120,-198720,44748727,1,-198741,51307308431748359827,86507795788,1139490236,2658810548,493413,
1,-201120,-198720,44750527,1,-198741,156002073189787991936,306925346633,1139490236,2658810548,493414,
0,-201120,-198720,44750527,1,-198741,51307308431748359827,86507795788,1139490236,2658810548,493414,
1,-201120,-198720,44752327,1,-198741,156002073189787991936,306925346633,1139490236,2658810548,493415,
0,-201120,-198720,44752327,1,-198741,51307308431748359827,86507795788,1139490236,2658810548,493415,
1,-201120,-198720,44754127,1,-198749,156002073189787991936,306925346633,1139490236,2658810548,493416,
0,-201120,-198720,44754127,1,-198749,51307308431748359827,86507795788,1139490236,2658810548,493416,
1,-201120,-198720,44755927,1,-198749,156002073189787991936,306925346633,1139490236,2658810548,493417,
0,-201120,-198720,44755927,1,-198749,51307308431748359827,86507795788,1139490236,2658810548,493417,
1,-201120,-198720,44757727,1,-198749,156002073189787991936,306925346633,1139490236,2658810548,493418,
0,-201120,-198720,44757727,1,-198749,51307308431748359827,86507795788,1139490236,2658810548,493418,
1,-201120,-198720,44759527,1,-198749,156002073189787991936,306925346633,1139490236,2658810548,493419,
0,-201120,-198720,44759527,1,-198749,51307308431748359827,86507795788,1139490236,2658810548,493419,
1,-201120,-198720,44761327,1,-198749,156002073189787991936,306925346633,1139490236,2658810548,493420,
0,-201120,-198720,44761327,1,-198749,51307308431748359827,86507795788,1139490236,2658810548,493420,
1,-201120,-198720,44763127,1,-198749,156002073189787991936,306925346633,1139490236,2658810548,493421,
0,-201120,-198720,44763127,1,-198749,51307308431748359827,86507795788,1139490236,2658810548,493421,
1,-201120,-198720,44764927,1,-198749,156002073189787991936,306925346633,1139490236,2658810548,493422,
0,-201120,-198720,44764927,1,-198749,51307308431748359827,86507795788,1139490236,2658810548,493422,
1,-201120,-198720,44766727,1,-198749,156002073189787991936,306925346633,1139490236,2658810548,493423,
0,-201120,-198720,44766727,1,-198749,51307308431748359827,86507795788,1139490236,2658810548,493423,
1,-201120,-198720,44768527,1,-198749,935056762251734081720,2000656926461,1139490236,2658810548,493424,
0,-201120,-198720,44768527,1,-198749,830361997493694449611,1780239375616,1139490236,2658810548,493424,
1,-201120,-198720,44770327,1,-198749,936236213001242027977,2000656926461,1139490236,2658810548,493425,
0,-201120,-198720,44770327,1,-198749,831541448243202395868,1780239375616,1139490236,2658810548,493425,
1,-201120,-198720,44772127,1,-198749,936547145421780929534,2000656926461,1139490236,2658810548,493426,
0,-201120,-198720,44772127,1,-198749,831852380663741297425,1780239375616,1139490236,2658810548,493426,
1,-201120,-198720,44773927,1,-198749,937809907962994127604,2021567192878,1139490236,2658810548,493427,
0,-201120,-198720,44773927,1,-198749,833115143204954495495,1801149642033,1139490236,2658810548,493427,
1,-201120,-198720,44775727,1,-198749,938054185208209669427,2021567192878,1139490236,2658810548,493428,
0,-201120,-198720,44775727,1,-198749,833359420450170037318,1801149642033,1139490236,2658810548,493428,
1,-201120,-198720,44777527,1,-198749,938714902244343156227,2021567192878,1139490236,2658810548,493429,
0,-201120,-198720,44777527,1,-198749,834020137486303524118,1801149642033,1139490236,2658810548,493429,
1,-201120,-198720,44779327,1,-198749,943162761962478539766,2021567192878,1139490236,2658810548,493430,
0,-201120,-198720,44779327,1,-198749,838467997204438907657,1801149642033,1139490236,2658810548,493430,
1,-201120,-198720,44781127,1,-198749,947640257989400031702,2021567192878,1139490236,2658810548,493431,
0,-201120,-198720,44781127,1,-198749,842945493231360399593,1801149642033,1139490236,2658810548,493431,
1,-201120,-198720,44782927,1,-198749,950788794694645373177,2042477459296,1139490236,2658810548,493432,
0,-201120,-198720,44782927,1,-198749,846094029936605741068,1822059908451,1139490236,2658810548,493432,
1,-201120,-198720,44784727,1,-198749,954393849166592011355,2042477459296,1139490236,2658810548,493433,
0,-201120,-198720,44784727,1,-198749,849699084408552379246,1822059908451,1139490236,2658810548,493433,
1,-201120,-198720,44786527,1,-198749,956617075761124412097,2063387725714,1139490236,2658810548,493434,
0,-201120,-198720,44786527,1,-198749,851922311003084779988,1842970174869,1139490236,2658810548,493434,
1,-201120,-198720,44788327,1,-198749,958413734405366024099,2063387725714,1139490236,2658810548,493435,
0,-201120,-198720,44788327,1,-198749,853718969647326391990,1842970174869,1139490236,2658810548,493435,
1,-201120,-198720,44790127,1,-198749,156002073189787991936,306925346633,1139490236,2658810548,493436,
0,-201120,-198720,44790127,1,-198749,51307308431748359827,86507795788,1139490236,2658810548,493436,
1,-201120,-198720,44791927,1,-198749,156002073189787991936,306925346633,1139490236,2658810548,493437,
0,-201120,-198720,44791927,1,-198749,51307308431748359827,86507795788,1139490236,2658810548,493437,
1,-201120,-198720,44793727,1,-198749,959861899057476879976,2063387725714,1139490236,2658810548,493438,
0,-201120,-198720,44793727,1,-198749,855167134299437247867,1842970174869,1139490236,2658810548,493438,
1,-201120,-198720,44795527,1,-198749,960317262305638459931,2063387725714,1139490236,2658810548,493439,
0,-201120,-198720,44795527,1,-198749,855622497547598827822,1842970174869,1139490236,2658810548,493439,
1,-201120,-198720,44797327,1,-198492,960364573853524728962,2063387725714,1139490236,2658810548,493440,
0,-201120,-198720,44797327,1,-198492,855669809095485096853,1842970174869,1139490236,2658810548,493440,
1,-201120,-198720,44799127,1,-198492,960541134831947548289,2063387725714,1139490236,2658810548,493441,
0,-201120,-198720,44799127,1,-198492,855846370073907916180,1842970174869,1139490236,2658810548,493441,
1,-201120,-198720,44800927,1,-198492,156002073189787991936,306925346633,1139490236,2658810548,493442,
0,-201120,-198720,44800927,1,-198492,51307308431748359827,86507795788,1139490236,2658810548,493442,
1,-201120,-198720,44802727,1,-198492,156002073189787991936,306925346633,1139490236,2658810548,493443,
0,-201120,-198720,44802727,1,-198492,51307308431748359827,86507795788,1139490236,2658810548,493443,
1,-201120,-198720,44804527,1,-198492,156002073189787991936,306925346633,1139490236,2658810548,493444,
0,-201120,-198720,44804527,1,-198492,51307308431748359827,86507795788,1139490236,2658810548,493444,
1,-201120,-198720,44806327,1,-198492,156002073189787991936,306925346633,1139490236,2658810548,493445,
0,-201120,-198720,44806327,1,-198492,51307308431748359827,86507795788,1139490236,2658810548,493445,
1,-201120,-198720,44808127,1,-198492,156002073189787991936,306925346633,1139490236,2658810548,493446,
0,-201120,-198720,44808127,1,-198492,51307308431748359827,86507795788,1139490236,2658810548,493446,
1,-201120,-198720,44809927,1,-198492,156002073189787991936,306925346633,1139490236,2658810548,493447,
0,-201120,-198720,44809927,1,-198492,51307308431748359827,86507795788,1139490236,2658810548,493447,
1,-201120,-198720,44811727,1,-198492,156002073189787991936,306925346633,1139490236,2658810548,493448,
0,-201120,-198720,44811727,1,-198492,51307308431748359827,86507795788,1139490236,2658810548,493448,
1,-201120,-198720,44813527,1,-198492,966519437106686286092,2084297992131,1139490236,2658810548,493449,
0,-201120,-198720,44813527,1,-198492,861824672348646653983,1863880441286,1139490236,2658810548,493449,
1,-201120,-198720,44815327,1,-198492,966519437106686286092,2084297992131,1139490236,2658810548,493450,
0,-201120,-198720,44815327,1,-198492,861824672348646653983,1863880441286,1139490236,2658810548,493450,
1,-201120,-198720,44817127,1,-198492,156002073189787991936,306925346633,1139490236,2658810548,493451,
0,-201120,-198720,44817127,1,-198492,51307308431748359827,86507795788,1139490236,2658810548,493451,
1,-201120,-198720,44818927,1,-198492,967342877898812588791,2084297992131,1139490236,2658810548,493452,
0,-201120,-198720,44818927,1,-198492,862648113140772956682,1863880441286,1139490236,2658810548,493452,
1,-201120,-198720,44820727,1,-198492,967342877898812588791,2084297992131,1139490236,2658810548,493453,
0,-201120,-198720,44820727,1,-198492,862648113140772956682,1863880441286,1139490236,2658810548,493453,
1,-201120,-198720,44822527,1,-198492,967342877898812588791,2084297992131,1139490236,2658810548,493454,
0,-201120,-198720,44822527,1,-198492,862648113140772956682,1863880441286,1139490236,2658810548,493454,
1,-201120,-198720,44824327,1,-198492,967342877898812588791,2084297992131,1139490236,2658810548,493455,
0,-201120,-198720,44824327,1,-198492,862648113140772956682,1863880441286,1139490236,2658810548,493455,
1,-201120,-198720,44826127,1,-198492,967342877898812588791,2084297992131,1139490236,2658810548,493456,
0,-201120,-198720,44826127,1,-198492,862648113140772956682,1863880441286,1139490236,2658810548,493456,
1,-201120,-198720,44827927,1,-198492,967342877898812588791,2084297992131,1139490236,2658810548,493457,
0,-201120,-198720,44827927,1,-198492,862648113140772956682,1863880441286,1139490236,2658810548,493457,
1,-201120,-198720,44829727,1,-198492,967342877898812588791,2084297992131,1139490236,2658810548,493458,
0,-201120,-198720,44829727,1,-198492,862648113140772956682,1863880441286,1139490236,2658810548,493458,
1,-201120,-198720,44831527,1,-198492,967342877898812588791,2084297992131,1139490236,2658810548,493459,
0,-201120,-198720,44831527,1,-198492,862648113140772956682,1863880441286,1139490236,2658810548,493459,
1,-201120,-198720,44833327,1,-198492,967342877898812588791,2084297992131,1139490236,2658810548,493460,
0,-201120,-198720,44833327,1,-198492,862648113140772956682,1863880441286,1139490236,2658810548,493460,
1,-201120,-198720,44835127,1,-198492,967342877898812588791,2084297992131,1139490236,2658810548,493461,
0,-201120,-198720,44835127,1,-198492,862648113140772956682,1863880441286,1139490236,2658810548,493461,
1,-201120,-198720,44836927,1,-198492,967342877898812588791,2084297992131,1139490236,2658810548,493462,
0,-201120,-198720,44836927,1,-198492,862648113140772956682,1863880441286,1139490236,2658810548,493462,
1,-201120,-198720,44838727,1,-198492,967342877898812588791,2084297992131,1139490236,2658810548,493463,
0,-201120,-198720,44838727,1,-198492,862648113140772956682,1863880441286,1139490236,2658810548,493463,
1,-201120,-198720,44840527,1,-198593,967342877898812588791,2084297992131,1139490236,2658810548,493464,
0,-201120,-198720,44840527,1,-198593,862648113140772956682,1863880441286,1139490236,2658810548,493464,
1,-201120,-198720,44842327,1,-198593,967342877898812588791,2084297992131,1139490236,2658810548,493465,
0,-201120,-198720,44842327,1,-198593,862648113140772956682,1863880441286,1139490236,2658810548,493465,
1,-201120,-198720,44844127,1,-198593,967342877898812588791,2084297992131,1139490236,2658810548,493466,
0,-201120,-198720,44844127,1,-198593,862648113140772956682,1863880441286,1139490236,2658810548,493466,
1,-201120,-198720,44845927,1,-198593,967342877898812588791,2084297992131,1139490236,2658810548,493467,
0,-201120,-198720,44845927,1,-198593,862648113140772956682,1863880441286,1139490236,2658810548,493467,
1,-201120,-198720,44847727,1,-198593,967342877898812588791,2084297992131,1139490236,2658810548,493468,
0,-201120,-198720,44847727,1,-198593,862648113140772956682,1863880441286,1139490236,2658810548,493468,
1,-201120,-198720,44849527,1,-198593,967342877898812588791,2084297992131,1139490236,2658810548,493469,
0,-201120,-198720,44849527,1,-198593,862648113140772956682,1863880441286,1139490236,2658810548,493469,
1,-201120,-198720,44851327,1,-198593,967342877898812588791,2084297992131,1139490236,2658810548,493470,
0,-201120,-198720,44851327,1,-198593,862648113140772956682,1863880441286,1139490236,2658810548,493470,
1,-201120,-198720,44853127,1,-198593,967342877898812588791,2084297992131,1139490236,2658810548,493471,
0,-201120,-198720,44853127,1,-198593,862648113140772956682,1863880441286,1139490236,2658810548,493471,
1,-201120,-198720,44854927,1,-198593,967342877898812588791,2084297992131,1139490236,2658810548,493472,
0,-201120,-198720,44854927,1,-198593,862648113140772956682,1863880441286,1139490236,2658810548,493472,
1,-201120,-198720,44856727,1,-198593,967342877898812588791,2084297992131,1139490236,2658810548,493473,
0,-201120,-198720,44856727,1,-198593,862648113140772956682,1863880441286,1139490236,2658810548,493473,
1,-201120,-198720,44858527,1,-198593,967342877898812588791,2084297992131,1139490236,2658810548,493474,
0,-201120,-198720,44858527,1,-198593,862648113140772956682,1863880441286,1139490236,2658810548,493474,
1,-201120,-198720,44860327,1,-198593,967342877898812588791,2084297992131,1139490236,2658810548,493475,
0,-201120,-198720,44860327,1,-198593,862648113140772956682,1863880441286,1139490236,2658810548,493475,
1,-201120,-198720,44862127,1,-198593,967342877898812588791,2084297992131,1139490236,2658810548,493476,
0,-201120,-198720,44862127,1,-198593,862648113140772956682,1863880441286,1139490236,2658810548,493476,
1,-201120,-198720,44863927,1,-198593,967342877898812588791,2084297992131,1139490236,2658810548,493477,
0,-201120,-198720,44863927,1,-198593,862648113140772956682,1863880441286,1139490236,2658810548,493477,
1,-201120,-198720,44865727,1,-198593,967342877898812588791,2084297992131,1139490236,2658810548,493478,
0,-201120,-198720,44865727,1,-198593,862648113140772956682,1863880441286,1139490236,2658810548,493478,
1,-201120,-198720,44867527,1,-198593,967342877898812588791,2084297992131,1139490236,2658810548,493479,
0,-201120,-198720,44867527,1,-198593,862648113140772956682,1863880441286,1139490236,2658810548,493479,
1,-201120,-198720,44869327,1,-198593,967342877898812588791,2084297992131,1139490236,2658810548,493480,
0,-201120,-198720,44869327,1,-198593,862648113140772956682,1863880441286,1139490236,2658810548,493480,
1,-201120,-198720,44871127,1,-198593,967342877898812588791,2084297992131,1139490236,2658810548,493481,
0,-201120,-198720,44871127,1,-198593,862648113140772956682,1863880441286,1139490236,2658810548,493481,
1,-201120,-198720,44872927,1,-198593,967342877898812588791,2084297992131,1139490236,2658810548,493482,
0,-201120,-198720,44872927,1,-198593,862648113140772956682,1863880441286,1139490236,2658810548,493482,
1,-201120,-198720,44874727,1,-198593,967726010520944010719,2084297992131,1139490236,2658810548,493483,
0,-201120,-198720,44874727,1,-198593,863031245762904378610,1863880441286,1139490236,2658810548,493483,
1,-201120,-198720,44876527,1,-198593,967726010520944010719,2084297992131,1139490236,2658810548,493484,
0,-201120,-198720,44876527,1,-198593,863031245762904378610,1863880441286,1139490236,2658810548,493484,
1,-201120,-198720,44878327,1,-198593,967726010520944010719,2084297992131,1139490236,2658810548,493485,
0,-201120,-198720,44878327,1,-198593,863031245762904378610,1863880441286,1139490236,2658810548,493485,
1,-201120,-198720,44880127,1,-198593,967726010520944010719,2084297992131,1139490236,2658810548,493486,
0,-201120,-198720,44880127,1,-198593,863031245762904378610,1863880441286,1139490236,2658810548,493486,
1,-201120,-198720,44881927,1,-198593,967726010520944010719,2084297992131,1139490236,2658810548,493487,
0,-201120,-198720,44881927,1,-198593,863031245762904378610,1863880441286,1139490236,2658810548,493487,
1,-201120,-198720,44883727,1,-198855,156002073189787991936,306925346633,1139490236,2658810548,493488,
0,-201120,-198720,44883727,1,-198855,51307308431748359827,86507795788,1139490236,2658810548,493488,
1,-201120,-198720,44885527,1,-198855,156002073189787991936,306925346633,1139490236,2658810548,493489,
0,-201120,-198720,44885527,1,-198855,51307308431748359827,86507795788,1139490236,2658810548,493489,
1,-201120,-198720,44887327,1,-198855,156002073189787991936,306925346633,1139490236,2658810548,493490,
0,-201120,-198720,44887327,1,-198855,51307308431748359827,86507795788,1139490236,2658810548,493490,
1,-201120,-198720,44889127,1,-198855,968647200556403086801,2084297992131,1139490236,2658810548,493491,
0,-201120,-198720,44889127,1,-198855,863952435798363454692,1863880441286,1139490236,2658810548,493491,
1,-201120,-198720,44890927,1,-198855,969349386351959894904,2084297992131,1139490236,2658810548,493492,
0,-201120,-198720,44890927,1,-198855,864654621593920262795,1863880441286,1139490236,2658810548,493492,
1,-201120,-198720,44892727,1,-198855,971254200589091544239,2084297992131,1139490236,2658810548,493493,
0,-201120,-198720,44892727,1,-198855,866559435831051912130,1863880441286,1139490236,2658810548,493493,
1,-201120,-198720,44894527,1,-198855,971776462868103446357,2084297992131,1139490236,2658810548,493494,
0,-201120,-198720,44894527,1,-198855,867081698110063814248,1863880441286,1139490236,2658810548,493494,
1,-201120,-198720,44896327,1,-198855,973073894484665214302,2084297992131,1139490236,2658810548,493495,
0,-201120,-198720,44896327,1,-198855,868379129726625582193,1863880441286,1139490236,2658810548,493495,
1,-201120,-198720,44898127,1,-198855,976410593769629337347,2105208258549,1139490236,2658810548,493496,
0,-201120,-198720,44898127,1,-198855,871715829011589705238,1884790707704,1139490236,2658810548,493496,
1,-201120,-198720,44899927,1,-198855,977285462860163413323,2105208258549,1139490236,2658810548,493497,
0,-201120,-198720,44899927,1,-198855,872590698102123781214,1884790707704,1139490236,2658810548,493497,
1,-201120,-198720,44901727,1,-198855,978336632972688204619,2105208258549,1139490236,2658810548,493498,
0,-201120,-198720,44901727,1,-198855,873641868214648572510,1884790707704,1139490236,2658810548,493498,
1,-201120,-198720,44903527,1,-198855,978753883663737825386,2105208258549,1139490236,2658810548,493499,
0,-201120,-198720,44903527,1,-198855,874059118905698193277,1884790707704,1139490236,2658810548,493499,
1,-201120,-198720,44905327,1,-198855,979358992773770916839,2105208258549,1139490236,2658810548,493500,
0,-201120,-198720,44905327,1,-198855,874664228015731284730,1884790707704,1139490236,2658810548,493500,
1,-201120,-198720,44907127,1,-198855,980331673880257551933,2105208258549,1139490236,2658810548,493501,
0,-201120,-198720,44907127,1,-198855,875636909122217919824,1884790707704,1139490236,2658810548,493501,
1,-201120,-198720,44908927,1,-198855,981682412603574983860,2105208258549,1139490236,2658810548,493502,
0,-201120,-198720,44908927,1,-198855,876987647845535351751,1884790707704,1139490236,2658810548,493502,
1,-201120,-198720,44910727,1,-198855,983020550821259416819,2126118524966,1139490236,2658810548,493503,
0,-201120,-198720,44910727,1,-198855,878325786063219784710,1905700974121,1139490236,2658810548,493503,
1,-201120,-198720,44912527,1,-198855,985149465443873307453,2126118524966,1139490236,2658810548,493504,
0,-201120,-198720,44912527,1,-198855,880454700685833675344,1905700974121,1139490236,2658810548,493504,
1,-201120,-198720,44914327,1,-198855,987863085921332485310,2126118524966,1139490236,2658810548,493505,
0,-201120,-198720,44914327,1,-198855,883168321163292853201,1905700974121,1139490236,2658810548,493505,
1,-201120,-198720,44916127,1,-198855,991318973766697646829,2126118524966,1139490236,2658810548,493506,
0,-201120,-198720,44916127,1,-198855,886624209008658014720,1905700974121,1139490236,2658810548,493506,
1,-201120,-198720,44917927,1,-198855,993515798619735549920,2147028791384,1139490236,2658810548,493507,
0,-201120,-198720,44917927,1,-198855,888821033861695917811,1926611240539,1139490236,2658810548,493507,
1,-201120,-198720,44919727,1,-198855,994521524492075433190,2147028791384,1139490236,2658810548,493508,
0,-201120,-198720,44919727,1,-198855,889826759734035801081,1926611240539,1139490236,2658810548,493508,
1,-201120,-198720,44921527,1,-198855,997086798506332833191,2147028791384,1139490236,2658810548,493509,
0,-201120,-198720,44921527,1,-198855,892392033748293201082,1926611240539,1139490236,2658810548,493509,
1,-201120,-198720,44923327,1,-198855,998681302633364436132,2147028791384,1139490236,2658810548,493510,
0,-201120,-198720,44923327,1,-198855,893986537875324804023,1926611240539,1139490236,2658810548,493510,
1,-201120,-198720,44925127,1,-198855,1004058203313767527242,2167939057802,1139490236,2658810548,493511,
0,-201120,-198720,44925127,1,-198855,899363438555727895133,1947521506957,1139490236,2658810548,493511,
1,-201120,-198720,44926927,1,-198886,1005686562981322455645,2167939057802,1139490236,2658810548,493512,
0,-201120,-198720,44926927,1,-198886,900991798223282823536,1947521506957,1139490236,2658810548,493512,
1,-201120,-198720,44928727,1,-198886,1006953327914810119929,2167939057802,1139490236,2658810548,493513,
0,-201120,-198720,44928727,1,-198886,902258563156770487820,1947521506957,1139490236,2658810548,493513,
1,-201120,-198720,44930527,1,-198886,1008220916880076770278,2167939057802,1139490236,2658810548,493514,
0,-201120,-198720,44930527,1,-198886,903526152122037138169,1947521506957,1139490236,2658810548,493514,
1,-201120,-198720,44932327,1,-198886,1009665835359698153622,2167939057802,1139490236,2658810548,493515,
0,-201120,-198720,44932327,1,-198886,904971070601658521513,1947521506957,1139490236,2658810548,493515,
1,-201120,-198720,44934127,1,-198886,1010021681296950017271,2167939057802,1139490236,2658810548,493516,
0,-201120,-198720,44934127,1,-198886,905326916538910385162,1947521506957,1139490236,2658810548,493516,
1,-201120,-198720,44935927,1,-198886,1010776798399954431664,2167939057802,1139490236,2658810548,493517,
0,-201120,-198720,44935927,1,-198886,906082033641914799555,1947521506957,1139490236,2658810548,493517,
1,-201120,-198720,44937727,1,-198886,1012206371357808574906,2167939057802,1139490236,2658810548,493518,
0,-201120,-198720,44937727,1,-198886,907511606599768942797,1947521506957,1139490236,2658810548,493518,
1,-201120,-198720,44939527,1,-198886,1013473545651581897184,2188849324219,1139490236,2658810548,493519,
0,-201120,-198720,44939527,1,-198886,908778780893542265075,1968431773374,1139490236,2658810548,493519,
1,-201120,-198720,44941327,1,-198886,1018022925758688207723,2188849324219,1139490236,2658810548,493520,
0,-201120,-198720,44941327,1,-198886,913328161000648575614,1968431773374,1139490236,2658810548,493520,
1,-201120,-198720,44943127,1,-198886,1020148170504084205336,2188849324219,1139490236,2658810548,493521,
0,-201120,-198720,44943127,1,-198886,915453405746044573227,1968431773374,1139490236,2658810548,493521,
1,-201120,-198720,44944927,1,-198886,1021277492486421701344,2209759590637,1139490236,2658810548,493522,
0,-201120,-198720,44944927,1,-198886,916582727728382069235,1989342039792,1139490236,2658810548,493522,
1,-201120,-198720,44946727,1,-198886,1022161583589933412977,2209759590637,1139490236,2658810548,493523,
0,-201120,-198720,44946727,1,-198886,917466818831893780868,1989342039792,1139490236,2658810548,493523,
1,-201120,-198720,44948527,1,-198886,1023309019153285982450,2209759590637,1139490236,2658810548,493524,
0,-201120,-198720,44948527,1,-198886,918614254395246350341,1989342039792,1139490236,2658810548,493524,
1,-201120,-198720,44950327,1,-198886,1024862972523410530992,2209759590637,1139490236,2658810548,493525,
0,-201120,-198720,44950327,1,-198886,920168207765370898883,1989342039792,1139490236,2658810548,493525,
1,-201120,-198720,44952127,1,-198886,1028869850656421053903,2209759590637,1139490236,2658810548,493526,
0,-201120,-198720,44952127,1,-198886,924175085898381421794,1989342039792,1139490236,2658810548,493526,
1,-201120,-198720,44953927,1,-198886,1035268740503434604696,2230669857055,1139490236,2658810548,493527,
0,-201120,-198720,44953927,1,-198886,930573975745394972587,2010252306210,1139490236,2658810548,493527,
1,-201120,-198720,44955727,1,-198886,1038819470709625959572,2251580123472,1139490236,2658810548,493528,
0,-201120,-198720,44955727,1,-198886,934124705951586327463,2031162572627,1139490236,2658810548,493528,
1,-201120,-198720,44957527,1,-198886,1040988274153753188029,2251580123472,1139490236,2658810548,493529,
0,-201120,-198720,44957527,1,-198886,936293509395713555920,2031162572627,1139490236,2658810548,493529,
1,-201120,-198720,44959327,1,-198886,1042669130174303969547,2251580123472,1139490236,2658810548,493530,
0,-201120,-198720,44959327,1,-198886,937974365416264337438,2031162572627,1139490236,2658810548,493530,
1,-201120,-198720,44961127,1,-198886,1045809519110598614821,2251580123472,1139490236,2658810548,493531,
0,-201120,-198720,44961127,1,-198886,941114754352558982712,2031162572627,1139490236,2658810548,493531,
1,-201120,-198720,44962927,1,-198886,1046555381036942855193,2272490389890,1139490236,2658810548,493532,
0,-201120,-198720,44962927,1,-198886,941860616278903223084,2052072839045,1139490236,2658810548,493532,
1,-201120,-198720,44964727,1,-198886,1047894451810688981729,2272490389890,1139490236,2658810548,493533,
0,-201120,-198720,44964727,1,-198886,943199687052649349620,2052072839045,1139490236,2658810548,493533,
1,-201120,-198720,44966527,1,-198886,1050503209518551972525,2272490389890,1139490236,2658810548,493534,
0,-201120,-198720,44966527,1,-198886,945808444760512340416,2052072839045,1139490236,2658810548,493534,
1,-201120,-198720,44968327,1,-198886,1051455439422609907756,2272490389890,1139490236,2658810548,493535,
0,-201120,-198720,44968327,1,-198886,946760674664570275647,2052072839045,1139490236,2658810548,493535,
1,-201120,-198720,44970127,1,-198857,1052472536067814769023,2272490389890,1139490236,2658810548,493536,
0,-201120,-198720,44970127,1,-198857,947777771309775136914,2052072839045,1139490236,2658810548,493536,
1,-201120,-198720,44971927,1,-198857,1053368317055767258143,2272490389890,1139490236,2658810548,493537,
0,-201120,-198720,44971927,1,-198857,948673552297727626034,2052072839045,1139490236,2658810548,493537,
1,-201120,-198720,44973727,1,-198857,1054363596409928089195,2272490389890,1139490236,2658810548,493538,
0,-201120,-198720,44973727,1,-198857,949668831651888457086,2052072839045,1139490236,2658810548,493538,
1,-201120,-198720,44975527,1,-198857,1055058541335699000240,2272490389890,1139490236,2658810548,493539,
0,-201120,-198720,44975527,1,-198857,950363776577659368131,2052072839045,1139490236,2658810548,493539,
1,-201120,-198720,44977327,1,-198857,1056196230540233245502,2272490389890,1139490236,2658810548,493540,
0,-201120,-198720,44977327,1,-198857,951501465782193613393,2052072839045,1139490236,2658810548,493540,
1,-201120,-198720,44979127,1,-198857,1056750801878284757813,2293400656308,1139490236,2658810548,493541,
0,-201120,-198720,44979127,1,-198857,952056037120245125704,2072983105463,1139490236,2658810548,493541,
1,-201120,-198720,44980927,1,-198857,1057253954411189450450,2293400656308,1139490236,2658810548,493542,
0,-201120,-198720,44980927,1,-198857,952559189653149818341,2072983105463,1139490236,2658810548,493542,
1,-201120,-198720,44982727,1,-198857,1058003572511421089413,2293400656308,1139490236,2658810548,493543,
0,-201120,-198720,44982727,1,-198857,953308807753381457304,2072983105463,1139490236,2658810548,493543,
1,-201120,-198720,44984527,1,-198857,1059167260077500369776,2293400656308,1139490236,2658810548,493544,
0,-201120,-198720,44984527,1,-198857,954472495319460737667,2072983105463,1139490236,2658810548,493544,
1,-201120,-198720,44986327,1,-198857,1060548377946818396498,2293400656308,1139490236,2658810548,493545,
0,-201120,-198720,44986327,1,-198857,955853613188778764389,2072983105463,1139490236,2658810548,493545,
1,-201120,-198720,44988127,1,-198857,1061167295799498630564,2293400656308,1139490236,2658810548,493546,
0,-201120,-198720,44988127,1,-198857,956472531041458998455,2072983105463,1139490236,2658810548,493546,
1,-201120,-198720,44989927,1,-198857,1061723002585926886741,2293400656308,1139490236,2658810548,493547,
0,-201120,-198720,44989927,1,-198857,957028237827887254632,2072983105463,1139490236,2658810548,493547,
1,-201120,-198720,44991727,1,-198857,1063232444627402749935,2293400656308,1139490236,2658810548,493548,
0,-201120,-198720,44991727,1,-198857,958537679869363117826,2072983105463,1139490236,2658810548,493548,
1,-201120,-198720,44993527,1,-198857,1065937270602281200633,2314310922725,1139490236,2658810548,493549,
0,-201120,-198720,44993527,1,-198857,961242505844241568524,2093893371880,1139490236,2658810548,493549,
1,-201120,-198720,44995327,1,-198857,1067923797434852747659,2314310922725,1139490236,2658810548,493550,
0,-201120,-198720,44995327,1,-198857,963229032676813115550,2093893371880,1139490236,2658810548,493550,
1,-201120,-198720,44997127,1,-198857,1071986798158351003107,2314310922725,1139490236,2658810548,493551,
0,-201120,-198720,44997127,1,-198857,967292033400311370998,2093893371880,1139490236,2658810548,493551,
1,-201120,-198720,44998927,1,-198857,1075041035960594345495,2335221189143,1139490236,2658810548,493552,
0,-201120,-198720,44998927,1,-198857,970346271202554713386,2114803638298,1139490236,2658810548,493552,
1,-201120,-198720,45000727,1,-198857,1077336537092716381292,2335221189143,1139490236,2658810548,493553,
0,-201120,-198720,45000727,1,-198857,972641772334676749183,2114803638298,1139490236,2658810548,493553,
1,-201120,-198720,45002527,1,-198857,1081232572789063799593,2335221189143,1139490236,2658810548,493554,
0,-201120,-198720,45002527,1,-198857,976537808031024167484,2114803638298,1139490236,2658810548,493554,
1,-201120,-198720,45004327,1,-198857,1083195152787238811867,2335221189143,1139490236,2658810548,493555,
0,-201120,-198720,45004327,1,-198857,978500388029199179758,2114803638298,1139490236,2658810548,493555,
1,-201120,-198720,45006127,1,-198857,1087133816466359212185,2356131455560,1139490236,2658810548,493556,
0,-201120,-198720,45006127,1,-198857,982439051708319580076,2135713904715,1139490236,2658810548,493556,
1,-201120,-198720,45007927,1,-198857,1090001675104596266468,2356131455560,1139490236,2658810548,493557,
0,-201120,-198720,45007927,1,-198857,985306910346556634359,2135713904715,1139490236,2658810548,493557,
1,-201120,-198720,45009727,1,-198857,1090775143308331992214,2356131455560,1139490236,2658810548,493558,
0,-201120,-198720,45009727,1,-198857,986080378550292360105,2135713904715,1139490236,2658810548,493558,
1,-201120,-198720,45011527,1,-198857,1092067359758077337673,2356131455560,1139490236,2658810548,493559,
0,-201120,-198720,45011527,1,-198857,987372595000037705564,2135713904715,1139490236,2658810548,493559,
1,-201120,-198720,45013327,1,-198539,156002073189787991936,306925346633,1139490236,2658810548,493560,
0,-201120,-198720,45013327,1,-198539,51307308431748359827,86507795788,1139490236,2658810548,493560,
1,-201120,-198720,45015127,1,-198539,156002073189787991936,306925346633,1139490236,2658810548,493561,
0,-201120,-198720,45015127,1,-198539,51307308431748359827,86507795788,1139490236,2658810548,493561,
1,-201120,-198720,45016927,1,-198539,156002073189787991936,306925346633,1139490236,2658810548,493562,
0,-201120,-198720,45016927,1,-198539,51307308431748359827,86507795788,1139490236,2658810548,493562,
1,-201120,-198720,45018727,1,-198539,1095751907786171101539,2377041721978,1139490236,2658810548,493563,
0,-201120,-198720,45018727,1,-198539,991057143028131469430,2156624171133,1139490236,2658810548,493563,
1,-201120,-198720,45020527,1,-198539,1095751907786171101539,2377041721978,1139490236,2658810548,493564,
0,-201120,-198720,45020527,1,-198539,991057143028131469430,2156624171133,1139490236,2658810548,493564,
1,-201120,-198720,45022327,1,-198539,1095751907786171101539,2377041721978,1139490236,2658810548,493565,
0,-201120,-198720,45022327,1,-198539,991057143028131469430,2156624171133,1139490236,2658810548,493565,
1,-201120,-198720,45024127,1,-198539,1095751907786171101539,2377041721978,1139490236,2658810548,493566,
0,-201120,-198720,45024127,1,-198539,991057143028131469430,2156624171133,1139490236,2658810548,493566,
1,-201120,-198720,45025927,1,-198539,1095751907786171101539,2377041721978,1139490236,2658810548,493567,
0,-201120,-198720,45025927,1,-198539,991057143028131469430,2156624171133,1139490236,2658810548,493567,
1,-201120,-198720,45027727,1,-198539,1095751907786171101539,2377041721978,1139490236,2658810548,493568,
0,-201120,-198720,45027727,1,-198539,991057143028131469430,2156624171133,1139490236,2658810548,493568,
1,-201120,-198720,45029527,1,-198539,1095751907786171101539,2377041721978,1139490236,2658810548,493569,
0,-201120,-198720,45029527,1,-198539,991057143028131469430,2156624171133,1139490236,2658810548,493569,
1,-201120,-198720,45031327,1,-198539,1095751907786171101539,2377041721978,1139490236,2658810548,493570,
0,-201120,-198720,45031327,1,-198539,991057143028131469430,2156624171133,1139490236,2658810548,493570,
1,-201120,-198720,45033127,1,-198539,1095751907786171101539,2377041721978,1139490236,2658810548,493571,
0,-201120,-198720,45033127,1,-198539,991057143028131469430,2156624171133,1139490236,2658810548,493571,
1,-201120,-198720,45034927,1,-198539,1095751907786171101539,2377041721978,1139490236,2658810548,493572,
0,-201120,-198720,45034927,1,-198539,991057143028131469430,2156624171133,1139490236,2658810548,493572,
1,-201120,-198720,45036727,1,-198539,1095751907786171101539,2377041721978,1139490236,2658810548,493573,
0,-201120,-198720,45036727,1,-198539,991057143028131469430,2156624171133,1139490236,2658810548,493573,
1,-201120,-198720,45038527,1,-198539,1095751907786171101539,2377041721978,1139490236,2658810548,493574,
0,-201120,-198720,45038527,1,-198539,991057143028131469430,2156624171133,1139490236,2658810548,493574,
1,-201120,-198720,45040327,1,-198539,1095751907786171101539,2377041721978,1139490236,2658810548,493575,
0,-201120,-198720,45040327,1,-198539,991057143028131469430,2156624171133,1139490236,2658810548,493575,
1,-201120,-198720,45042127,1,-198539,1095751907786171101539,2377041721978,1139490236,2658810548,493576,
0,-201120,-198720,45042127,1,-198539,991057143028131469430,2156624171133,1139490236,2658810548,493576,
1,-201120,-198720,45043927,1,-198539,1095751907786171101539,2377041721978,1139490236,2658810548,493577,
0,-201120,-198720,45043927,1,-198539,991057143028131469430,2156624171133,1139490236,2658810548,493577,
1,-201120,-198720,45045727,1,-198539,1095751907786171101539,2377041721978,1139490236,2658810548,493578,
0,-201120,-198720,45045727,1,-198539,991057143028131469430,2156624171133,1139490236,2658810548,493578,
1,-201120,-198720,45047527,1,-198539,1095751907786171101539,2377041721978,1139490236,2658810548,493579,
0,-201120,-198720,45047527,1,-198539,991057143028131469430,2156624171133,1139490236,2658810548,493579,
1,-201120,-198720,45049327,1,-198539,1095751907786171101539,2377041721978,1139490236,2658810548,493580,
0,-201120,-198720,45049327,1,-198539,991057143028131469430,2156624171133,1139490236,2658810548,493580,
1,-201120,-198720,45051127,1,-198539,1095751907786171101539,2377041721978,1139490236,2658810548,493581,
0,-201120,-198720,45051127,1,-198539,991057143028131469430,2156624171133,1139490236,2658810548,493581,
1,-201120,-198720,45052927,1,-198539,1095751907786171101539,2377041721978,1139490236,2658810548,493582,
0,-201120,-198720,45052927,1,-198539,991057143028131469430,2156624171133,1139490236,2658810548,493582,
1,-201120,-198720,45054727,1,-198539,1095751907786171101539,2377041721978,1139490236,2658810548,493583,
0,-201120,-198720,45054727,1,-198539,991057143028131469430,2156624171133,1139490236,2658810548,493583,
1,-201120,-198720,45056527,1,-198759,156002073189787991936,306925346633,1139490236,2658810548,493584,
0,-201120,-198720,45056527,1,-198759,51307308431748359827,86507795788,1139490236,2658810548,493584,
1,-201120,-198720,45058327,1,-198759,156002073189787991936,306925346633,1139490236,2658810548,493585,
0,-201120,-198720,45058327,1,-198759,51307308431748359827,86507795788,1139490236,2658810548,493585,
1,-201120,-198720,45060127,1,-198759,156002073189787991936,306925346633,1139490236,2658810548,493586,
0,-201120,-198720,45060127,1,-198759,51307308431748359827,86507795788,1139490236,2658810548,493586,
1,-201120,-198720,45061927,1,-198759,156002073189787991936,306925346633,1139490236,2658810548,493587,
0,-201120,-198720,45061927,1,-198759,51307308431748359827,86507795788,1139490236,2658810548,493587,
1,-201120,-198720,45063727,1,-198759,1097155892767368922137,2377041721978,1139490236,2658810548,493588,
0,-201120,-198720,45063727,1,-198759,992461128009329290028,2156624171133,1139490236,2658810548,493588,
1,-201120,-198720,43933646,1,-200358,156002073189787991936,306925346633,1139490236,2658810548,492960,mint
0,-201120,-198720,43933646,1,-200358,51307308431748359827,86507795788,1139490236,2658810548,492960,mint
1,-201120,-198720,45064084,1,-198724,1097332179612199006301,2377041721978,1519320314,2278980470,493588,burn
0,-201120,-198720,45064084,1,-198724,992637414854159374192,2156624171133,1519320314,2278980470,493588,burn
0,-201030,-198630,44370727,0,-199687,224617847334346513,0,3815430795,0,493203,
0,-201030,-198630,44372527,0,-199687,548571122235917195,0,3815430795,0,493204,
0,-201030,-198630,44374327,0,-199687,880202041785415803,0,3815430795,0,493205,
0,-201030,-198630,44376127,0,-199687,1432330256835565107,0,3815430795,0,493206,
0,-201030,-198630,44377927,0,-199687,2191661571084095277,0,3815430795,0,493207,
0,-201030,-198630,44379727,0,-199687,2792482212465905136,4834773598,3815430795,0,493208,
0,-201030,-198630,44381527,0,-199687,3526134501841221496,4834773598,3815430795,0,493209,
0,-201030,-198630,44383327,0,-199687,4281218288597044365,9669547196,3815430795,0,493210,
0,-201030,-198630,44385127,0,-199687,7825261521897088013,14504320794,3815430795,0,493211,
0,-201030,-198630,44386927,0,-199687,9292844714145868497,14504320794,3815430795,0,493212,
0,-201030,-198630,44388727,0,-199687,12447740259819107102,24173867991,3815430795,0,493213,
0,-201030,-198630,44390527,0,-199687,14760863043843966074,24173867991,3815430795,0,493214,
0,-201030,-198630,44392327,0,-199687,17941267256307909689,33843415187,3815430795,0,493215,
0,-201030,-198630,44394127,0,-199687,19016369605159177901,33843415187,3815430795,0,493216,
0,-201030,-198630,44395927,0,-199687,20263694750678818302,38678188786,3815430795,0,493217,
0,-201030,-198630,44397727,0,-199687,21737138109154010551,43512962384,3815430795,0,493218,
0,-201030,-198630,44399527,0,-199687,22932347475035033758,43512962384,3815430795,0,493219,
0,-201030,-198630,44401327,0,-199687,25298915219490921153,53182509581,3815430795,0,493220,
0,-201030,-198630,44403127,0,-199687,26950379583237235467,53182509581,3815430795,0,493221,
0,-201030,-198630,44404927,0,-199687,29660556215110949850,62852056777,3815430795,0,493222,
0,-201030,-198630,44406727,0,-199687,36550360261957021378,87025924768,3815430795,0,493223,
0,-201030,-198630,44408527,0,-199221,46483221678210101448,111199792760,3815430795,0,493224,
0,-201030,-198630,44410327,0,-199221,49868306026122223148,116034566358,3815430795,0,493225,
0,-201030,-198630,44412127,0,-199221,51108773862369449255,120869339956,3815430795,0,493226,
0,-201030,-198630,44413927,0,-199221,52593909530949689434,125704113555,3815430795,0,493227,
0,-201030,-198630,44415727,0,-199221,53100762194378513135,125704113555,3815430795,0,493228,
0,-201030,-198630,44417527,0,-199221,54169730298522856999,125704113555,3815430795,0,493229,
0,-201030,-198630,44419327,0,-199221,54720682276008602891,130538887153,3815430795,0,493230,
0,-201030,-198630,44421127,0,-199221,55700052549220667334,130538887153,3815430795,0,493231,
0,-201030,-198630,44422927,0,-199221,56381756477497527549,135373660751,3815430795,0,493232,
0,-201030,-198630,44424727,0,-199221,57387444613557440207,135373660751,3815430795,0,493233,
0,-201030,-198630,44426527,0,-199221,58328259791319120582,140208434349,3815430795,0,493234,
0,-201030,-198630,44428327,0,-199221,59346985145795007585,140208434349,3815430795,0,493235,
0,-201030,-198630,44430127,0,-199221,60430029722279369295,140208434349,3815430795,0,493236,
0,-201030,-198630,44431927,0,-199221,61349347944660796121,145043207948,3815430795,0,493237,
0,-201030,-198630,44433727,0,-199221,65435114539602199262,154712755144,3815430795,0,493238,
0,-201030,-198630,44435527,0,-199221,70357629691329353524,159547528743,3815430795,0,493239,
0,-201030,-198630,44437327,0,-199221,71933101658996047172,164382302341,3815430795,0,493240,
0,-201030,-198630,44439127,0,-199221,73066610432283987510,169217075939,3815430795,0,493241,
0,-201030,-198630,44440927,0,-199221,74692291649472875574,174051849537,3815430795,0,493242,
0,-201030,-198630,44442727,0,-199221,77268109251017010966,174051849537,3815430795,0,493243,
0,-201030,-198630,44444527,0,-199221,78213913890958242651,178886623136,3815430795,0,493244,
0,-201030,-198630,44446327,0,-199221,78893351475597949302,178886623136,3815430795,0,493245,
0,-201030,-198630,44448127,0,-199221,79677576884391239815,183721396734,3815430795,0,493246,
0,-201030,-198630,44449927,0,-199221,81951870281755163811,183721396734,3815430795,0,493247,
0,-201030,-198630,44451727,0,-199386,83145882581867122239,188556170332,3815430795,0,493248,
0,-201030,-198630,44453527,0,-199386,84396646672838573714,188556170332,3815430795,0,493249,
0,-201030,-198630,44455327,0,-199386,86181201664060959701,193390943930,3815430795,0,493250,
0,-201030,-198630,44457127,0,-199386,86913556121315876043,193390943930,3815430795,0,493251,
0,-201030,-198630,44458927,0,-199386,87388801790780131968,193390943930,3815430795,0,493252,
0,-201030,-198630,44460727,0,-199386,87756091176882722021,198225717529,3815430795,0,493253,
0,-201030,-198630,44462527,0,-199386,88164434080875114080,198225717529,3815430795,0,493254,
0,-201030,-198630,44464327,0,-199386,88542084275599013663,198225717529,3815430795,0,493255,
0,-201030,-198630,44466127,0,-199386,88773306259286300826,198225717529,3815430795,0,493256,
0,-201030,-198630,44467927,0,-199386,89409469651670461207,198225717529,3815430795,0,493257,
0,-201030,-198630,44469727,0,-199386,89985710845573286429,203060491127,3815430795,0,493258,
0,-201030,-198630,44471527,0,-199386,90570865964741759958,203060491127,3815430795,0,493259,
0,-201030,-198630,44473327,0,-199386,91501509078608633842,203060491127,3815430795,0,493260,
0,-201030,-198630,44475127,0,-199386,92648550479893616519,207895264725,3815430795,0,493261,
0,-201030,-198630,44476927,0,-199386,95232607966742196777,212730038324,3815430795,0,493262,
0,-201030,-198630,44478727,0,-199386,96929675549220912554,217564811922,3815430795,0,493263,
0,-201030,-198630,44480527,0,-199386,100421185621712373566,227234359118,3815430795,0,493264,
0,-201030,-198630,44482327,0,-199386,104424437599790290957,236903906315,3815430795,0,493265,
0,-201030,-198630,44484127,0,-199386,106466262004486592836,241738679913,3815430795,0,493266,
0,-201030,-198630,44485927,0,-199386,108924170317531220086,246573453512,3815430795,0,493267,
0,-201030,-198630,44487727,0,-199386,110460572595784823719,251408227110,3815430795,0,493268,
0,-201030,-198630,44489527,0,-199386,111147328388664068174,251408227110,3815430795,0,493269,
0,-201030,-198630,44491327,0,-199386,112548594084124150316,251408227110,3815430795,0,493270,
0,-201030,-198630,44493127,0,-199386,115909536947358460673,261077774306,3815430795,0,493271,
0,-201030,-198630,44494927,0,-199260,117971766054722788315,265912547905,3815430795,0,493272,
0,-201030,-198630,44496727,0,-199260,119123784468645306746,265912547905,3815430795,0,493273,
0,-201030,-198630,44498527,0,-199260,121108383318182447059,270747321503,3815430795,0,493274,
0,-201030,-198630,44500327,0,-199260,121910294483510980901,270747321503,3815430795,0,493275,
0,-201030,-198630,44502127,0,-199260,122424509356453860302,270747321503,3815430795,0,493276,
0,-201030,-198630,44503927,0,-199260,122672550366813428120,275582095101,3815430795,0,493277,
0,-201030,-198630,44505727,0,-199260,123052791627908435778,275582095101,3815430795,0,493278,
0,-201030,-198630,44507527,0,-199260,123638741385630748108,275582095101,3815430795,0,493279,
0,-201030,-198630,44509327,0,-199260,124187189037418512570,275582095101,3815430795,0,493280,
0,-201030,-198630,44511127,0,-199260,124577645947892315163,275582095101,3815430795,0,493281,
0,-201030,-198630,44512927,0,-199260,125017611389646393451,280416868699,3815430795,0,493282,
0,-201030,-198630,44514727,0,-199260,125333403237949472066,280416868699,3815430795,0,493283,
0,-201030,-198630,44516527,0,-199260,126301759171688627418,285251642298,3815430795,0,493284,
0,-201030,-198630,44518327,0,-199260,128567168164914494170,290086415896,3815430795,0,493285,
0,-201030,-198630,44520127,0,-199260,130152645116369985138,294921189494,3815430795,0,493286,
0,-201030,-198630,44521927,0,-199260,134040846554394544528,304590736691,3815430795,0,493287,
0,-201030,-198630,44523727,0,-199260,136628175679354567571,309425510289,3815430795,0,493288,
0,-201030,-198630,44525527,0,-199260,138141063383518527324,314260283887,3815430795,0,493289,
0,-201030,-198630,44527327,0,-199260,138915954444803610773,314260283887,3815430795,0,493290,
0,-201030,-198630,44529127,0,-199260,139828875275420706364,319095057486,3815430795,0,493291,
0,-201030,-198630,44530927,0,-199260,140350559225713257726,319095057486,3815430795,0,493292,
0,-201030,-198630,44532727,0,-199260,141219175530308052364,323929831084,3815430795,0,493293,
0,-201030,-198630,44534527,0,-199260,142120154557163334667,323929831084,3815430795,0,493294,
0,-201030,-198630,44536327,0,-199260,143066637341788554728,323929831084,3815430795,0,493295,
0,-201030,-198630,44538127,0,-199054,143328742466806823204,323929831084,3815430795,0,493296,
0,-201030,-198630,44539927,0,-199054,143915257046954753955,323929831084,3815430795,0,493297,
0,-201030,-198630,44541727,0,-199054,144293697702988103430,328764604682,3815430795,0,493298,
0,-201030,-198630,44543527,0,-199054,144587990521793054836,328764604682,3815430795,0,493299,
0,-201030,-198630,44545327,0,-199054,145339058830849793190,328764604682,3815430795,0,493300,
0,-201030,-198630,44547127,0,-199054,145612680246370717215,328764604682,3815430795,0,493301,
0,-201030,-198630,44548927,0,-199054,146164566713071405598,328764604682,3815430795,0,493302,
0,-201030,-198630,44550727,0,-199054,146831595943131839067,333599378280,3815430795,0,493303,
0,-201030,-198630,44552527,0,-199054,147051046935608539980,333599378280,3815430795,0,493304,
0,-201030,-198630,44554327,0,-199054,147119379628885055918,333599378280,3815430795,0,493305,
0,-201030,-198630,44556127,0,-199054,147599328218002014217,333599378280,3815430795,0,493306,
0,-201030,-198630,44557927,0,-199054,148032030166649366374,333599378280,3815430795,0,493307,
0,-201030,-198630,44559727,0,-199054,148110684680932895356,338434151879,3815430795,0,493308,
0,-201030,-198630,44561527,0,-199054,148348183158035915301,338434151879,3815430795,0,493309,
0,-201030,-198630,44563327,0,-199054,149258014810062393389,338434151879,3815430795,0,493310,
0,-201030,-198630,44565127,0,-199054,149734109857387167779,338434151879,3815430795,0,493311,
0,-201030,-198630,44566927,0,-199054,150216097169000272878,343268925477,3815430795,0,493312,
0,-201030,-198630,44568727,0,-199054,151770591943622395478,348103699075,3815430795,0,493313,
0,-201030,-198630,44570527,0,-199054,152440539650922012172,348103699075,3815430795,0,493314,
0,-201030,-198630,44572327,0,-199054,155375863765073443248,357773246272,3815430795,0,493315,
0,-201030,-198630,44574127,0,-199054,158462164587245460231,367442793468,3815430795,0,493316,
0,-201030,-198630,44575927,0,-199054,160148555432822087229,367442793468,3815430795,0,493317,
0,-201030,-198630,44577727,0,-199054,160826739109259534188,372277567067,3815430795,0,493318,
0,-201030,-198630,44579527,0,-199054,162024021848459083028,372277567067,3815430795,0,493319,
0,-201030,-198630,44581327,0,-199306,163139321317248370086,372277567067,3815430795,0,493320,
0,-201030,-198630,44583127,0,-199306,163854167149568363084,377112340665,3815430795,0,493321,
0,-201030,-198630,44584927,0,-199306,170846364884195115317,386781887861,3815430795,0,493322,
0,-201030,-198630,44586727,0,-199306,172976066926716524937,391616661460,3815430795,0,493323,
0,-201030,-198630,44588527,0,-199306,174361350760726735647,391616661460,3815430795,0,493324,
0,-201030,-198630,44590327,0,-199306,174924060936612126755,391616661460,3815430795,0,493325,
0,-201030,-198630,44592127,0,-199306,175984391693549285203,396451435058,3815430795,0,493326,
0,-201030,-198630,44593927,0,-199306,176182011952380828488,396451435058,3815430795,0,493327,
0,-201030,-198630,44595727,0,-199306,176509979825052688800,396451435058,3815430795,0,493328,
0,-201030,-198630,44597527,0,-199306,176927915485532568500,396451435058,3815430795,0,493329,
0,-201030,-198630,44599327,0,-199306,177141081838000023538,401286208656,3815430795,0,493330,
0,-201030,-198630,44601127,0,-199306,178389745911215649289,401286208656,3815430795,0,493331,
0,-201030,-198630,44602927,0,-199306,178877239067837243006,401286208656,3815430795,0,493332,
0,-201030,-198630,44604727,0,-199306,180685665202536919218,406120982255,3815430795,0,493333,
0,-201030,-198630,44606527,0,-199306,182512412078431915338,406120982255,3815430795,0,493334,
0,-201030,-198630,44608327,0,-199306,183817772052524238083,410955755853,3815430795,0,493335,
0,-201030,-198630,44610127,0,-199306,184370427746208732736,410955755853,3815430795,0,493336,
0,-201030,-198630,44611927,0,-199306,184803136574738915238,410955755853,3815430795,0,493337,
0,-201030,-198630,44613727,0,-199306,185229638346871783376,415790529451,3815430795,0,493338,
0,-201030,-198630,44615527,0,-199306,185825385067414053668,415790529451,3815430795,0,493339,
0,-201030,-198630,44617327,0,-199306,186152141471526299942,415790529451,3815430795,0,493340,
0,-201030,-198630,44619127,0,-199306,187105768499567444694,420625303049,3815430795,0,493341,
0,-201030,-198630,44620927,0,-199306,187883138276754759514,420625303049,3815430795,0,493342,
0,-201030,-198630,44622727,0,-199306,191664732468625232375,430294850246,3815430795,0,493343,
0,-201030,-198630,44624527,0,-199167,192873857773023716322,430294850246,3815430795,0,493344,
0,-201030,-198630,44626327,0,-199167,193613207190390163432,435129623844,3815430795,0,493345,
0,-201030,-198630,44628127,0,-199167,194246766399662443621,435129623844,3815430795,0,493346,
0,-201030,-198630,44629927,0,-199167,195370969166885009980,435129623844,3815430795,0,493347,
0,-201030,-198630,44631727,0,-199167,195764228418501391646,439964397442,3815430795,0,493348,
0,-201030,-198630,44633527,0,-199167,196333662845854998934,439964397442,3815430795,0,493349,
0,-201030,-198630,44635327,0,-199167,196931413454349640458,439964397442,3815430795,0,493350,
0,-201030,-198630,44637127,0,-199167,197212987371397554314,439964397442,3815430795,0,493351,
0,-201030,-198630,44638927,0,-199167,198061815474644933565,439964397442,3815430795,0,493352,
0,-201030,-198630,44640727,0,-199167,198804315051601393215,444799171041,3815430795,0,493353,
0,-201030,-198630,44642527,0,-199167,199253189168056992086,444799171041,3815430795,0,493354,
0,-201030,-198630,44644327,0,-199167,199822500231327465802,444799171041,3815430795,0,493355,
0,-201030,-198630,44646127,0,-199167,200153113353678150051,444799171041,3815430795,0,493356,
0,-201030,-198630,44647927,0,-199167,201480154338146839058,449633944639,3815430795,0,493357,
0,-201030,-198630,44649727,0,-199167,204404849864906446571,459303491836,3815430795,0,493358,
0,-201030,-198630,44651527,0,-199167,206739008797205133951,464138265434,3815430795,0,493359,
0,-201030,-198630,44653327,0,-199167,209804690707230080020,468973039032,3815430795,0,493360,
0,-201030,-198630,44655127,0,-199167,212699888090912309528,478642586229,3815430795,0,493361,
0,-201030,-198630,44656927,0,-199167,214322029257863899401,483477359827,3815430795,0,493362,
0,-201030,-198630,44658727,0,-199167,215338341567167340397,483477359827,3815430795,0,493363,
0,-201030,-198630,44660527,0,-199167,217412981175750418854,493146907024,3815430795,0,493364,
0,-201030,-198630,44662327,0,-199167,218977510527810533813,493146907024,3815430795,0,493365,
0,-201030,-198630,44664127,0,-199167,219857406620287877207,497981680622,3815430795,0,493366,
0,-201030,-198630,44665927,0,-199167,228917796759060993641,526990322211,3815430795,0,493367,
0,-201030,-198630,44667727,0,-198661,150200062729387520210,14451138285242,3815430795,0,493368,
0,-201030,-198630,44669527,0,-198661,231080668457225990139,531825095810,3815430795,0,493369,
0,-201030,-198630,44671327,0,-198661,151907222481127330992,14451138285242,3815430795,0,493370,
0,-201030,-198630,44673127,0,-198661,152644058227178431207,14455973058840,3815430795,0,493371,
0,-201030,-198630,44674927,0,-198661,153156501643909676423,14455973058840,3815430795,0,493372,
0,-201030,-198630,44676727,0,-198661,231848883832343652075,536659869408,3815430795,0,493373,
0,-201030,-198630,44678527,0,-198661,232374844560509180297,536659869408,3815430795,0,493374,
0,-201030,-198630,44680327,0,-198661,153697361041178571457,14455973058840,3815430795,0,493375,
0,-201030,-198630,44682127,0,-198661,155146845079575588150,14460807832439,3815430795,0,493376,
0,-201030,-198630,44683927,0,-198661,156783574276592082099,14465642606037,3815430795,0,493377,
0,-201030,-198630,44685727,0,-198661,157600078906271044478,14470477379635,3815430795,0,493378,
0,-201030,-198630,44687527,0,-198661,158476264227820561009,14470477379635,3815430795,0,493379,
0,-201030,-198630,44689327,0,-198661,159143282913239776642,14470477379635,3815430795,0,493380,
0,-201030,-198630,44691127,0,-198661,160376755083498526633,14475312153233,3815430795,0,493381,
0,-201030,-198630,44692927,0,-198661,162531190493351195558,14480146926832,3815430795,0,493382,
0,-201030,-198630,44694727,0,-198661,233155485835599503552,536659869408,3815430795,0,493383,
0,-201030,-198630,44696527,0,-198661,235940464431093150655,546329416605,3815430795,0,493384,
0,-201030,-198630,44698327,0,-198661,238327204151555137272,546329416605,3815430795,0,493385,
0,-201030,-198630,44700127,0,-198661,240192444334493931512,551164190203,3815430795,0,493386,
0,-201030,-198630,44701927,0,-198661,242962949358352840090,555998963801,3815430795,0,493387,
0,-201030,-198630,44703727,0,-198661,244463638595128974954,560833737399,3815430795,0,493388,
0,-201030,-198630,44705527,0,-198661,245649974116017479548,565668510998,3815430795,0,493389,
0,-201030,-198630,44707327,0,-198661,246479169441384307144,565668510998,3815430795,0,493390,
0,-201030,-198630,44709127,0,-198661,248032961815263298824,570503284596,3815430795,0,493391,
0,-201030,-198630,44710927,0,-198741,248547148733545233002,570503284596,3815430795,0,493392,
0,-201030,-198630,44712727,0,-198741,249802514213923823087,575338058194,3815430795,0,493393,
0,-201030,-198630,44714527,0,-198741,250743586176180855018,575338058194,3815430795,0,493394,
0,-201030,-198630,44716327,0,-198741,251680617374872883457,580172831792,3815430795,0,493395,
0,-201030,-198630,44718127,0,-198741,252015245153011140515,580172831792,3815430795,0,493396,
0,-201030,-198630,44719927,0,-198741,252405427134084277228,580172831792,3815430795,0,493397,
0,-201030,-198630,44721727,0,-198741,253604553522334829688,580172831792,3815430795,0,493398,
0,-201030,-198630,44723527,0,-198741,254058926961689333105,585007605391,3815430795,0,493399,
0,-201030,-198630,44725327,0,-198741,255188510860935420591,585007605391,3815430795,0,493400,
0,-201030,-198630,44727127,0,-198741,255729049524158579692,589842378989,3815430795,0,493401,
0,-201030,-198630,44728927,0,-198741,256354334003913092250,589842378989,3815430795,0,493402,
0,-201030,-198630,44730727,0,-198741,257552280784762043301,589842378989,3815430795,0,493403,
0,-201030,-198630,44732527,0,-198741,258160737351530401574,594677152587,3815430795,0,493404,
0,-201030,-198630,44734327,0,-198741,259212258996258748707,594677152587,3815430795,0,493405,
0,-201030,-198630,44736127,0,-198741,261373784606428060810,599511926186,3815430795,0,493406,
0,-201030,-198630,44737927,0,-198741,263080380754105199936,604346699784,3815430795,0,493407,
0,-201030,-198630,44739727,0,-198741,265659734891006227573,609181473382,3815430795,0,493408,
0,-201030,-198630,44741527,0,-198741,267173011543036621314,614016246980,3815430795,0,493409,
0,-201030,-198630,44743327,0,-198741,268651895622119933423,618851020579,3815430795,0,493410,
0,-201030,-198630,44745127,0,-198741,269632721055820059334,623685794177,3815430795,0,493411,
0,-201030,-198630,44746927,0,-198741,170361098846692472363,14499486021225,3815430795,0,493412,
0,-201030,-198630,44748727,0,-198741,271035001352693607375,628520567775,3815430795,0,493413,
0,-201030,-198630,44750527,0,-198741,272119843232089259645,628520567775,3815430795,0,493414,
0,-201030,-198630,44752327,0,-198741,272209733934267028143,628520567775,3815430795,0,493415,
0,-201030,-198630,44754127,0,-198749,273185714252788152827,633355341373,3815430795,0,493416,
0,-201030,-198630,44755927,0,-198749,274037169001505549855,633355341373,3815430795,0,493417,
0,-201030,-198630,44757727,0,-198749,275271526969974334113,638190114972,3815430795,0,493418,
0,-201030,-198630,44759527,0,-198749,276275933891030704024,638190114972,3815430795,0,493419,
0,-201030,-198630,44761327,0,-198749,276917414905852398599,638190114972,3815430795,0,493420,
0,-201030,-198630,44763127,0,-198749,277863822393713599133,643024888570,3815430795,0,493421,
0,-201030,-198630,44764927,0,-198749,278440424189205251659,643024888570,3815430795,0,493422,
0,-201030,-198630,44766727,0,-198749,278896634808683684204,643024888570,3815430795,0,493423,
0,-201030,-198630,44768527,0,-198749,280712898652880806415,647859662168,3815430795,0,493424,
0,-201030,-198630,44770327,0,-198749,281657927940180082816,647859662168,3815430795,0,493425,
0,-201030,-198630,44772127,0,-198749,282048290316325718347,652694435767,3815430795,0,493426,
0,-201030,-198630,44773927,0,-198749,283025912925247025714,652694435767,3815430795,0,493427,
0,-201030,-198630,44775727,0,-198749,283215030794741605818,652694435767,3815430795,0,493428,
0,-201030,-198630,44777527,0,-198749,283902180747373223201,657529209365,3815430795,0,493429,
0,-201030,-198630,44779327,0,-198749,287889463724499040571,662363982963,3815430795,0,493430,
0,-201030,-198630,44781127,0,-198749,291355912269401259394,667198756561,3815430795,0,493431,
0,-201030,-198630,44782927,0,-198749,294050711550907189002,676868303758,3815430795,0,493432,
0,-201030,-198630,44784727,0,-198749,297002792318316709394,681703077356,3815430795,0,493433,
0,-201030,-198630,44786527,0,-198749,298723999997893213809,686537850954,3815430795,0,493434,
0,-201030,-198630,44788327,0,-198749,300166413407137113139,691372624553,3815430795,0,493435,
0,-201030,-198630,44790127,0,-198749,301427531518707742167,696207398151,3815430795,0,493436,
0,-201030,-198630,44791927,0,-198749,303007710259341696015,701042171749,3815430795,0,493437,
0,-201030,-198630,44793727,0,-198749,304140463434872603618,701042171749,3815430795,0,493438,
0,-201030,-198630,44795527,0,-198749,304929327543020890625,705876945348,3815430795,0,493439,
0,-201030,-198630,44797327,0,-198492,172806939540661938427,14504320794823,3815430795,0,493440,
0,-201030,-198630,44799127,0,-198492,172806939540661938427,14504320794823,3815430795,0,493441,
0,-201030,-198630,44800927,0,-198492,172806939540661938427,14504320794823,3815430795,0,493442,
0,-201030,-198630,44802727,0,-198492,172806939540661938427,14504320794823,3815430795,0,493443,
0,-201030,-198630,44804527,0,-198492,172806939540661938427,14504320794823,3815430795,0,493444,
0,-201030,-198630,44806327,0,-198492,172806939540661938427,14504320794823,3815430795,0,493445,
0,-201030,-198630,44808127,0,-198492,172806939540661938427,14504320794823,3815430795,0,493446,
0,-201030,-198630,44809927,0,-198492,172806939540661938427,14504320794823,3815430795,0,493447,
0,-201030,-198630,44811727,0,-198492,172806939540661938427,14504320794823,3815430795,0,493448,
0,-201030,-198630,44813527,0,-198492,172806939540661938427,14504320794823,3815430795,0,493449,
0,-201030,-198630,44815327,0,-198492,173360251042376397429,14504320794823,3815430795,0,493450,
0,-201030,-198630,44817127,0,-198492,173360251042376397429,14504320794823,3815430795,0,493451,
0,-201030,-198630,44818927,0,-198492,173360251042376397429,14504320794823,3815430795,0,493452,
0,-201030,-198630,44820727,0,-198492,316911682629955554689,734885586937,3815430795,0,493453,
0,-201030,-198630,44822527,0,-198492,316911682629955554689,734885586937,3815430795,0,493454,
0,-201030,-198630,44824327,0,-198492,316911682629955554689,734885586937,3815430795,0,493455,
0,-201030,-198630,44826127,0,-198492,316911682629955554689,734885586937,3815430795,0,493456,
0,-201030,-198630,44827927,0,-198492,316911682629955554689,734885586937,3815430795,0,493457,
0,-201030,-198630,44829727,0,-198492,316911682629955554689,734885586937,3815430795,0,493458,
0,-201030,-198630,44831527,0,-198492,316911682629955554689,734885586937,3815430795,0,493459,
0,-201030,-198630,44833327,0,-198492,316911682629955554689,734885586937,3815430795,0,493460,
0,-201030,-198630,44835127,0,-198492,316911682629955554689,734885586937,3815430795,0,493461,
0,-201030,-198630,44836927,0,-198492,316911682629955554689,734885586937,3815430795,0,493462,
0,-201030,-198630,44838727,0,-198492,316911682629955554689,734885586937,3815430795,0,493463,
0,-201030,-198630,44840527,0,-198593,316911682629955554689,734885586937,3815430795,0,493464,
0,-201030,-198630,44842327,0,-198593,316911682629955554689,734885586937,3815430795,0,493465,
0,-201030,-198630,44844127,0,-198593,316911682629955554689,734885586937,3815430795,0,493466,
0,-201030,-198630,44845927,0,-198593,316911682629955554689,734885586937,3815430795,0,493467,
0,-201030,-198630,44847727,0,-198593,316911682629955554689,734885586937,3815430795,0,493468,
0,-201030,-198630,44849527,0,-198593,316911682629955554689,734885586937,3815430795,0,493469,
0,-201030,-198630,44851327,0,-198593,316911682629955554689,734885586937,3815430795,0,493470,
0,-201030,-198630,44853127,0,-198593,316911682629955554689,734885586937,3815430795,0,493471,
0,-201030,-198630,44854927,0,-198593,316911682629955554689,734885586937,3815430795,0,493472,
0,-201030,-198630,44856727,0,-198593,316911682629955554689,734885586937,3815430795,0,493473,
0,-201030,-198630,44858527,0,-198593,316911682629955554689,734885586937,3815430795,0,493474,
0,-201030,-198630,44860327,0,-198593,210115226895554059927,14591346719592,3815430795,0,493475,
0,-201030,-198630,44862127,0,-198593,210115226895554059927,14591346719592,3815430795,0,493476,
0,-201030,-198630,44863927,0,-198593,210115226895554059927,14591346719592,3815430795,0,493477,
0,-201030,-198630,44865727,0,-198593,210115226895554059927,14591346719592,3815430795,0,493478,
0,-201030,-198630,44867527,0,-198593,210115226895554059927,14591346719592,3815430795,0,493479,
0,-201030,-198630,44869327,0,-198593,210251559785057191269,14591346719592,3815430795,0,493480,
0,-201030,-198630,44871127,0,-198593,210807252973602537870,14596181493190,3815430795,0,493481,
0,-201030,-198630,44872927,0,-198593,210807252973602537870,14596181493190,3815430795,0,493482,
0,-201030,-198630,44874727,0,-198593,210807252973602537870,14596181493190,3815430795,0,493483,
0,-201030,-198630,44876527,0,-198593,210807252973602537870,14596181493190,3815430795,0,493484,
0,-201030,-198630,44878327,0,-198593,210807252973602537870,14596181493190,3815430795,0,493485,
0,-201030,-198630,44880127,0,-198593,210807252973602537870,14596181493190,3815430795,0,493486,
0,-201030,-198630,44881927,0,-198593,210807252973602537870,14596181493190,3815430795,0,493487,
0,-201030,-198630,44883727,0,-198855,327363776253800859524,759059454929,3815430795,0,493488,
0,-201030,-198630,44885527,0,-198855,327958019495127727193,759059454929,3815430795,0,493489,
0,-201030,-198630,44887327,0,-198855,328491910924826090626,759059454929,3815430795,0,493490,
0,-201030,-198630,44889127,0,-198855,329614408979886546980,763894228527,3815430795,0,493491,
0,-201030,-198630,44890927,0,-198855,330158036676657115635,763894228527,3815430795,0,493492,
0,-201030,-198630,44892727,0,-198855,331690520308057260995,768729002125,3815430795,0,493493,
0,-201030,-198630,44894527,0,-198855,332094852404741864472,768729002125,3815430795,0,493494,
0,-201030,-198630,44896327,0,-198855,333099315583223823905,768729002125,3815430795,0,493495,
0,-201030,-198630,44898127,0,-198855,335682566649175306367,773563775723,3815430795,0,493496,
0,-201030,-198630,44899927,0,-198855,336359884659399982273,773563775723,3815430795,0,493497,
0,-201030,-198630,44901727,0,-198855,337173693772259019455,778398549322,3815430795,0,493498,
0,-201030,-198630,44903527,0,-198855,337496726564284761849,778398549322,3815430795,0,493499,
0,-201030,-198630,44905327,0,-198855,337965198130930229784,778398549322,3815430795,0,493500,
0,-201030,-198630,44907127,0,-198855,338718241580375524030,783233322920,3815430795,0,493501,
0,-201030,-198630,44908927,0,-198855,340061677011368640421,788068096518,3815430795,0,493502,
0,-201030,-198630,44910727,0,-198855,341097654989517422134,788068096518,3815430795,0,493503,
0,-201030,-198630,44912527,0,-198855,342745846956092838734,792902870117,3815430795,0,493504,
0,-201030,-198630,44914327,0,-198855,344846714428213233527,792902870117,3815430795,0,493505,
0,-201030,-198630,44916127,0,-198855,347522240508455435949,797737643715,3815430795,0,493506,
0,-201030,-198630,44917927,0,-198855,349223008138334137616,802572417313,3815430795,0,493507,
0,-201030,-198630,44919727,0,-198855,350001634618222851931,807407190911,3815430795,0,493508,
0,-201030,-198630,44921527,0,-198855,351987653208696672753,807407190911,3815430795,0,493509,
0,-201030,-198630,44923327,0,-198855,353222108012845856851,812241964510,3815430795,0,493510,
0,-201030,-198630,44925127,0,-198855,357384869832606634759,821911511706,3815430795,0,493511,
0,-201030,-198630,44926927,0,-198886,358645535380359823702,821911511706,3815430795,0,493512,
0,-201030,-198630,44928727,0,-198886,359626256624688906797,826746285304,3815430795,0,493513,
0,-201030,-198630,44930527,0,-198886,360607615831898603008,826746285304,3815430795,0,493514,
0,-201030,-198630,44932327,0,-198886,361726262390276107524,831581058903,3815430795,0,493515,
0,-201030,-198630,44934127,0,-198886,362001756018690453774,831581058903,3815430795,0,493516,
0,-201030,-198630,44935927,0,-198886,362586362816515599794,831581058903,3815430795,0,493517,
0,-201030,-198630,44937727,0,-198886,363693128977590762706,831581058903,3815430795,0,493518,
0,-201030,-198630,44939527,0,-198886,364674167126824891900,836415832501,3815430795,0,493519,
0,-201030,-198630,44941327,0,-198886,368196267861018506608,846085379698,3815430795,0,493520,
0,-201030,-198630,44943127,0,-198886,369841618629375934803,850920153296,3815430795,0,493521,
0,-201030,-198630,44944927,0,-198886,370715932434239427260,855754926894,3815430795,0,493522,
0,-201030,-198630,44946727,0,-198886,371400390065836467905,855754926894,3815430795,0,493523,
0,-201030,-198630,44948527,0,-198886,372288727262060642752,855754926894,3815430795,0,493524,
0,-201030,-198630,44950327,0,-198886,373491787947326791101,860589700492,3815430795,0,493525,
0,-201030,-198630,44952127,0,-198886,376593887141621077801,865424474091,3815430795,0,493526,
0,-201030,-198630,44953927,0,-198886,381547866376240008444,875094021287,3815430795,0,493527,
0,-201030,-198630,44955727,0,-198886,384296818806144094530,884763568484,3815430795,0,493528,
0,-201030,-198630,44957527,0,-198886,385975892439444544969,889598342082,3815430795,0,493529,
0,-201030,-198630,44959327,0,-198886,387277200331766870662,894433115680,3815430795,0,493530,
0,-201030,-198630,44961127,0,-198886,389708469187328213270,899267889279,3815430795,0,493531,
0,-201030,-198630,44962927,0,-198886,390285910671794093320,899267889279,3815430795,0,493532,
0,-201030,-198630,44964727,0,-198886,391322610621849531768,904102662877,3815430795,0,493533,
0,-201030,-198630,44966527,0,-198886,393434488889553788117,908937436475,3815430795,0,493534,
0,-201030,-198630,44968327,0,-198886,394171699122663489881,908937436475,3815430795,0,493535,
0,-201030,-198630,44970127,0,-198857,394959128792163357626,908937436475,3815430795,0,493536,
0,-201030,-198630,44971927,0,-198857,395652636660632876331,913772210073,3815430795,0,493537,
0,-201030,-198630,44973727,0,-198857,396423175502237755445,913772210073,3815430795,0,493538,
0,-201030,-198630,44975527,0,-198857,396961197390220917558,913772210073,3815430795,0,493539,
0,-201030,-198630,44977327,0,-198857,397841989037481416537,918606983672,3815430795,0,493540,
0,-201030,-198630,44979127,0,-198857,398271334584766600961,918606983672,3815430795,0,493541,
0,-201030,-198630,44980927,0,-198857,398660872017997483706,918606983672,3815430795,0,493542,
0,-201030,-198630,44982727,0,-198857,399241221526922027510,918606983672,3815430795,0,493543,
0,-201030,-198630,44984527,0,-198857,400142140926514522294,923441757270,3815430795,0,493544,
0,-201030,-198630,44986327,0,-198857,401211393470059199844,923441757270,3815430795,0,493545,
0,-201030,-198630,44988127,0,-198857,401690555692919945989,928276530868,3815430795,0,493546,
0,-201030,-198630,44989927,0,-198857,402120780293905995087,928276530868,3815430795,0,493547,
0,-201030,-198630,44991727,0,-198857,403289380588855798808,928276530868,3815430795,0,493548,
0,-201030,-198630,44993527,0,-198857,405383439399195725144,933111304466,3815430795,0,493549,
0,-201030,-198630,44995327,0,-198857,406921395665544512575,937946078065,3815430795,0,493550,
0,-201030,-198630,44997127,0,-198857,410066944622062793285,942780851663,3815430795,0,493551,
0,-201030,-198630,44998927,0,-198857,412431515812917858030,952450398860,3815430795,0,493552,
0,-201030,-198630,45000727,0,-198857,414208677980839764042,952450398860,3815430795,0,493553,
0,-201030,-198630,45002527,0,-198857,417224963690714216726,962119946056,3815430795,0,493554,
0,-201030,-198630,45004327,0,-198857,418744380466536230317,966954719654,3815430795,0,493555,
0,-201030,-198630,45006127,0,-198857,421793668476366165606,971789493253,3815430795,0,493556,
0,-201030,-198630,45007927,0,-198857,424013946129597596087,976624266851,3815430795,0,493557,
0,-201030,-198630,45009727,0,-198857,424612760223901555663,976624266851,3815430795,0,493558,
0,-201030,-198630,45011527,0,-198857,425613185868447275252,981459040449,3815430795,0,493559,
0,-201030,-198630,45013327,0,-198539,210807252973602537870,14596181493190,3815430795,0,493560,
0,-201030,-198630,45015127,0,-198539,210807252973602537870,14596181493190,3815430795,0,493561,
0,-201030,-198630,45016927,0,-198539,210807252973602537870,14596181493190,3815430795,0,493562,
0,-201030,-198630,45018727,0,-198539,430200363429585115382,995963361244,3815430795,0,493563,
0,-201030,-198630,45020527,0,-198539,212298488864587891339,14596181493190,3815430795,0,493564,
0,-201030,-198630,45022327,0,-198539,212467236135907407909,14596181493190,3815430795,0,493565,
0,-201030,-198630,45024127,0,-198539,431245028828691239841,1000798134842,3815430795,0,493566,
0,-201030,-198630,45025927,0,-198539,431245028828691239841,1000798134842,3815430795,0,493567,
0,-201030,-198630,45027727,0,-198539,431245028828691239841,1000798134842,3815430795,0,493568,
0,-201030,-198630,45029527,0,-198539,431245028828691239841,1000798134842,3815430795,0,493569,
0,-201030,-198630,45031327,0,-198539,431245028828691239841,1000798134842,3815430795,0,493570,
0,-201030,-198630,45033127,0,-198539,431245028828691239841,1000798134842,3815430795,0,493571,
0,-201030,-198630,45034927,0,-198539,431245028828691239841,1000798134842,3815430795,0,493572,
0,-201030,-198630,45036727,0,-198539,431245028828691239841,1000798134842,3815430795,0,493573,
0,-201030,-198630,45038527,0,-198539,431245028828691239841,1000798134842,3815430795,0,493574,
0,-201030,-198630,45040327,0,-198539,431245028828691239841,1000798134842,3815430795,0,493575,
0,-201030,-198630,45042127,0,-198539,431245028828691239841,1000798134842,3815430795,0,493576,
0,-201030,-198630,45043927,0,-198539,431245028828691239841,1000798134842,3815430795,0,493577,
0,-201030,-198630,45045727,0,-198539,431245028828691239841,1000798134842,3815430795,0,493578,
0,-201030,-198630,45047527,0,-198539,431245028828691239841,1000798134842,3815430795,0,493579,
0,-201030,-198630,45049327,0,-198539,431245028828691239841,1000798134842,3815430795,0,493580,
0,-201030,-198630,45051127,0,-198539,431245028828691239841,1000798134842,3815430795,0,493581,
0,-201030,-198630,45052927,0,-198539,431245028828691239841,1000798134842,3815430795,0,493582,
0,-201030,-198630,45054727,0,-198539,431245028828691239841,1000798134842,3815430795,0,493583,
0,-201030,-198630,45056527,0,-198759,236754372066968573476,14659033549968,3815430795,0,493584,
0,-201030,-198630,45058327,0,-198759,239147908865093487082,14663868323566,3815430795,0,493585,
0,-201030,-198630,45060127,0,-198759,240056793090050873698,14663868323566,3815430795,0,493586,
0,-201030,-198630,45061927,0,-198759,434528378130029973772,1005632908441,3815430795,0,493587,
0,-201030,-198630,45063727,0,-198759,436079627620891537782,1010467682039,3815430795,0,493588,
0,-201030,-198630,45065527,0,-198759,436347555916448644025,1010467682039,3815430795,0,493589,
0,-201030,-198630,45067327,0,-198759,436963743247522454466,1010467682039,3815430795,0,493590,
0,-201030,-198630,45069127,0,-198759,437454937529698546488,1015302455637,3815430795,0,493591,
0,-201030,-198630,45070927,0,-198759,438436742628738117165,1015302455637,3815430795,0,493592,
0,-201030,-198630,45072727,0,-198759,439121380578051279057,1015302455637,3815430795,0,493593,
0,-201030,-198630,45074527,0,-198759,441100486211008569445,1020137229235,3815430795,0,493594,
0,-201030,-198630,45076327,0,-198759,442339165108502830006,1020137229235,3815430795,0,493595,
0,-201030,-198630,45078127,0,-198759,442758312281055286129,1024972002834,3815430795,0,493596,
0,-201030,-198630,45079927,0,-198759,443989298821685559216,1024972002834,3815430795,0,493597,
0,-201030,-198630,45081727,0,-198759,445610943467058153492,1029806776432,3815430795,0,493598,
0,-201030,-198630,45083527,0,-198759,447027597275092050170,1034641550030,3815430795,0,493599,
0,-201030,-198630,45085327,0,-198759,448624973348928028859,1034641550030,3815430795,0,493600,
0,-201030,-198630,45087127,0,-198759,449755192948380685470,1039476323629,3815430795,0,493601,
0,-201030,-198630,45088927,0,-198759,454183258197425236009,1049145870825,3815430795,0,493602,
0,-201030,-198630,45090727,0,-198759,456109281260406556641,1053980644423,3815430795,0,493603,
0,-201030,-198630,45092527,0,-198759,456976648274007877938,1053980644423,3815430795,0,493604,
0,-201030,-198630,45094327,0,-198759,457576608499741044472,1058815418022,3815430795,0,493605,
0,-201030,-198630,45096127,0,-198759,457995465131408885886,1058815418022,3815430795,0,493606,
0,-201030,-198630,45097927,0,-198759,458559167146593642216,1058815418022,3815430795,0,493607,
0,-201030,-198630,45099727,0,-198831,458904361588343476136,1058815418022,3815430795,0,493608,
0,-201030,-198630,45101527,0,-198831,459482583032990550625,1063650191620,3815430795,0,493609,
0,-201030,-198630,45103327,0,-198831,460228642216843513487,1063650191620,3815430795,0,493610,
0,-201030,-198630,45105127,0,-198831,461200616369439503932,1063650191620,3815430795,0,493611,
0,-201030,-198630,45106927,0,-198831,462355794457786476305,1068484965218,3815430795,0,493612,
0,-201030,-198630,45108727,0,-198831,462823652370792983247,1068484965218,3815430795,0,493613,
0,-201030,-198630,45110527,0,-198831,463180874868665623673,1068484965218,3815430795,0,493614,
0,-201030,-198630,45112327,0,-198831,463713874974007730011,1068484965218,3815430795,0,493615,
0,-201030,-198630,45114127,0,-198831,464137957836387777434,1068484965218,3815430795,0,493616,
0,-201030,-198630,45115927,0,-198831,464737882202605165566,1073319738816,3815430795,0,493617,
0,-201030,-198630,45117727,0,-198831,465493787170821881764,1073319738816,3815430795,0,493618,
0,-201030,-198630,45119527,0,-198831,465800539225363454592,1073319738816,3815430795,0,493619,
0,-201030,-198630,45121327,0,-198831,466962969556298989912,1078154512415,3815430795,0,493620,
0,-201030,-198630,45123127,0,-198831,467885584286867249046,1082989286013,3815430795,0,493621,
0,-201030,-198630,45124927,0,-198831,469408211947035669504,1082989286013,3815430795,0,493622,
0,-201030,-198630,45126727,0,-198831,471100941456381729496,1087824059611,3815430795,0,493623,
0,-201030,-198630,45128527,0,-198831,472342067184446340808,1092658833210,3815430795,0,493624,
0,-201030,-198630,45130327,0,-198831,473385127733639027622,1092658833210,3815430795,0,493625,
0,-201030,-198630,45132127,0,-198831,474095679271701297210,1092658833210,3815430795,0,493626,
0,-201030,-198630,45133927,0,-198831,474608492384230508086,1097493606808,3815430795,0,493627,
0,-201030,-198630,45135727,0,-198831,474910999038579756855,1097493606808,3815430795,0,493628,
0,-201030,-198630,45137527,0,-198831,475184425462846688871,1097493606808,3815430795,0,493629,
0,-201030,-198630,45139327,0,-198831,476030876530315382062,1097493606808,3815430795,0,493630,
0,-201030,-198630,45141127,0,-198831,476379368408528579160,1097493606808,3815430795,0,493631,
0,-201030,-198630,45142927,0,-198847,476387176094081979874,1097493606808,3815430795,0,493632,
0,-201030,-198630,45144727,0,-198847,476502361393779842581,1097493606808,3815430795,0,493633,
0,-201030,-198630,45146527,0,-198847,476560418283424453852,1102328380406,3815430795,0,493634,
0,-201030,-198630,45148327,0,-198847,476745775197041257004,1102328380406,3815430795,0,493635,
0,-201030,-198630,45150127,0,-198847,476926062666818872590,1102328380406,3815430795,0,493636,
0,-201030,-198630,45151927,0,-198847,476990376889671446681,1102328380406,3815430795,0,493637,
0,-201030,-198630,45153727,0,-198847,477100176237076510780,1102328380406,3815430795,0,493638,
0,-201030,-198630,45155527,0,-198847,477148401121462123796,1102328380406,3815430795,0,493639,
0,-201030,-198630,45157327,0,-198847,477207059162021170922,1102328380406,3815430795,0,493640,
0,-201030,-198630,45159127,0,-198847,477236581662687937034,1102328380406,3815430795,0,493641,
0,-201030,-198630,45160927,0,-198847,477422228478999239923,1102328380406,3815430795,0,493642,
0,-201030,-198630,45162727,0,-198847,477498789212384884955,1102328380406,3815430795,0,493643,
0,-201030,-198630,45164527,0,-198847,477837679800735193458,1102328380406,3815430795,0,493644,
0,-201030,-198630,45166327,0,-198847,477974557491866472765,1102328380406,3815430795,0,493645,
0,-201030,-198630,45168127,0,-198847,478065049780088300963,1102328380406,3815430795,0,493646,
0,-201030,-198630,45169927,0,-198847,478230202281202934070,1102328380406,3815430795,0,493647,
0,-201030,-198630,45171727,0,-198847,478768878608975132220,1102328380406,3815430795,0,493648,
0,-201030,-198630,45173527,0,-198847,479301672598249196918,1107163154004,3815430795,0,493649,
0,-201030,-198630,45175327,0,-198847,479543036549365641313,1107163154004,3815430795,0,493650,
0,-201030,-198630,45177127,0,-198847,479646189572183346220,1107163154004,3815430795,0,493651,
0,-201030,-198630,45178927,0,-198847,479824310869997990892,1107163154004,3815430795,0,493652,
0,-201030,-198630,45180727,0,-198847,479840069306890338862,1107163154004,3815430795,0,493653,
0,-201030,-198630,45182527,0,-198847,479943561218328641223,1107163154004,3815430795,0,493654,
0,-201030,-198630,45184327,0,-198847,479973772625885425470,1107163154004,3815430795,0,493655,
0,-201030,-198630,45186127,0,-198720,479998276210931879583,1107163154004,3815430795,0,493656,
0,-201030,-198630,45187927,0,-198720,480269187687503234759,1107163154004,3815430795,0,493657,
0,-201030,-198630,45189727,0,-198720,480371547217608443656,1107163154004,3815430795,0,493658,
0,-201030,-198630,45191527,0,-198720,480447589755125052027,1107163154004,3815430795,0,493659,
0,-201030,-198630,45193327,0,-198720,480786928904100261243,1107163154004,3815430795,0,493660,
0,-201030,-198630,45195127,0,-198720,480841549275349407773,1111997927603,3815430795,0,493661,
0,-201030,-198630,45196927,0,-198720,481641752875999408628,1111997927603,3815430795,0,493662,
0,-201030,-198630,45198727,0,-198720,481881931809602595144,1111997927603,3815430795,0,493663,
0,-201030,-198630,45200527,0,-198720,481902190062143555574,1111997927603,3815430795,0,493664,
0,-201030,-198630,45202327,0,-198720,482211643623789541861,1116832701201,3815430795,0,493665,
0,-201030,-198630,45204127,0,-198720,482311983345032920407,1116832701201,3815430795,0,493666,
0,-201030,-198630,45205927,0,-198720,482521954864602314850,1116832701201,3815430795,0,493667,
0,-201030,-198630,45207727,0,-198720,482654898863064698053,1116832701201,3815430795,0,493668,
0,-201030,-198630,45209527,0,-198720,483102191940866830780,1116832701201,3815430795,0,493669,
0,-201030,-198630,45211327,0,-198720,483224938193117053458,1116832701201,3815430795,0,493670,
0,-201030,-198630,45213127,0,-198720,483896069912297019590,1121667474799,3815430795,0,493671,
0,-201030,-198630,45214927,0,-198720,484165141138663210732,1121667474799,3815430795,0,493672,
0,-201030,-198630,45216727,0,-198720,484509401579510235588,1121667474799,3815430795,0,493673,
0,-201030,-198630,45218527,0,-198720,484661009858840737694,1121667474799,3815430795,0,493674,
0,-201030,-198630,45220327,0,-198720,485375917759984185340,1126502248397,3815430795,0,493675,
0,-201030,-198630,45222127,0,-198720,240998306022338257051,14668703097164,3815430795,0,493676,
0,-201030,-198630,45223927,0,-198720,485585889893569826763,1126502248397,3815430795,0,493677,
0,-201030,-198630,45225727,0,-198720,487026993794715086244,1131337021996,3815430795,0,493678,
0,-201030,-198630,45227527,0,-198720,487609806388718818198,1131337021996,3815430795,0,493679,
0,-201030,-198630,45229327,0,-198792,243318807541133330626,14673537870763,3815430795,0,493680,
0,-201030,-198630,45231127,0,-198792,244174787410704353483,14678372644361,3815430795,0,493681,
0,-201030,-198630,45232927,0,-198792,246094370004088582254,14683207417959,3815430795,0,493682,
0,-201030,-198630,45234727,0,-198792,246774373987290100363,14683207417959,3815430795,0,493683,
0,-201030,-198630,45236527,0,-198792,247312356225294983027,14683207417959,3815430795,0,493684,
0,-201030,-198630,45238327,0,-198792,247906386199923657208,14683207417959,3815430795,0,493685,
0,-201030,-198630,45240127,0,-198792,492829499684447543722,1141006569192,3815430795,0,493686,
0,-201030,-198630,45241927,0,-198792,493842165351260165369,1141006569192,3815430795,0,493687,
0,-201030,-198630,45243727,0,-198792,494501617906084497279,1141006569192,3815430795,0,493688,
0,-201030,-198630,45245527,0,-198792,495129022090792927735,1145841342791,3815430795,0,493689,
0,-201030,-198630,45247327,0,-198792,495458234032902775251,1145841342791,3815430795,0,493690,
0,-201030,-198630,45249127,0,-198792,495666957900466946169,1145841342791,3815430795,0,493691,
0,-201030,-198630,45250927,0,-198792,495895782619682812091,1145841342791,3815430795,0,493692,
0,-201030,-198630,45252727,0,-198792,496438786297059825053,1145841342791,3815430795,0,493693,
0,-201030,-198630,45254527,0,-198792,497682120254782938669,1150676116389,3815430795,0,493694,
0,-201030,-198630,45256327,0,-198792,499253207073126450134,1150676116389,3815430795,0,493695,
0,-201030,-198630,45258127,0,-198792,503494134635733839461,1160345663585,3815430795,0,493696,
0,-201030,-198630,45259927,0,-198792,504199499926661560770,1160345663585,3815430795,0,493697,
0,-201030,-198630,45261727,0,-198792,504609224768495868429,1160345663585,3815430795,0,493698,
0,-201030,-198630,45263527,0,-198792,505077576292547664806,1165180437184,3815430795,0,493699,
0,-201030,-198630,45265327,0,-198792,505831057390533848459,1165180437184,3815430795,0,493700,
0,-201030,-198630,45267127,0,-198792,506122552345196572795,1165180437184,3815430795,0,493701,
0,-201030,-198630,45268927,0,-198792,506474767608261914654,1165180437184,3815430795,0,493702,
0,-201030,-198630,45270727,0,-198792,506716593696047523716,1170015210782,3815430795,0,493703,
0,-201030,-198630,45272527,0,-198983,507071712714466442054,1170015210782,3815430795,0,493704,
0,-201030,-198630,45274327,0,-198983,507649836250113377886,1170015210782,3815430795,0,493705,
0,-201030,-198630,45276127,0,-198983,508217322017133427032,1170015210782,3815430795,0,493706,
0,-201030,-198630,45277927,0,-198983,509231104250734702187,1174849984380,3815430795,0,493707,
0,-201030,-198630,45279727,0,-198983,509551140508101517214,1174849984380,3815430795,0,493708,
0,-201030,-198630,45281527,0,-198983,510094357838958611525,1174849984380,3815430795,0,493709,
0,-201030,-198630,45283327,0,-198983,510637458289163967550,1174849984380,3815430795,0,493710,
0,-201030,-198630,45285127,0,-198983,511508036424015602030,1179684757978,3815430795,0,493711,
0,-201030,-198630,45286927,0,-198983,511837071065308053623,1179684757978,3815430795,0,493712,
0,-201030,-198630,45288727,0,-198983,512326631198842702457,1179684757978,3815430795,0,493713,
0,-201030,-198630,45290527,0,-198983,512819247334751537434,1179684757978,3815430795,0,493714,
0,-201030,-198630,45292327,0,-198983,513151160725948515229,1179684757978,3815430795,0,493715,
0,-201030,-198630,45294127,0,-198983,514178495767891831921,1184519531577,3815430795,0,493716,
0,-201030,-198630,45295927,0,-198983,514922986831606383229,1184519531577,3815430795,0,493717,
0,-201030,-198630,45297727,0,-198983,517347143827065362390,1189354305175,3815430795,0,493718,
0,-201030,-198630,45299527,0,-198983,519277185418487908049,1194189078773,3815430795,0,493719,
0,-201030,-198630,45301327,0,-198983,520132034850304823947,1199023852372,3815430795,0,493720,
0,-201030,-198630,45303127,0,-198983,520677487538735080481,1199023852372,3815430795,0,493721,
0,-201030,-198630,45304927,0,-198983,521185813729956865495,1199023852372,3815430795,0,493722,
0,-201030,-198630,45306727,0,-198983,521627759543324533008,1203858625970,3815430795,0,493723,
0,-201030,-198630,45308527,0,-198983,522064290265218925114,1203858625970,3815430795,0,493724,
0,-201030,-198630,45310327,0,-198983,522465114375884734156,1203858625970,3815430795,0,493725,
0,-201030,-198630,45312127,0,-198983,522909262481808925293,1203858625970,3815430795,0,493726,
0,-201030,-198630,45313927,0,-198983,523207635274192762197,1203858625970,3815430795,0,493727,
0,-201030,-198630,45315727,0,-198969,523364864137378787172,1203858625970,3815430795,0,493728,
0,-201030,-198630,45317527,0,-198969,523524077704135545425,1203858625970,3815430795,0,493729,
0,-201030,-198630,45319327,0,-198969,524527615535959436706,1208693399568,3815430795,0,493730,
0,-201030,-198630,45321127,0,-198969,525070004723281656173,1208693399568,3815430795,0,493731,
0,-201030,-198630,45322927,0,-198969,525884218545369057719,1213528173166,3815430795,0,493732,
0,-201030,-198630,45324727,0,-198969,526904332055205707703,1218362946765,3815430795,0,493733,
0,-201030,-198630,45326527,0,-198969,527390148449491363041,1218362946765,3815430795,0,493734,
0,-201030,-198630,45328327,0,-198969,528119256423961868421,1218362946765,3815430795,0,493735,
0,-201030,-198630,45330127,0,-198969,528605974619558168314,1223197720363,3815430795,0,493736,
0,-201030,-198630,45331927,0,-198969,528937085887971777180,1223197720363,3815430795,0,493737,
0,-201030,-198630,45333727,0,-198969,529675997004102899116,1223197720363,3815430795,0,493738,
0,-201030,-198630,45335527,0,-198969,530653704792065460883,1228032493961,3815430795,0,493739,
0,-201030,-198630,45337327,0,-198969,531212560265813004496,1228032493961,3815430795,0,493740,
0,-201030,-198630,45339127,0,-198969,532612696471134604942,1228032493961,3815430795,0,493741,
0,-201030,-198630,45340927,0,-198969,534381616544260531675,1232867267560,3815430795,0,493742,
0,-201030,-198630,45342727,0,-198969,535628254479895686935,1232867267560,3815430795,0,493743,
0,-201030,-198630,45344527,0,-198969,538351148437390245831,1237702041158,3815430795,0,493744,
0,-201030,-198630,45346327,0,-198969,539482931612294131618,1242536814756,3815430795,0,493745,
0,-201030,-198630,45348127,0,-198969,540205823832609619339,1242536814756,3815430795,0,493746,
0,-201030,-198630,45349927,0,-198969,547488157467040620942,1257041135551,3815430795,0,493747,
0,-201030,-198630,45351727,0,-198969,549213912405899057684,1257041135551,3815430795,0,493748,
0,-201030,-198630,45353527,0,-198969,550443689358696646462,1261875909149,3815430795,0,493749,
0,-201030,-198630,45355327,0,-198969,551357297041424980922,1266710682747,3815430795,0,493750,
0,-201030,-198630,45357127,0,-198969,551808302137526528867,1266710682747,3815430795,0,493751,
0,-201030,-198630,45358927,0,-199098,552500894188676741619,1266710682747,3815430795,0,493752,
0,-201030,-198630,45360727,0,-199098,553391160928539667031,1271545456346,3815430795,0,493753,
0,-201030,-198630,45362527,0,-199098,554594469705378237238,1276380229944,3815430795,0,493754,
0,-201030,-198630,45364327,0,-199098,557190051082993569534,1276380229944,3815430795,0,493755,
0,-201030,-198630,45366127,0,-199098,557624129564205954420,1281215003542,3815430795,0,493756,
0,-201030,-198630,45367927,0,-199098,558822143896511620563,1281215003542,3815430795,0,493757,
0,-201030,-198630,45369727,0,-199098,559608062607401329153,1281215003542,3815430795,0,493758,
0,-201030,-198630,45371527,0,-199098,559959860697191970297,1286049777141,3815430795,0,493759,
0,-201030,-198630,45373327,0,-199098,560463290345747989238,1286049777141,3815430795,0,493760,
0,-201030,-198630,45375127,0,-199098,561122468522335845471,1286049777141,3815430795,0,493761,
0,-201030,-198630,45376927,0,-199098,561774747027365019328,1290884550739,3815430795,0,493762,
0,-201030,-198630,45378727,0,-199098,562353065612283230349,1290884550739,3815430795,0,493763,
0,-201030,-198630,45380527,0,-199098,563553441335040218535,1295719324337,3815430795,0,493764,
0,-201030,-198630,45382327,0,-199098,564201099947983693186,1295719324337,3815430795,0,493765,
0,-201030,-198630,45384127,0,-199098,565614110154599363828,1300554097935,3815430795,0,493766,
0,-201030,-198630,45385927,0,-199098,567847976485358161444,1305388871534,3815430795,0,493767,
0,-201030,-198630,45387727,0,-199098,568955791328165884492,1305388871534,3815430795,0,493768,
0,-201030,-198630,45389527,0,-199098,569645449358279795566,1305388871534,3815430795,0,493769,
0,-201030,-198630,45391327,0,-199098,570610454117047042919,1310223645132,3815430795,0,493770,
0,-201030,-198630,45393127,0,-199098,571422435197173798908,1310223645132,3815430795,0,493771,
0,-201030,-198630,45394927,0,-199098,571772599800686979827,1315058418730,3815430795,0,493772,
0,-201030,-198630,45396727,0,-199098,571939604730801471020,1315058418730,3815430795,0,493773,
0,-201030,-198630,45398527,0,-199098,572485947423694792321,1315058418730,3815430795,0,493774,
0,-201030,-198630,45400327,0,-199098,572842090403648862816,1315058418730,3815430795,0,493775,
0,-201030,-198630,45402127,0,-198944,573040838233213769283,1315058418730,3815430795,0,493776,
0,-201030,-198630,45403927,0,-198944,573417911915029489818,1315058418730,3815430795,0,493777,
0,-201030,-198630,45405727,0,-198944,573556322741877423564,1315058418730,3815430795,0,493778,
0,-201030,-198630,45407527,0,-198944,573828048544200709714,1319893192328,3815430795,0,493779,
0,-201030,-198630,45409327,0,-198944,575136443963209878739,1319893192328,3815430795,0,493780,
0,-201030,-198630,45411127,0,-198944,575462537979165293412,1324727965927,3815430795,0,493781,
0,-201030,-198630,45412927,0,-198944,575694841168107136303,1324727965927,3815430795,0,493782,
0,-201030,-198630,45414727,0,-198944,576377660812252496730,1324727965927,3815430795,0,493783,
0,-201030,-198630,45416527,0,-198944,576675344209434182072,1324727965927,3815430795,0,493784,
0,-201030,-198630,45418327,0,-198944,576969945167699645906,1324727965927,3815430795,0,493785,
0,-201030,-198630,45420127,0,-198944,577231021946043108588,1324727965927,3815430795,0,493786,
0,-201030,-198630,45421927,0,-198944,577806802845325510084,1329562739525,3815430795,0,493787,
0,-201030,-198630,45423727,0,-198944,578227592588695017589,1329562739525,3815430795,0,493788,
0,-201030,-198630,45425527,0,-198944,579462215526930855282,1334397513123,3815430795,0,493789,
0,-201030,-198630,45427327,0,-198944,580763089802913472528,1339232286722,3815430795,0,493790,
0,-201030,-198630,45429127,0,-198944,582288825511793864555,1339232286722,3815430795,0,493791,
0,-201030,-198630,45430927,0,-198944,583544541000772328125,1344067060320,3815430795,0,493792,
0,-201030,-198630,45432727,0,-198944,584820845295762666154,1348901833918,3815430795,0,493793,
0,-201030,-198630,45434527,0,-198944,585370997297104520750,1348901833918,3815430795,0,493794,
0,-201030,-198630,45436327,0,-198944,585956011922587002020,1348901833918,3815430795,0,493795,
0,-201030,-198630,45438127,0,-198944,586179762329346666915,1348901833918,3815430795,0,493796,
0,-201030,-198630,45439927,0,-198944,587524454525893239579,1348901833918,3815430795,0,493797,
0,-201030,-198630,45441727,0,-198944,588003635348128018286,1353736607516,3815430795,0,493798,
0,-201030,-198630,45443527,0,-198944,588288496031293963928,1353736607516,3815430795,0,493799,
0,-201030,-198630,45445327,0,-198877,588450075083555281963,1353736607516,3815430795,0,493800,
0,-201030,-198630,45447127,0,-198877,588638975862045752345,1353736607516,3815430795,0,493801,
0,-201030,-198630,45448927,0,-198877,588817692001395287124,1353736607516,3815430795,0,493802,
0,-201030,-198630,45450727,0,-198877,589042083895585518277,1358571381115,3815430795,0,493803,
0,-201030,-198630,45452527,0,-198877,589325917643830548822,1358571381115,3815430795,0,493804,
0,-201030,-198630,45454327,0,-198877,589553404605365640177,1358571381115,3815430795,0,493805,
0,-201030,-198630,45456127,0,-198877,589673763156326619001,1358571381115,3815430795,0,493806,
0,-201030,-198630,45457927,0,-198877,589821920388766993551,1358571381115,3815430795,0,493807,
0,-201030,-198630,45459727,0,-198877,590158868234546628200,1358571381115,3815430795,0,493808,
0,-201030,-198630,45461527,0,-198877,590286731417782320696,1358571381115,3815430795,0,493809,
0,-201030,-198630,45463327,0,-198877,590368403734893835854,1358571381115,3815430795,0,493810,
0,-201030,-198630,45465127,0,-198877,590461831238341044503,1358571381115,3815430795,0,493811,
0,-201030,-198630,45466927,0,-198877,590638637777492921599,1358571381115,3815430795,0,493812,
0,-201030,-198630,45468727,0,-198877,590704046776809541774,1358571381115,3815430795,0,493813,
0,-201030,-198630,45470527,0,-198877,590900314406196722200,1363406154713,3815430795,0,493814,
0,-201030,-198630,45472327,0,-198877,591034948631839514977,1363406154713,3815430795,0,493815,
0,-201030,-198630,45474127,0,-198877,591117970319757987759,1363406154713,3815430795,0,493816,
0,-201030,-198630,45475927,0,-198877,591304624630365567083,1363406154713,3815430795,0,493817,
0,-201030,-198630,45477727,0,-198877,591458952358645305844,1363406154713,3815430795,0,493818,
0,-201030,-198630,45479527,0,-198877,591565848840295135548,1363406154713,3815430795,0,493819,
0,-201030,-198630,45481327,0,-198877,591658060069417773473,1363406154713,3815430795,0,493820,
0,-201030,-198630,45483127,0,-198877,591750605463587203337,1363406154713,3815430795,0,493821,
0,-201030,-198630,45484927,0,-198877,592901169447072473639,1368240928311,3815430795,0,493822,
0,-201030,-198630,45486727,0,-198877,593396883372303704646,1368240928311,3815430795,0,493823,
0,-201030,-198630,45488527,0,-198813,593869845176911286859,1368240928311,3815430795,0,493824,
0,-201030,-198630,45490327,0,-198813,594324289431194684202,1368240928311,3815430795,0,493825,
0,-201030,-198630,45492127,0,-198813,594907853324841720024,1368240928311,3815430795,0,493826,
0,-201030,-198630,45493927,0,-198813,595274015188558682879,1373075701909,3815430795,0,493827,
0,-201030,-198630,45495727,0,-198813,595490453846336337265,1373075701909,3815430795,0,493828,
0,-201030,-198630,45497527,0,-198813,595693039499844459650,1373075701909,3815430795,0,493829,
0,-201030,-198630,45499327,0,-198813,595771199682701433054,1373075701909,3815430795,0,493830,
0,-201030,-198630,45501127,0,-198813,595892924124890754806,1373075701909,3815430795,0,493831,
0,-201030,-198630,45502927,0,-198813,596225643327803357015,1373075701909,3815430795,0,493832,
0,-201030,-198630,45504727,0,-198813,596369267916482386821,1373075701909,3815430795,0,493833,
0,-201030,-198630,45506527,0,-198813,596614073742923442844,1373075701909,3815430795,0,493834,
0,-201030,-198630,45508327,0,-198813,596866330864416876374,1373075701909,3815430795,0,493835,
0,-201030,-198630,45510127,0,-198813,597282108436675241474,1377910475508,3815430795,0,493836,
0,-201030,-198630,45511927,0,-198813,597589739119457602328,1377910475508,3815430795,0,493837,
0,-201030,-198630,45513727,0,-198813,597924826500843658558,1377910475508,3815430795,0,493838,
0,-201030,-198630,45515527,0,-198813,598410983891711200197,1382745249106,3815430795,0,493839,
0,-201030,-198630,45517327,0,-198813,598757207622916691574,1382745249106,3815430795,0,493840,
0,-201030,-198630,45519127,0,-198813,599196201289681837479,1382745249106,3815430795,0,493841,
0,-201030,-198630,45520927,0,-198813,599543189717688273544,1382745249106,3815430795,0,493842,
0,-201030,-198630,45522727,0,-198813,599715179952077021531,1382745249106,3815430795,0,493843,
0,-201030,-198630,45524527,0,-198813,599922036388338858917,1382745249106,3815430795,0,493844,
0,-201030,-198630,45526327,0,-198813,600851243666307743636,1387580022704,3815430795,0,493845,
0,-201030,-198630,45528127,0,-198813,601946536039374953429,1387580022704,3815430795,0,493846,
0,-201030,-198630,45529927,0,-198813,604158760497249662815,1397249569901,3815430795,0,493847,
0,-201030,-198630,45531727,0,-198684,605784210438208703819,1397249569901,3815430795,0,493848,
0,-201030,-198630,45533527,0,-198684,606894311171643238254,1397249569901,3815430795,0,493849,
0,-201030,-198630,45535327,0,-198684,608707871869747697191,1406919117097,3815430795,0,493850,
0,-201030,-198630,45537127,0,-198684,250058100077039668622,14688042191557,3815430795,0,493851,
0,-201030,-198630,45538927,0,-198684,251520590072206573218,14692876965156,3815430795,0,493852,
0,-201030,-198630,45540727,0,-198684,252448643168848209853,14697711738754,3815430795,0,493853,
0,-201030,-198630,45542527,0,-198684,253238862531722923583,14697711738754,3815430795,0,493854,
0,-201030,-198630,45544327,0,-198684,253860856566096696069,14697711738754,3815430795,0,493855,
0,-201030,-198630,45546127,0,-198684,610946889235984926853,1411753890696,3815430795,0,493856,
0,-201030,-198630,45547927,0,-198684,611594784119479375582,1416588664294,3815430795,0,493857,
0,-201030,-198630,45549727,0,-198684,254453309780846538580,14697711738754,3815430795,0,493858,
0,-201030,-198630,45551527,0,-198684,616985927233108354763,1426258211490,3815430795,0,493859,
0,-201030,-198630,45553327,0,-198684,617854584734808980299,1426258211490,3815430795,0,493860,
0,-201030,-198630,45555127,0,-198684,618564676089450618922,1426258211490,3815430795,0,493861,
0,-201030,-198630,45556927,0,-198684,620375075454803279707,1431092985089,3815430795,0,493862,
0,-201030,-198630,45558727,0,-198684,255454444744696408220,14702546512352,3815430795,0,493863,
0,-201030,-198630,45560527,0,-198684,625413323115573696583,1445597305884,3815430795,0,493864,
0,-201030,-198630,45562327,0,-198684,628095715265698073373,1450432079482,3815430795,0,493865,
0,-201030,-198630,45564127,0,-198684,256954002504242112498,14707381285951,3815430795,0,493866,
0,-201030,-198630,45565927,0,-198684,628955238332944006898,1455266853080,3815430795,0,493867,
0,-201030,-198630,45567727,0,-198684,629620325917927373321,1455266853080,3815430795,0,493868,
0,-201030,-198630,45569527,0,-198684,630217797231220789723,1455266853080,3815430795,0,493869,
0,-201030,-198630,45571327,0,-198684,630393662207883950053,1460101626678,3815430795,0,493870,
0,-201030,-198630,45573127,0,-198684,630990925606573546258,1460101626678,3815430795,0,493871,
0,-201030,-198630,45574927,0,-198594,257477286629222031973,14707381285951,3815430795,0,493872,
0,-201030,-198630,45576727,0,-198594,257477286629222031973,14707381285951,3815430795,0,493873,
0,-201030,-198630,45578527,0,-198594,257477286629222031973,14707381285951,3815430795,0,493874,
0,-201030,-198630,45580327,0,-198594,632109151326917962566,1464936400277,3815430795,0,493875,
0,-201030,-198630,45582127,0,-198594,632128018266991000342,1464936400277,3815430795,0,493876,
0,-201030,-198630,45583927,0,-198594,632128018266991000342,1464936400277,3815430795,0,493877,
0,-201030,-198630,45585727,0,-198594,632128018266991000342,1464936400277,3815430795,0,493878,
0,-201030,-198630,45587527,0,-198594,632128018266991000342,1464936400277,3815430795,0,493879,
0,-201030,-198630,45589327,0,-198594,632128018266991000342,1464936400277,3815430795,0,493880,
0,-201030,-198630,45591127,0,-198594,632128018266991000342,1464936400277,3815430795,0,493881,
0,-201030,-198630,45592927,0,-198594,632128018266991000342,1464936400277,3815430795,0,493882,
0,-201030,-198630,45594727,0,-198594,632128018266991000342,1464936400277,3815430795,0,493883,
0,-201030,-198630,45596527,0,-198594,632128018266991000342,1464936400277,3815430795,0,493884,
0,-201030,-198630,45598327,0,-198594,632128018266991000342,1464936400277,3815430795,0,493885,
0,-201030,-198630,45600127,0,-198594,632128018266991000342,1464936400277,3815430795,0,493886,
0,-201030,-198630,45601927,0,-198594,632128018266991000342,1464936400277,3815430795,0,493887,
0,-201030,-198630,45603727,0,-198594,632128018266991000342,1464936400277,3815430795,0,493888,
0,-201030,-198630,45605527,0,-198594,269791534487044277192,14736389927540,3815430795,0,493889,
0,-201030,-198630,45607327,0,-198594,269978884439381497048,14736389927540,3815430795,0,493890,
0,-201030,-198630,45609127,0,-198594,632924867124606177671,1464936400277,3815430795,0,493891,
0,-201030,-198630,44370239,0,-199792,1387580022704,0,3815430795,0,493202,mint
0,-201030,-198630,45609851,0,-198605,632924867124606177671,1464936400277,0,0,493891,burn
0,-199680,-197280,45607327,1,-198594,992603685913775412919,2291422988810,3673664588402,6530959268267,493890,
0,-199680,-197280,45609127,1,-198594,992906686020228034519,2293153679687,3673664588402,6530959268267,493891,
0,-199680,-197280,45610927,1,-198594,993554687909298978089,2294737077724,3673664588402,6530959268267,493892,
0,-199680,-197280,45612727,1,-198594,994395087408752919490,2297977520218,3673664588402,6530959268267,493893,
0,-199680,-197280,45614527,1,-198594,995481149360680036720,2299787994718,3673664588402,6530959268267,493894,
0,-199680,-197280,45616327,1,-198594,998049639205218283038,2304863460519,3673664588402,6530959268267,493895,
0,-199680,-197280,45618127,1,-198603,998994167971212628339,2306367074934,3673664588402,6530959268267,493896,
0,-199680,-197280,45619927,1,-198603,1000151378110614265715,2309515459403,3673664588402,6530959268267,493897,
0,-199680,-197280,45621727,1,-198603,1000828989991508544171,2311982614484,3673664588402,6530959268267,493898,
0,-199680,-197280,45623527,1,-198603,1001800728708154498563,2313989479438,3673664588402,6530959268267,493899,
0,-199680,-197280,45625327,1,-198603,1002349828295390165227,2316063853610,3673664588402,6530959268267,493900,
0,-199680,-197280,45627127,1,-198603,1003382913390532102966,2317303568352,3673664588402,6530959268267,493901,
0,-199680,-197280,45628927,1,-198603,1004165736421636299421,2318905377994,3673664588402,6530959268267,493902,
0,-199680,-197280,45630727,1,-198603,1004453926968910031738,2320298522779,3673664588402,6530959268267,493903,
0,-199680,-197280,45632527,1,-198603,1004833912606968902556,2321268200646,3673664588402,6530959268267,493904,
0,-199680,-197280,45634327,1,-198603,1005714003272081196548,2325975434346,3673664588402,6530959268267,493905,
0,-199680,-197280,45636127,1,-198603,1007873346260663058929,2333284841563,3673664588402,6530959268267,493906,
0,-199680,-197280,45637927,1,-198603,1009009790970536614106,2335887015081,3673664588402,6530959268267,493907,
0,-199680,-197280,45639727,1,-198603,1010253592962783694657,2338771499877,3673664588402,6530959268267,493908,
0,-199680,-197280,45641527,1,-198603,1011802561378277380640,2341907609943,3673664588402,6530959268267,493909,
0,-199680,-197280,45643327,1,-198603,1016181429943578824011,2348308711310,3673664588402,6530959268267,493910,
0,-199680,-197280,45645127,1,-198603,1019179401919571284497,2354126778515,3673664588402,6530959268267,493911,
0,-199680,-197280,45646927,1,-198603,1020194390409106502932,2356563247588,3673664588402,6530959268267,493912,
0,-199680,-197280,45648727,1,-198603,1021545903777489687768,2359680946048,3673664588402,6530959268267,493913,
0,-199680,-197280,45650527,1,-198603,1022621130220405679745,2361313441699,3673664588402,6530959268267,493914,
0,-199680,-197280,45652327,1,-198603,1024112648472050374194,2364259298512,3673664588402,6530959268267,493915,
0,-199680,-197280,45654127,1,-198603,1024481092582889644653,2365499013254,3673664588402,6530959268267,493916,
0,-199680,-197280,45655927,1,-198603,1025154852843155272223,2367149920510,3673664588402,6530959268267,493917,
0,-199680,-197280,45657727,1,-198603,1025588560892018148923,2368714906942,3673664588402,6530959268267,493918,
0,-199680,-197280,45659527,1,-198603,1026228996601957219183,2369506605960,3673664588402,6530959268267,493919,
0,-199680,-197280,45661327,1,-198854,1026767960187574114346,2371010220375,3673664588402,6530959268267,493920,
0,-199680,-197280,45663127,1,-198854,1028449099458235311654,2372636578824,3673664588402,6530959268267,493921,
0,-199680,-197280,45664927,1,-198854,1030298051086185688739,2376570525110,3673664588402,6530959268267,493922,
0,-199680,-197280,45666727,1,-198854,1031306365392433439469,2378325764794,3673664588402,6530959268267,493923,
0,-199680,-197280,45668527,1,-198854,1031899841292643154820,2379657537562,3673664588402,6530959268267,493924,
0,-199680,-197280,45670327,1,-198854,1032290761097267930283,2381099779960,3673664588402,6530959268267,493925,
0,-199680,-197280,45672127,1,-198854,1032586693794166363290,2382210613467,3673664588402,6530959268267,493926,
0,-199680,-197280,45673927,1,-198854,1033286878320639361762,2384647082539,3673664588402,6530959268267,493927,
0,-199680,-197280,45675727,1,-198854,1033895618062399168465,2386905572762,3673664588402,6530959268267,493928,
0,-199680,-197280,45677527,1,-198854,1035008267586873965533,2388360089564,3673664588402,6530959268267,493929,
0,-199680,-197280,45679327,1,-198854,1035767207911302369642,2389434099860,3673664588402,6530959268267,493930,
0,-199680,-197280,45681127,1,-198854,1036681390580351653514,2391398004402,3673664588402,6530959268267,493931,
0,-199680,-197280,45682927,1,-198854,1037072347480666072803,2392594758733,3673664588402,6530959268267,493932,
0,-199680,-197280,45684727,1,-198854,1037565065699930985065,2394129059156,3673664588402,6530959268267,493933,
0,-199680,-197280,45686527,1,-198854,1039971765247605470253,2397596578113,3673664588402,6530959268267,493934,
0,-199680,-197280,45688327,1,-198854,1042974974047889420529,2402549299880,3673664588402,6530959268267,493935,
0,-199680,-197280,45690127,1,-198854,1044871242019943415032,2406421874148,3673664588402,6530959268267,493936,
0,-199680,-197280,45691927,1,-198854,1046143570891381951584,2409024047667,3673664588402,6530959268267,493937,
0,-199680,-197280,45693727,1,-198854,1047796953607175040963,2413860162602,3673664588402,6530959268267,493938,
0,-199680,-197280,45695527,1,-198854,1048791662705263829286,2415811792740,3673664588402,6530959268267,493939,
0,-199680,-197280,45697327,1,-198854,1049892811089344450159,2418058008560,3673664588402,6530959268267,493940,
0,-199680,-197280,45699127,1,-198854,1050737725962752728654,2419352958117,3673664588402,6530959268267,493941,
0,-199680,-197280,45700927,1,-198854,1051446858787033263899,2420739965700,3673664588402,6530959268267,493942,
0,-199680,-197280,45702727,1,-198854,1052334353686340299607,2422716144646,3673664588402,6530959268267,493943,
0,-199680,-197280,45704527,1,-198959,1052703550029511026438,2424060191816,3673664588402,6530959268267,493944,
0,-199680,-197280,45706327,1,-198959,1053300539365226242469,2424790518818,3673664588402,6530959268267,493945,
0,-199680,-197280,45708127,1,-198959,1053950833529705373021,2426122291586,3673664588402,6530959268267,493946,
0,-199680,-197280,45709927,1,-198959,1055671070339544860973,2429282950458,3673664588402,6530959268267,493947,
0,-199680,-197280,45711727,1,-198959,1056553011386875473632,2431492343068,3673664588402,6530959268267,493948,
0,-199680,-197280,45713527,1,-198959,1056858209753937760998,2432382237313,3673664588402,6530959268267,493949,
0,-199680,-197280,45715327,1,-198959,1057334420540856364651,2432965271474,3673664588402,6530959268267,493950,
0,-199680,-197280,45717127,1,-198959,1058276821582787841921,2434763471571,3673664588402,6530959268267,493951,
0,-199680,-197280,45718927,1,-198959,1058791588594494218946,2436751924919,3673664588402,6530959268267,493952,
0,-199680,-197280,45720727,1,-198959,1059050069461069915545,2437740014392,3673664588402,6530959268267,493953,
0,-199680,-197280,45722527,1,-198959,1059746951014972356059,2439206805597,3673664588402,6530959268267,493954,
0,-199680,-197280,45724327,1,-198959,1060193685565395134230,2440771792029,3673664588402,6530959268267,493955,
0,-199680,-197280,45726127,1,-198959,1060728716522684206385,2442907538218,3673664588402,6530959268267,493956,
0,-199680,-197280,45727927,1,-198959,1062207323546226605063,2444895991567,3673664588402,6530959268267,493957,
0,-199680,-197280,45729727,1,-198959,1063715181084742861209,2447326323438,3673664588402,6530959268267,493958,
0,-199680,-197280,45731527,1,-198959,1065654137930582828799,2452812981752,3673664588402,6530959268267,493959,
0,-199680,-197280,45733327,1,-198959,1067065011159817294019,2456931044089,3673664588402,6530959268267,493960,
0,-199680,-197280,45735127,1,-198959,1067935767310883711884,2458704695378,3673664588402,6530959268267,493961,
0,-199680,-197280,45736927,1,-198959,1069458840905973481366,2463798572784,3673664588402,6530959268267,493962,
0,-199680,-197280,45738727,1,-198959,1070363974314650236901,2467106524497,3673664588402,6530959268267,493963,
0,-199680,-197280,45740527,1,-198959,1070937611660949464304,2468567178500,3673664588402,6530959268267,493964,
0,-199680,-197280,45742327,1,-198959,1071547695408742558369,2469002919821,3673664588402,6530959268267,493965,
0,-199680,-197280,45744127,1,-198959,1071892674840697224068,2470647689875,3673664588402,6530959268267,493966,
0,-199680,-197280,45745927,1,-198959,1072396766906538646068,2471513035313,3673664588402,6530959268267,493967,
0,-199680,-197280,45747727,1,-198834,1072910713630889039072,2472120618281,3673664588402,6530959268267,493968,
0,-199680,-197280,45749527,1,-198834,1073141256445627321485,2472875494089,3673664588402,6530959268267,493969,
0,-199680,-197280,45751327,1,-198834,1073444155974194753690,2474409794513,3673664588402,6530959268267,493970,
0,-199680,-197280,45753127,1,-198834,1073642944603724932134,2475140121515,3673664588402,6530959268267,493971,
0,-199680,-197280,45754927,1,-198834,1074033314115312895864,2475753841684,3673664588402,6530959268267,493972,
0,-199680,-197280,45756727,1,-198834,1074719642401597811942,2477011968031,3673664588402,6530959268267,493973,
0,-199680,-197280,45758527,1,-198834,1074945745944081678949,2477895725075,3673664588402,6530959268267,493974,
0,-199680,-197280,45760327,1,-198834,1075288954247191956719,2478491033639,3673664588402,6530959268267,493975,
0,-199680,-197280,45762127,1,-198834,1075546597471503838231,2479258183851,3673664588402,6530959268267,493976,
0,-199680,-197280,45763927,1,-198834,1075710811920720659321,2479976236449,3673664588402,6530959268267,493977,
0,-199680,-197280,45765727,1,-198834,1076119920767882257021,2480338331349,3673664588402,6530959268267,493978,
0,-199680,-197280,45767527,1,-198834,1076357043337732128632,2480915228308,3673664588402,6530959268267,493979,
0,-199680,-197280,45769327,1,-198834,1076392619245681444219,2481111618762,3673664588402,6530959268267,493980,
0,-199680,-197280,45771127,1,-198834,1076558886530119559193,2481657829713,3673664588402,6530959268267,493981,
0,-199680,-197280,45772927,1,-198834,1076721954678063587248,2481731476134,3673664588402,6530959268267,493982,
0,-199680,-197280,45774727,1,-198834,1077355437007797096047,2482541586757,3673664588402,6530959268267,493983,
0,-199680,-197280,45776527,1,-198834,1077839846532550336857,2484708018955,3673664588402,6530959268267,493984,
0,-199680,-197280,45778327,1,-198834,1078220947169710755866,2485978419706,3673664588402,6530959268267,493985,
0,-199680,-197280,45780127,1,-198834,1078835395811409128083,2488537632812,3673664588402,6530959268267,493986,
0,-199680,-197280,45781927,1,-198834,1079265448382271215083,2489574819898,3673664588402,6530959268267,493987,
0,-199680,-197280,45783727,1,-198834,1079554403710870469634,2490501537354,3673664588402,6530959268267,493988,
0,-199680,-197280,45785527,1,-198834,1079739958683047406241,2490587458178,3673664588402,6530959268267,493989,
0,-199680,-197280,45787327,1,-198834,1079779417018524440865,2490845220649,3673664588402,6530959268267,493990,
0,-199680,-197280,45789127,1,-198834,1080008744785394829724,2491385294398,3673664588402,6530959268267,493991,
0,-199680,-197280,45790927,1,-198723,1080283527790292726007,2491618508063,3673664588402,6530959268267,493992,
0,-199680,-197280,45792727,1,-198723,1080810453943638952289,2492348835064,3673664588402,6530959268267,493993,
0,-199680,-197280,45794527,1,-198723,1081082936380584693289,2493066887662,3673664588402,6530959268267,493994,
0,-199680,-197280,45796327,1,-198723,1081260882029083437307,2493870861084,3673664588402,6530959268267,493995,
0,-199680,-197280,45798127,1,-198723,1081634165645483408368,2494895773767,3673664588402,6530959268267,493996,
0,-199680,-197280,45799927,1,-198723,1081835187461149279849,2495374475499,3673664588402,6530959268267,493997,
0,-199680,-197280,45801727,1,-198723,1081986552751307288714,2495669061180,3673664588402,6530959268267,493998,
0,-199680,-197280,45803527,1,-198723,1081991608879951623006,2495834765626,3673664588402,6530959268267,493999,
0,-199680,-197280,45805327,1,-198723,1082158240600073635212,2496147762913,3673664588402,6530959268267,494000,
0,-199680,-197280,45807127,1,-198723,1082375961781194760284,2496835129502,3673664588402,6530959268267,494001,
0,-199680,-197280,45808927,1,-198723,1082617562589742785845,2497160401192,3673664588402,6530959268267,494002,
0,-199680,-197280,45810727,1,-198723,1083000092840658587121,2497798670168,3673664588402,6530959268267,494003,
0,-199680,-197280,45812527,1,-198723,1083379693020859269091,2498265097497,3673664588402,6530959268267,494004,
0,-199680,-197280,45814327,1,-198723,1083474416422572176003,2498596506388,3673664588402,6530959268267,494005,
0,-199680,-197280,45816127,1,-198723,1083602152652789196557,2499627556273,3673664588402,6530959268267,494006,
0,-199680,-197280,45817927,1,-198723,1084036518870903642688,2500836585007,3673664588402,6530959268267,494007,
0,-199680,-197280,45819727,1,-198723,1084615677787400188329,2504107713509,3673664588402,6530959268267,494008,
0,-199680,-197280,45821527,1,-198723,1085263150012661998930,2505795443975,3673664588402,6530959268267,494009,
0,-199680,-197280,45823327,1,-198723,1086135423438977480397,2509582097420,3673664588402,6530959268267,494010,
0,-199680,-197280,45825127,1,-198723,1086678475151054222476,2510238778002,3673664588402,6530959268267,494011,
0,-199680,-197280,45826927,1,-198723,1087367756561740505363,2512558640242,3673664588402,6530959268267,494012,
0,-199680,-197280,45828727,1,-198723,1091957817790467915078,2519137720457,3673664588402,6530959268267,494013,
0,-199680,-197280,45830527,1,-198723,1093400758182858547418,2522807767070,3673664588402,6530959268267,494014,
0,-199680,-197280,45832327,1,-198723,1096502775576278325067,2534990112433,3673664588402,6530959268267,494015,
0,-199680,-197280,45834127,1,-198746,1098476265716062556778,2539341388434,3673664588402,6530959268267,494016,
0,-199680,-197280,45835927,1,-198746,1101595886892840316848,2544551872672,3673664588402,6530959268267,494017,
0,-199680,-197280,45837727,1,-198746,1103288676036272234546,2549302066783,3673664588402,6530959268267,494018,
0,-199680,-197280,45839527,1,-198746,1104483316793268341322,2550639976752,3673664588402,6530959268267,494019,
0,-199680,-197280,45841327,1,-198746,1106257224662343453180,2552886192572,3673664588402,6530959268267,494020,
0,-199680,-197280,45843127,1,-198746,1106662531872769384499,2554352983777,3673664588402,6530959268267,494021,
0,-199680,-197280,45844927,1,-198746,1107029924650947584386,2555384033661,3673664588402,6530959268267,494022,
0,-199680,-197280,45846727,1,-198746,1107749035279769952728,2556789452849,3673664588402,6530959268267,494023,
0,-199680,-197280,45848527,1,-198746,1108134181472107635191,2557304977791,3673664588402,6530959268267,494024,
0,-199680,-197280,45850327,1,-198746,1108711631281927329913,2558765631795,3673664588402,6530959268267,494025,
0,-199680,-197280,45852127,1,-198746,1109005110145431011139,2560042169747,3673664588402,6530959268267,494026,
0,-199680,-197280,45853927,1,-198746,1109630956324194325549,2560913652388,3673664588402,6530959268267,494027,
0,-199680,-197280,45855727,1,-198746,1109895792520352525022,2561956976675,3673664588402,6530959268267,494028,
0,-199680,-197280,45857527,1,-198746,1111456116836766266229,2565068537934,3673664588402,6530959268267,494029,
0,-199680,-197280,45859327,1,-198746,1113250216859893175513,2568241471210,3673664588402,6530959268267,494030,
0,-199680,-197280,45861127,1,-198746,1115580384667559005702,2573016214128,3673664588402,6530959268267,494031,
0,-199680,-197280,45862927,1,-198746,1116456799541833990155,2576944023212,3673664588402,6530959268267,494032,
0,-199680,-197280,45864727,1,-198746,1117572713459306389812,2579362080679,3673664588402,6530959268267,494033,
0,-199680,-197280,45866527,1,-198746,1118432670802097848444,2582062449424,3673664588402,6530959268267,494034,
0,-199680,-197280,45868327,1,-198746,1119399354671166675711,2584198195614,3673664588402,6530959268267,494035,
0,-199680,-197280,45870127,1,-198746,1119935560106259786283,2585941160895,3673664588402,6530959268267,494036,
0,-199680,-197280,45871927,1,-198746,1120603946440707660726,2587346580083,3673664588402,6530959268267,494037,
0,-199680,-197280,45873727,1,-198746,1120857164565564565655,2588242611530,3673664588402,6530959268267,494038,
0,-199680,-197280,45875527,1,-198746,1121420808904700076913,2589721677139,3673664588402,6530959268267,494039,
0,-199680,-197280,45877327,1,-198960,1121752515083450905317,2590274025291,3673664588402,6530959268267,494040,
0,-199680,-197280,45879127,1,-198960,1122346892290382597229,2590942980275,3673664588402,6530959268267,494041,
0,-199680,-197280,45880927,1,-198960,1125209316741179693101,2594864652158,3673664588402,6530959268267,494042,
0,-199680,-197280,45882727,1,-198960,1125944719210750362246,2596957437935,3673664588402,6530959268267,494043,
0,-199680,-197280,45884527,1,-198960,1126575898255506605077,2597700039340,3673664588402,6530959268267,494044,
0,-199680,-197280,45886327,1,-198960,1126877114211451910034,2598675854410,3673664588402,6530959268267,494045,
0,-199680,-197280,45888127,1,-198960,1127447076412596543700,2600013764379,3673664588402,6530959268267,494046,
0,-199680,-197280,45889927,1,-198960,1128059908386088605554,2600517014918,3673664588402,6530959268267,494047,
0,-199680,-197280,45891727,1,-198960,1129528796054951450809,2603033267612,3673664588402,6530959268267,494048,
0,-199680,-197280,45893527,1,-198960,1130990166575774844290,2605408364668,3673664588402,6530959268267,494049,
0,-199680,-197280,45895327,1,-198960,1131575590699060020962,2607206564764,3673664588402,6530959268267,494050,
0,-199680,-197280,45897127,1,-198960,1132263084089199382694,2608065773001,3673664588402,6530959268267,494051,
0,-199680,-197280,45898927,1,-198960,1133077636374283595822,2609956031123,3673664588402,6530959268267,494052,
0,-199680,-197280,45900727,1,-198960,1134437838997034164333,2613331492055,3673664588402,6530959268267,494053,
0,-199680,-197280,45902527,1,-198960,1136831445862892045029,2616792873810,3673664588402,6530959268267,494054,
0,-199680,-197280,45904327,1,-198960,1139524017485946212654,2622598666612,3673664588402,6530959268267,494055,
0,-199680,-197280,45906127,1,-198960,1141342112542404577881,2626017087956,3673664588402,6530959268267,494056,
0,-199680,-197280,45907927,1,-198960,1142914403889008279345,2629803741401,3673664588402,6530959268267,494057,
0,-199680,-197280,45909727,1,-198960,1143180145752879646590,2631804469153,3673664588402,6530959268267,494058,
0,-199680,-197280,45911527,1,-198960,1143750131956982199752,2633535160031,3673664588402,6530959268267,494059,
0,-199680,-197280,45913327,1,-198960,1144159266922754708058,2634983539631,3673664588402,6530959268267,494060,
0,-199680,-197280,45915127,1,-198960,1144544225999588579976,2635830473464,3673664588402,6530959268267,494061,
0,-199680,-197280,45916927,1,-198960,1144806805630585639917,2636554663264,3673664588402,6530959268267,494062,
0,-199680,-197280,45918727,1,-198960,1145353763103204946428,2637604124754,3673664588402,6530959268267,494063,
0,-199680,-197280,45920527,1,-199011,1146196455609885416389,2638561528218,3673664588402,6530959268267,494064,
0,-199680,-197280,45922327,1,-199011,1146746161893238579356,2640592941979,3673664588402,6530959268267,494065,
0,-199680,-197280,45924127,1,-199011,1147577071144029827851,2643452877968,3673664588402,6530959268267,494066,
0,-199680,-197280,45925927,1,-199011,1148185577675678708525,2645208117652,3673664588402,6530959268267,494067,
0,-199680,-197280,45927727,1,-199011,1148396633204971458932,2646748555278,3673664588402,6530959268267,494068,
0,-199680,-197280,45929527,1,-199011,1148774167937050099921,2648258306894,3673664588402,6530959268267,494069,
0,-199680,-197280,45931327,1,-199011,1149443212794111205721,2648761557433,3673664588402,6530959268267,494070,
0,-199680,-197280,45933127,1,-199011,1149783960369533699721,2649982860570,3673664588402,6530959268267,494071,
0,-199680,-197280,45934927,1,-199011,1150080668286014628266,2650412464689,3673664588402,6530959268267,494072,
0,-199680,-197280,45936727,1,-199011,1150546537777413095525,2653290812283,3673664588402,6530959268267,494073,
0,-199680,-197280,45938527,1,-199011,1151022347666771525850,2654947856740,3673664588402,6530959268267,494074,
0,-199680,-197280,45940327,1,-199011,1151776286012896614891,2655365186455,3673664588402,6530959268267,494075,
0,-199680,-197280,45942127,1,-199011,1152737146302662669312,2656678547618,3673664588402,6530959268267,494076,
0,-199680,-197280,45943927,1,-199011,1155716227714840041187,2661428741729,3673664588402,6530959268267,494077,
0,-199680,-197280,45945727,1,-199011,1158943751959247357039,2666270993866,3673664588402,6530959268267,494078,
0,-199680,-197280,45947527,1,-199011,1160733214415611097023,2670763425505,3673664588402,6530959268267,494079,
0,-199680,-197280,45949327,1,-199011,1163278051617182324231,2672935994905,3673664588402,6530959268267,494080,
0,-199680,-197280,45951127,1,-199011,1164174674321671334651,2676575355509,3673664588402,6530959268267,494081,
0,-199680,-197280,45952927,1,-199011,1164577222500854352305,2678477888034,3673664588402,6530959268267,494082,
0,-199680,-197280,45954727,1,-199011,1165250150868370827625,2680214716114,3673664588402,6530959268267,494083,
0,-199680,-197280,45956527,1,-199011,1166128850319983935630,2681681507319,3673664588402,6530959268267,494084,
0,-199680,-197280,45958327,1,-199011,1166299434557263300060,2682853712843,3673664588402,6530959268267,494085,
0,-199680,-197280,45960127,1,-199011,1167066707041321487477,2683804979105,3673664588402,6530959268267,494086,
0,-199680,-197280,45961927,1,-199011,1167584433763321740983,2685284044713,3673664588402,6530959268267,494087,
0,-199680,-197280,45963727,1,-199012,1168190624607647724305,2686560582665,3673664588402,6530959268267,494088,
0,-199680,-197280,45965527,1,-199012,1168522896267591863099,2688377194367,3673664588402,6530959268267,494089,
0,-199680,-197280,45967327,1,-199012,1169160316806364125154,2689672143924,3673664588402,6530959268267,494090,
0,-199680,-197280,45969127,1,-199012,1170209453849988919427,2690377922119,3673664588402,6530959268267,494091,
0,-199680,-197280,45970927,1,-199012,1172344896671384328848,2693931361900,3673664588402,6530959268267,494092,
0,-199680,-197280,45972727,1,-199012,1172604801955978865317,2696300321754,3673664588402,6530959268267,494093,
0,-199680,-197280,45974527,1,-199012,1172913437786126885353,2698423793540,3673664588402,6530959268267,494094,
0,-199680,-197280,45976327,1,-199012,1173461488388868495928,2699657371080,3673664588402,6530959268267,494095,
0,-199680,-197280,45978127,1,-199012,1173974253005332707451,2700522716519,3673664588402,6530959268267,494096,
0,-199680,-197280,45979927,1,-199012,1174455794739466541552,2701694922043,3673664588402,6530959268267,494097,
0,-199680,-197280,45981727,1,-199012,1175207061627098461770,2702290230607,3673664588402,6530959268267,494098,
0,-199680,-197280,45983527,1,-199012,1175922930403379846177,2704554858032,3673664588402,6530959268267,494099,
0,-199680,-197280,45985327,1,-199012,1176764657804475461008,2705512261496,3673664588402,6530959268267,494100,
0,-199680,-197280,45987127,1,-199012,1177483567101985070512,2707838260938,3673664588402,6530959268267,494101,
0,-199680,-197280,45988927,1,-199012,1179949295556975185757,2712072930107,3673664588402,6530959268267,494102,
0,-199680,-197280,45990727,1,-199012,1181293153763104842787,2719541904568,3673664588402,6530959268267,494103,
0,-199680,-197280,45605839,1,-198651,992215286367885104699,2290263057690,3673664588402,6530959268267,493889,mint
0,-199680,-197280,45990912,1,-198977,1181657618275598725147,2720266094368,4081849542668,6122774314001,494103,burn
0,-200640,-198240,44363527,0,-199645,2191468775910603681,0,3890558049,0,493199,
0,-200640,-198240,44365327,0,-199687,5249958778919871243,4741413401,3890558049,0,493200,
0,-200640,-198240,44367127,0,-199687,6964367941089210745,9482826803,3890558049,0,493201,
0,-200640,-198240,44368927,0,-199687,9078452635167182346,14224240205,3890558049,0,493202,
0,-200640,-198240,44370727,0,-199687,10228633962878913671,14224240205,3890558049,0,493203,
0,-200640,-198240,44372527,0,-199687,10552587240420910359,18965653606,3890558049,0,493204,
0,-200640,-198240,44374327,0,-199687,10884218160666155113,18965653606,3890558049,0,493205,
0,-200640,-198240,44376127,0,-199687,11436346377522493185,18965653606,3890558049,0,493206,
0,-200640,-198240,44377927,0,-199687,12195677688506330586,18965653606,3890558049,0,493207,
0,-200640,-198240,44379727,0,-199687,12796498329174415692,18965653606,3890558049,0,493208,
0,-200640,-198240,44381527,0,-199687,13530150619315861967,23707067008,3890558049,0,493209,
0,-200640,-198240,44383327,0,-199687,14285234406224966922,28448480410,3890558049,0,493210,
0,-200640,-198240,44385127,0,-199687,17829277639218116236,28448480410,3890558049,0,493211,
0,-200640,-198240,44386927,0,-199687,19296860829693907424,33189893812,3890558049,0,493212,
0,-200640,-198240,44388727,0,-199687,22451756374578436999,37931307213,3890558049,0,493213,
0,-200640,-198240,44390527,0,-199687,24764879164421336970,42672720615,3890558049,0,493214,
0,-200640,-198240,44392327,0,-199687,27945283375906147169,47414134017,3890558049,0,493215,
0,-200640,-198240,44394127,0,-199687,29020385726290281632,52155547418,3890558049,0,493216,
0,-200640,-198240,44395927,0,-199687,30267710867133817040,56896960820,3890558049,0,493217,
0,-200640,-198240,44397727,0,-199687,31741154231210534672,61638374222,3890558049,0,493218,
0,-200640,-198240,44399527,0,-199687,32936363595610731684,61638374222,3890558049,0,493219,
0,-200640,-198240,44401327,0,-199687,35302931336540115241,71121201025,3890558049,0,493220,
0,-200640,-198240,44403127,0,-199687,36954395703886826546,71121201025,3890558049,0,493221,
0,-200640,-198240,44404927,0,-199687,39664572332219076957,80604027829,3890558049,0,493222,
0,-200640,-198240,44406727,0,-199687,46554376379425587010,104311094837,3890558049,0,493223,
0,-200640,-198240,44408527,0,-199221,56487237797558046183,128018161846,3890558049,0,493224,
0,-200640,-198240,44410327,0,-199221,59872322144943751530,137500988649,3890558049,0,493225,
0,-200640,-198240,44412127,0,-199221,61112789978723737961,137500988649,3890558049,0,493226,
0,-200640,-198240,44413927,0,-199221,62597925649283450691,142242402051,3890558049,0,493227,
0,-200640,-198240,44415727,0,-199221,63104778313447512935,142242402051,3890558049,0,493228,
0,-200640,-198240,44417527,0,-199221,64173746412829034363,146983815453,3890558049,0,493229,
0,-200640,-198240,44419327,0,-199221,64724698394072913219,146983815453,3890558049,0,493230,
0,-200640,-198240,44421127,0,-199221,65704068663458539589,151725228855,3890558049,0,493231,
0,-200640,-198240,44422927,0,-199221,66385772596463862303,151725228855,3890558049,0,493232,
0,-200640,-198240,44424727,0,-199221,67391460730509387740,156466642256,3890558049,0,493233,
0,-200640,-198240,44426527,0,-199221,68332275907592686734,156466642256,3890558049,0,493234,
0,-200640,-198240,44428327,0,-199221,69351001259515432777,156466642256,3890558049,0,493235,
0,-200640,-198240,44430127,0,-199221,70434045842436285054,161208055658,3890558049,0,493236,
0,-200640,-198240,44431927,0,-199221,71353364058057087778,161208055658,3890558049,0,493237,
0,-200640,-198240,44433727,0,-199221,75439130661111616897,170690882462,3890558049,0,493238,
0,-200640,-198240,44435527,0,-199221,80361645808945120344,175432295863,3890558049,0,493239,
0,-200640,-198240,44437327,0,-199221,81937117775155219672,184915122667,3890558049,0,493240,
0,-200640,-198240,44439127,0,-199221,83070626553247774801,184915122667,3890558049,0,493241,
0,-200640,-198240,44440927,0,-199221,84696307764089552938,189656536068,3890558049,0,493242,
0,-200640,-198240,44442727,0,-199221,87272125367742278171,194397949470,3890558049,0,493243,
0,-200640,-198240,44444527,0,-199221,88217930005269411212,194397949470,3890558049,0,493244,
0,-200640,-198240,44446327,0,-199221,88897367590082844391,199139362872,3890558049,0,493245,
0,-200640,-198240,44448127,0,-199221,89681592999886071298,199139362872,3890558049,0,493246,
0,-200640,-198240,44449927,0,-199221,91955886397178527419,203880776274,3890558049,0,493247,
0,-200640,-198240,44451727,0,-199386,93149898696937191446,203880776274,3890558049,0,493248,
0,-200640,-198240,44453527,0,-199386,94400662789662409885,208622189675,3890558049,0,493249,
0,-200640,-198240,44455327,0,-199386,96185217782482484463,208622189675,3890558049,0,493250,
0,-200640,-198240,44457127,0,-199386,96917572238723370937,213363603077,3890558049,0,493251,
0,-200640,-198240,44458927,0,-199386,97392817910973884375,213363603077,3890558049,0,493252,
0,-200640,-198240,44460727,0,-199386,97760107294504662541,213363603077,3890558049,0,493253,
0,-200640,-198240,44462527,0,-199386,98168450196491431751,213363603077,3890558049,0,493254,
0,-200640,-198240,44464327,0,-199386,98546100388569492982,218105016479,3890558049,0,493255,
0,-200640,-198240,44466127,0,-199386,98777322373499384588,218105016479,3890558049,0,493256,
0,-200640,-198240,44467927,0,-199386,99413485770441649386,218105016479,3890558049,0,493257,
0,-200640,-198240,44469727,0,-199386,99989726961966510123,218105016479,3890558049,0,493258,
0,-200640,-198240,44471527,0,-199386,100574882081807810962,222846429880,3890558049,0,493259,
0,-200640,-198240,44473327,0,-199386,101505525196528522678,222846429880,3890558049,0,493260,
0,-200640,-198240,44475127,0,-199386,102652566599077577431,222846429880,3890558049,0,493261,
0,-200640,-198240,44476927,0,-199386,105236624086976140436,227587843282,3890558049,0,493262,
0,-200640,-198240,44478727,0,-199386,106933691667129667031,232329256684,3890558049,0,493263,
0,-200640,-198240,44480527,0,-199386,110425201741799137682,246553496889,3890558049,0,493264,
0,-200640,-198240,44482327,0,-199386,114428453717080019006,251294910291,3890558049,0,493265,
0,-200640,-198240,44484127,0,-199386,116470278123493690189,260777737094,3890558049,0,493266,
0,-200640,-198240,44485927,0,-199386,118928186434104665872,265519150496,3890558049,0,493267,
0,-200640,-198240,44487727,0,-199386,120464588712933122032,265519150496,3890558049,0,493268,
0,-200640,-198240,44489527,0,-199386,121151344503382645467,270260563898,3890558049,0,493269,
0,-200640,-198240,44491327,0,-199386,122552610203665001104,270260563898,3890558049,0,493270,
0,-200640,-198240,44493127,0,-199386,125913553066263399227,279743390701,3890558049,0,493271,
0,-200640,-198240,44494927,0,-199260,127975782168958451977,279743390701,3890558049,0,493272,
0,-200640,-198240,44496727,0,-199260,129127800585741161255,284484804103,3890558049,0,493273,
0,-200640,-198240,44498527,0,-199260,131112399437161177873,289226217505,3890558049,0,493274,
0,-200640,-198240,44500327,0,-199260,131914310603437635351,289226217505,3890558049,0,493275,
0,-200640,-198240,44502127,0,-199260,132428525473554155841,289226217505,3890558049,0,493276,
0,-200640,-198240,44503927,0,-199260,132676566484587443070,293967630906,3890558049,0,493277,
0,-200640,-198240,44505727,0,-199260,133056807745295624231,293967630906,3890558049,0,493278,
0,-200640,-198240,44507527,0,-199260,133642757502315986823,293967630906,3890558049,0,493279,
0,-200640,-198240,44509327,0,-199260,134191205154346516867,293967630906,3890558049,0,493280,
0,-200640,-198240,44511127,0,-199260,134581662065230687346,293967630906,3890558049,0,493281,
0,-200640,-198240,44512927,0,-199260,135021627506225549612,298709044308,3890558049,0,493282,
0,-200640,-198240,44514727,0,-199260,135337419350947853434,298709044308,3890558049,0,493283,
0,-200640,-198240,44516527,0,-199260,136305775288552797066,303450457710,3890558049,0,493284,
0,-200640,-198240,44518327,0,-199260,138571184287051479014,308191871111,3890558049,0,493285,
0,-200640,-198240,44520127,0,-199260,140156661232957302306,312933284513,3890558049,0,493286,
0,-200640,-198240,44521927,0,-199260,144044862669802975082,322416111317,3890558049,0,493287,
0,-200640,-198240,44523727,0,-199260,146632191799328514521,327157524718,3890558049,0,493288,
0,-200640,-198240,44525527,0,-199260,148145079503049639260,331898938120,3890558049,0,493289,
0,-200640,-198240,44527327,0,-199260,148919970563410095294,331898938120,3890558049,0,493290,
0,-200640,-198240,44529127,0,-199260,149832891393808729565,336640351522,3890558049,0,493291,
0,-200640,-198240,44530927,0,-199260,150354575341335783135,336640351522,3890558049,0,493292,
0,-200640,-198240,44532727,0,-199260,151223191651023987629,341381764924,3890558049,0,493293,
0,-200640,-198240,44534527,0,-199260,152124170672283601339,341381764924,3890558049,0,493294,
0,-200640,-198240,44536327,0,-199260,153070653459945342604,341381764924,3890558049,0,493295,
0,-200640,-198240,44538127,0,-199054,153332758584170395587,341381764924,3890558049,0,493296,
0,-200640,-198240,44539927,0,-199054,153919273166803651822,346123178325,3890558049,0,493297,
0,-200640,-198240,44541727,0,-199054,154297713823616981288,346123178325,3890558049,0,493298,
0,-200640,-198240,44543527,0,-199054,154592006639620545690,346123178325,3890558049,0,493299,
0,-200640,-198240,44545327,0,-199054,155343074947226798518,346123178325,3890558049,0,493300,
0,-200640,-198240,44547127,0,-199054,155616696362445134439,346123178325,3890558049,0,493301,
0,-200640,-198240,44548927,0,-199054,156168582833597772267,350864591727,3890558049,0,493302,
0,-200640,-198240,44550727,0,-199054,156835612063676282152,350864591727,3890558049,0,493303,
0,-200640,-198240,44552527,0,-199054,157055063053626363668,350864591727,3890558049,0,493304,
0,-200640,-198240,44554327,0,-199054,157123395748826626296,350864591727,3890558049,0,493305,
0,-200640,-198240,44556127,0,-199054,157603344334202040657,350864591727,3890558049,0,493306,
0,-200640,-198240,44557927,0,-199054,158036046285471468549,355606005129,3890558049,0,493307,
0,-200640,-198240,44559727,0,-199054,158114700795835198471,355606005129,3890558049,0,493308,
0,-200640,-198240,44561527,0,-199054,158352199278911168204,355606005129,3890558049,0,493309,
0,-200640,-198240,44563327,0,-199054,159262030926753351142,355606005129,3890558049,0,493310,
0,-200640,-198240,44565127,0,-199054,159738125975800649222,355606005129,3890558049,0,493311,
0,-200640,-198240,44566927,0,-199054,160220113288334776607,360347418530,3890558049,0,493312,
0,-200640,-198240,44568727,0,-199054,161774608061043716737,365088831932,3890558049,0,493313,
0,-200640,-198240,44570527,0,-199054,162444555768571975726,365088831932,3890558049,0,493314,
0,-200640,-198240,44572327,0,-199054,165379879886864606621,374571658736,3890558049,0,493315,
0,-200640,-198240,44574127,0,-199054,168466180702337227351,384054485539,3890558049,0,493316,
0,-200640,-198240,44575927,0,-199054,170152571548827100683,388795898941,3890558049,0,493317,
0,-200640,-198240,44577727,0,-199054,170830755228935141023,388795898941,3890558049,0,493318,
0,-200640,-198240,44579527,0,-199054,172028037966001777447,388795898941,3890558049,0,493319,
0,-200640,-198240,44581327,0,-199306,173143337431270456957,393537312343,3890558049,0,493320,
0,-200640,-198240,44583127,0,-199306,173858183265501387826,393537312343,3890558049,0,493321,
0,-200640,-198240,44584927,0,-199306,180850381003673212238,403020139146,3890558049,0,493322,
0,-200640,-198240,44586727,0,-199306,182980083045817806601,407761552548,3890558049,0,493323,
0,-200640,-198240,44588527,0,-199306,184365366878171215019,412502965949,3890558049,0,493324,
0,-200640,-198240,44590327,0,-199306,184928077052578719315,412502965949,3890558049,0,493325,
0,-200640,-198240,44592127,0,-199306,185988407809253176743,412502965949,3890558049,0,493326,
0,-200640,-198240,44593927,0,-199306,186186028065944347705,412502965949,3890558049,0,493327,
0,-200640,-198240,44595727,0,-199306,186513995945627717200,417244379351,3890558049,0,493328,
0,-200640,-198240,44597527,0,-199306,186931931604087651183,417244379351,3890558049,0,493329,
0,-200640,-198240,44599327,0,-199306,187145097954884843814,417244379351,3890558049,0,493330,
0,-200640,-198240,44601127,0,-199306,188393762028200305157,417244379351,3890558049,0,493331,
0,-200640,-198240,44602927,0,-199306,188881255183770434830,421985792753,3890558049,0,493332,
0,-200640,-198240,44604727,0,-199306,190689681320209890598,421985792753,3890558049,0,493333,
0,-200640,-198240,44606527,0,-199306,192516428192688162473,426727206155,3890558049,0,493334,
0,-200640,-198240,44608327,0,-199306,193821788171930412119,426727206155,3890558049,0,493335,
0,-200640,-198240,44610127,0,-199306,194374443861544865062,431468619556,3890558049,0,493336,
0,-200640,-198240,44611927,0,-199306,194807152692605138854,431468619556,3890558049,0,493337,
0,-200640,-198240,44613727,0,-199306,195233654463518602752,431468619556,3890558049,0,493338,
0,-200640,-198240,44615527,0,-199306,195829401184945928920,436210032958,3890558049,0,493339,
0,-200640,-198240,44617327,0,-199306,196156157586091024193,436210032958,3890558049,0,493340,
0,-200640,-198240,44619127,0,-199306,197109784616931146501,440951446360,3890558049,0,493341,
0,-200640,-198240,44620927,0,-199306,197887154393389755239,440951446360,3890558049,0,493342,
0,-200640,-198240,44622727,0,-199306,201668748587422404554,445692859761,3890558049,0,493343,
0,-200640,-198240,44624527,0,-199167,202877873891104150077,450434273163,3890558049,0,493344,
0,-200640,-198240,44626327,0,-199167,203617223311863877749,450434273163,3890558049,0,493345,
0,-200640,-198240,44628127,0,-199167,204250782515943726647,455175686565,3890558049,0,493346,
0,-200640,-198240,44629927,0,-199167,205374985284021413000,455175686565,3890558049,0,493347,
0,-200640,-198240,44631727,0,-199167,205768244536175470781,455175686565,3890558049,0,493348,
0,-200640,-198240,44633527,0,-199167,206337678964103644906,455175686565,3890558049,0,493349,
0,-200640,-198240,44635327,0,-199167,206935429572784008237,459917099967,3890558049,0,493350,
0,-200640,-198240,44637127,0,-199167,207217003490440490103,459917099967,3890558049,0,493351,
0,-200640,-198240,44638927,0,-199167,208065831591900631846,459917099967,3890558049,0,493352,
0,-200640,-198240,44640727,0,-199167,208808331169793157008,459917099967,3890558049,0,493353,
0,-200640,-198240,44642527,0,-199167,209257205285618410269,464658513368,3890558049,0,493354,
0,-200640,-198240,44644327,0,-199167,209826516346711284965,464658513368,3890558049,0,493355,
0,-200640,-198240,44646127,0,-199167,210157129470414302477,464658513368,3890558049,0,493356,
0,-200640,-198240,44647927,0,-199167,211484170453821649670,469399926770,3890558049,0,493357,
0,-200640,-198240,44649727,0,-199167,214408865982762308396,478882753574,3890558049,0,493358,
0,-200640,-198240,44651527,0,-199167,216743024916099191187,483624166975,3890558049,0,493359,
0,-200640,-198240,44653327,0,-199167,219808706822974353910,488365580377,3890558049,0,493360,
0,-200640,-198240,44655127,0,-199167,222703904207922974933,497848407180,3890558049,0,493361,
0,-200640,-198240,44656927,0,-199167,224326045375207931905,497848407180,3890558049,0,493362,
0,-200640,-198240,44658727,0,-199167,225342357684349552508,502589820582,3890558049,0,493363,
0,-200640,-198240,44660527,0,-199167,227416997294381212932,512072647386,3890558049,0,493364,
0,-200640,-198240,44662327,0,-199167,228981526647429743982,512072647386,3890558049,0,493365,
0,-200640,-198240,44664127,0,-199167,229861422736927926671,516814060787,3890558049,0,493366,
0,-200640,-198240,44665927,0,-199167,238921812877137217750,545262541198,3890558049,0,493367,
0,-200640,-198240,44667727,0,-198661,244890913471607717916,559486781403,3890558049,0,493368,
0,-200640,-198240,44669527,0,-198661,246533570307954723780,564228194805,3890558049,0,493369,
0,-200640,-198240,44671327,0,-198661,247600085441854277260,568969608206,3890558049,0,493370,
0,-200640,-198240,44673127,0,-198661,248336921188074841324,568969608206,3890558049,0,493371,
0,-200640,-198240,44674927,0,-198661,248904583228259317407,568969608206,3890558049,0,493372,
0,-200640,-198240,44676727,0,-198661,249219099727604825800,568969608206,3890558049,0,493373,
0,-200640,-198240,44678527,0,-198661,249992820801535686089,573711021608,3890558049,0,493374,
0,-200640,-198240,44680327,0,-198661,250121324768599345283,573711021608,3890558049,0,493375,
0,-200640,-198240,44682127,0,-198661,251570808803508823082,578452435010,3890558049,0,493376,
0,-200640,-198240,44683927,0,-198661,253207538005425022789,583193848411,3890558049,0,493377,
0,-200640,-198240,44685727,0,-198661,254024042630509654572,583193848411,3890558049,0,493378,
0,-200640,-198240,44687527,0,-198661,254900227952378660260,587935261813,3890558049,0,493379,
0,-200640,-198240,44689327,0,-198661,255567246642295178116,587935261813,3890558049,0,493380,
0,-200640,-198240,44691127,0,-198661,256800718809827139892,587935261813,3890558049,0,493381,
0,-200640,-198240,44692927,0,-198661,258955154221618218756,597418088617,3890558049,0,493382,
0,-200640,-198240,44694727,0,-198661,265392503598806550063,606900915420,3890558049,0,493383,
0,-200640,-198240,44696527,0,-198661,268767937695340181345,616383742223,3890558049,0,493384,
0,-200640,-198240,44698327,0,-198661,271612678068358403126,621125155625,3890558049,0,493385,
0,-200640,-198240,44700127,0,-198661,273477918252522377927,625866569027,3890558049,0,493386,
0,-200640,-198240,44701927,0,-198661,276248423278416744601,630607982429,3890558049,0,493387,
0,-200640,-198240,44703727,0,-198661,277749112510808586715,635349395830,3890558049,0,493388,
0,-200640,-198240,44705527,0,-198661,278935448035542655190,635349395830,3890558049,0,493389,
0,-200640,-198240,44707327,0,-198661,279764643361788869463,640090809232,3890558049,0,493390,
0,-200640,-198240,44709127,0,-198661,281318435732033651557,640090809232,3890558049,0,493391,
0,-200640,-198240,44710927,0,-198741,281832622651518168890,644832222634,3890558049,0,493392,
0,-200640,-198240,44712727,0,-198741,283087988129483117160,649573636036,3890558049,0,493393,
0,-200640,-198240,44714527,0,-198741,284029060092033426663,649573636036,3890558049,0,493394,
0,-200640,-198240,44716327,0,-198741,284966091294064626053,649573636036,3890558049,0,493395,
0,-200640,-198240,44718127,0,-198741,285300719067323150390,654315049437,3890558049,0,493396,
0,-200640,-198240,44719927,0,-198741,285690901047351221966,654315049437,3890558049,0,493397,
0,-200640,-198240,44721727,0,-198741,286890027440346397729,654315049437,3890558049,0,493398,
0,-200640,-198240,44723527,0,-198741,287344400875022812507,654315049437,3890558049,0,493399,
0,-200640,-198240,44725327,0,-198741,288473984777481209033,659056462839,3890558049,0,493400,
0,-200640,-198240,44727127,0,-198741,289014523439024380744,659056462839,3890558049,0,493401,
0,-200640,-198240,44728927,0,-198741,289639807918952716010,663797876241,3890558049,0,493402,
0,-200640,-198240,44730727,0,-198741,290837754700449090532,663797876241,3890558049,0,493403,
0,-200640,-198240,44732527,0,-198741,291446211268865315347,668539289642,3890558049,0,493404,
0,-200640,-198240,44734327,0,-198741,292497732910907991159,668539289642,3890558049,0,493405,
0,-200640,-198240,44736127,0,-198741,294659258523247498228,673280703044,3890558049,0,493406,
0,-200640,-198240,44737927,0,-198741,296365854670619557072,678022116446,3890558049,0,493407,
0,-200640,-198240,44739727,0,-198741,298945208809183186195,682763529848,3890558049,0,493408,
0,-200640,-198240,44741527,0,-198741,300458485460528481068,687504943249,3890558049,0,493409,
0,-200640,-198240,44743327,0,-198741,301937369539586714923,692246356651,3890558049,0,493410,
0,-200640,-198240,44745127,0,-198741,302918194972452397064,696987770053,3890558049,0,493411,
0,-200640,-198240,44746927,0,-198741,304407139676434037503,701729183454,3890558049,0,493412,
0,-200640,-198240,44748727,0,-198741,305795546582966892770,701729183454,3890558049,0,493413,
0,-200640,-198240,44750527,0,-198741,306880388460276042339,706470596856,3890558049,0,493414,
0,-200640,-198240,44752327,0,-198741,308818560980039877765,711212010258,3890558049,0,493415,
0,-200640,-198240,44754127,0,-198749,309794541300051327910,711212010258,3890558049,0,493416,
0,-200640,-198240,44755927,0,-198749,310645996049707756113,715953423660,3890558049,0,493417,
0,-200640,-198240,44757727,0,-198749,311880354012832841166,715953423660,3890558049,0,493418,
0,-200640,-198240,44759527,0,-198749,313062242418953618267,720694837061,3890558049,0,493419,
0,-200640,-198240,44761327,0,-198749,313703723434302663758,720694837061,3890558049,0,493420,
0,-200640,-198240,44763127,0,-198749,314650130918836758859,725436250463,3890558049,0,493421,
0,-200640,-198240,44764927,0,-198749,315226732718557887631,725436250463,3890558049,0,493422,
0,-200640,-198240,44766727,0,-198749,315682943337133548397,725436250463,3890558049,0,493423,
0,-200640,-198240,44768527,0,-198749,317499207181651280996,730177663865,3890558049,0,493424,
0,-200640,-198240,44770327,0,-198749,318444236465327657093,730177663865,3890558049,0,493425,
0,-200640,-198240,44772127,0,-198749,318834598846652837422,730177663865,3890558049,0,493426,
0,-200640,-198240,44773927,0,-198749,319812221454765655735,734919077267,3890558049,0,493427,
0,-200640,-198240,44775727,0,-198749,320001339323599415936,734919077267,3890558049,0,493428,
0,-200640,-198240,44777527,0,-198749,320688489277227851401,734919077267,3890558049,0,493429,
0,-200640,-198240,44779327,0,-198749,324675772252775757781,744401904070,3890558049,0,493430,
0,-200640,-198240,44781127,0,-198749,328142220799835797286,749143317472,3890558049,0,493431,
0,-200640,-198240,44782927,0,-198749,330837020080964993346,758626144275,3890558049,0,493432,
0,-200640,-198240,44784727,0,-198749,333789100847326306797,763367557677,3890558049,0,493433,
0,-200640,-198240,44786527,0,-198749,335510308527774427314,768108971079,3890558049,0,493434,
0,-200640,-198240,44788327,0,-198749,336952721934689999220,772850384480,3890558049,0,493435,
0,-200640,-198240,44790127,0,-198749,338213840050999922857,777591797882,3890558049,0,493436,
0,-200640,-198240,44791927,0,-198749,339794018785104018709,782333211284,3890558049,0,493437,
0,-200640,-198240,44793727,0,-198749,340926771962074048471,782333211284,3890558049,0,493438,
0,-200640,-198240,44795527,0,-198749,341715636072040476769,787074624686,3890558049,0,493439,
0,-200640,-198240,44797327,0,-198492,342196203511434497407,787074624686,3890558049,0,493440,
0,-200640,-198240,44799127,0,-198492,342815563438850737635,787074624686,3890558049,0,493441,
0,-200640,-198240,44800927,0,-198492,344244016607459348732,791816038087,3890558049,0,493442,
0,-200640,-198240,44802727,0,-198492,344929899100681475833,791816038087,3890558049,0,493443,
0,-200640,-198240,44804527,0,-198492,345429486819506189374,791816038087,3890558049,0,493444,
0,-200640,-198240,44806327,0,-198492,345703926702247344106,791816038087,3890558049,0,493445,
0,-200640,-198240,44808127,0,-198492,346635924908176854829,796557451489,3890558049,0,493446,
0,-200640,-198240,44809927,0,-198492,346807790115461738036,796557451489,3890558049,0,493447,
0,-200640,-198240,44811727,0,-198492,347334408025188758487,796557451489,3890558049,0,493448,
0,-200640,-198240,44813527,0,-198492,348484597076662921219,801298864891,3890558049,0,493449,
0,-200640,-198240,44815327,0,-198492,350739199796600988029,810781691694,3890558049,0,493450,
0,-200640,-198240,44817127,0,-198492,352472154418838731697,810781691694,3890558049,0,493451,
0,-200640,-198240,44818927,0,-198492,352885045640166438655,815523105096,3890558049,0,493452,
0,-200640,-198240,44820727,0,-198492,355126007057711424951,820264518498,3890558049,0,493453,
0,-200640,-198240,44822527,0,-198492,363230915458917414966,843971585506,3890558049,0,493454,
0,-200640,-198240,44824327,0,-198492,367514296766468021628,858195825711,3890558049,0,493455,
0,-200640,-198240,44826127,0,-198492,370373500233132937343,862937239113,3890558049,0,493456,
0,-200640,-198240,44827927,0,-198492,372060162591919846936,867678652515,3890558049,0,493457,
0,-200640,-198240,44829727,0,-198492,374752801395877000532,872420065917,3890558049,0,493458,
0,-200640,-198240,44831527,0,-198492,376886926584048727158,877161479318,3890558049,0,493459,
0,-200640,-198240,44833327,0,-198492,377906644147846984747,881902892720,3890558049,0,493460,
0,-200640,-198240,44835127,0,-198492,378772975456622977327,881902892720,3890558049,0,493461,
0,-200640,-198240,44836927,0,-198492,379395689986176483936,886644306122,3890558049,0,493462,
0,-200640,-198240,44838727,0,-198492,380196801209632283135,886644306122,3890558049,0,493463,
0,-200640,-198240,44840527,0,-198593,381416483270252964724,886644306122,3890558049,0,493464,
0,-200640,-198240,44842327,0,-198593,382517663982281837026,891385719523,3890558049,0,493465,
0,-200640,-198240,44844127,0,-198593,383056544794404856116,891385719523,3890558049,0,493466,
0,-200640,-198240,44845927,0,-198593,383399872681942469861,891385719523,3890558049,0,493467,
0,-200640,-198240,44847727,0,-198593,384644643770370312589,896127132925,3890558049,0,493468,
0,-200640,-198240,44849527,0,-198593,385219834236236871117,896127132925,3890558049,0,493469,
0,-200640,-198240,44851327,0,-198593,385444161215125256648,896127132925,3890558049,0,493470,
0,-200640,-198240,44853127,0,-198593,385673449613738618436,896127132925,3890558049,0,493471,
0,-200640,-198240,44854927,0,-198593,385984629623146055030,896127132925,3890558049,0,493472,
0,-200640,-198240,44856727,0,-198593,388928978301154028430,900868546327,3890558049,0,493473,
0,-200640,-198240,44858527,0,-198593,389994628459006705598,905609959729,3890558049,0,493474,
0,-200640,-198240,44860327,0,-198593,391728477795436181183,905609959729,3890558049,0,493475,
0,-200640,-198240,44862127,0,-198593,393231767773682896144,910351373130,3890558049,0,493476,
0,-200640,-198240,44863927,0,-198593,393906415269744624321,910351373130,3890558049,0,493477,
0,-200640,-198240,44865727,0,-198593,394849932455048816759,915092786532,3890558049,0,493478,
0,-200640,-198240,44867527,0,-198593,395306885351375344050,915092786532,3890558049,0,493479,
0,-200640,-198240,44869327,0,-198593,396103015648931432302,919834199934,3890558049,0,493480,
0,-200640,-198240,44871127,0,-198593,397471429181536918866,919834199934,3890558049,0,493481,
0,-200640,-198240,44872927,0,-198593,397978128546322876605,924575613335,3890558049,0,493482,
0,-200640,-198240,44874727,0,-198593,399891294088438467708,924575613335,3890558049,0,493483,
0,-200640,-198240,44876527,0,-198593,400376719869230111148,929317026737,3890558049,0,493484,
0,-200640,-198240,44878327,0,-198593,400821511983722486109,929317026737,3890558049,0,493485,
0,-200640,-198240,44880127,0,-198593,401169416458907738675,929317026737,3890558049,0,493486,
0,-200640,-198240,44881927,0,-198593,401492570443202713118,929317026737,3890558049,0,493487,
0,-200640,-198240,44883727,0,-198855,401812054772664116899,929317026737,3890558049,0,493488,
0,-200640,-198240,44885527,0,-198855,402406298015608823740,934058440139,3890558049,0,493489,
0,-200640,-198240,44887327,0,-198855,402940189443150623209,934058440139,3890558049,0,493490,
0,-200640,-198240,44889127,0,-198855,404062687497678094311,934058440139,3890558049,0,493491,
0,-200640,-198240,44890927,0,-198855,404606315194793901902,934058440139,3890558049,0,493492,
0,-200640,-198240,44892727,0,-198855,406138798828205409322,938799853541,3890558049,0,493493,
0,-200640,-198240,44894527,0,-198855,406543130921181527102,938799853541,3890558049,0,493494,
0,-200640,-198240,44896327,0,-198855,407547594101591890622,943541266942,3890558049,0,493495,
0,-200640,-198240,44898127,0,-198855,410130845165157675192,948282680344,3890558049,0,493496,
0,-200640,-198240,44899927,0,-198855,410808163181713895971,948282680344,3890558049,0,493497,
0,-200640,-198240,44901727,0,-198855,411621972289572581270,948282680344,3890558049,0,493498,
0,-200640,-198240,44903527,0,-198855,411945005083341007675,953024093746,3890558049,0,493499,
0,-200640,-198240,44905327,0,-198855,412413476650850345570,953024093746,3890558049,0,493500,
0,-200640,-198240,44907127,0,-198855,413166520098520180916,953024093746,3890558049,0,493501,
0,-200640,-198240,44908927,0,-198855,414509955533426453051,957765507148,3890558049,0,493502,
0,-200640,-198240,44910727,0,-198855,415545933508966768875,962506920549,3890558049,0,493503,
0,-200640,-198240,44912527,0,-198855,417194125476060359470,962506920549,3890558049,0,493504,
0,-200640,-198240,44914327,0,-198855,419294992944501314055,967248333951,3890558049,0,493505,
0,-200640,-198240,44916127,0,-198855,421970519029726142508,971989747353,3890558049,0,493506,
0,-200640,-198240,44917927,0,-198855,423671286657173144810,976731160754,3890558049,0,493507,
0,-200640,-198240,44919727,0,-198855,424449913140512466805,976731160754,3890558049,0,493508,
0,-200640,-198240,44921527,0,-198855,426435931727571601520,981472574156,3890558049,0,493509,
0,-200640,-198240,44923327,0,-198855,427670386534065416763,981472574156,3890558049,0,493510,
0,-200640,-198240,44925127,0,-198855,431833148351932435657,990955400960,3890558049,0,493511,
0,-200640,-198240,44926927,0,-198886,433093813900333164843,995696814361,3890558049,0,493512,
0,-200640,-198240,44928727,0,-198886,434074535145380757524,1000438227763,3890558049,0,493513,
0,-200640,-198240,44930527,0,-198886,435055894347601552024,1000438227763,3890558049,0,493514,
0,-200640,-198240,44932327,0,-198886,436174540909350082987,1005179641165,3890558049,0,493515,
0,-200640,-198240,44934127,0,-198886,436450034538029876825,1005179641165,3890558049,0,493516,
0,-200640,-198240,44935927,0,-198886,437034641332376922016,1005179641165,3890558049,0,493517,
0,-200640,-198240,44937727,0,-198886,438141407495772811534,1005179641165,3890558049,0,493518,
0,-200640,-198240,44939527,0,-198886,439122445642667935170,1009921054566,3890558049,0,493519,
0,-200640,-198240,44941327,0,-198886,442644546377805468517,1019403881370,3890558049,0,493520,
0,-200640,-198240,44943127,0,-198886,444289897147746344691,1024145294772,3890558049,0,493521,
0,-200640,-198240,44944927,0,-198886,445164210953141662515,1024145294772,3890558049,0,493522,
0,-200640,-198240,44946727,0,-198886,445848668585256784255,1028886708173,3890558049,0,493523,
0,-200640,-198240,44948527,0,-198886,446737005779844160435,1028886708173,3890558049,0,493524,
0,-200640,-198240,44950327,0,-198886,447940066464920510624,1033628121575,3890558049,0,493525,
0,-200640,-198240,44952127,0,-198886,451042165660364845298,1038369534977,3890558049,0,493526,
0,-200640,-198240,44953927,0,-198886,455996144893911969623,1047852361780,3890558049,0,493527,
0,-200640,-198240,44955727,0,-198886,458745097322598984211,1057335188584,3890558049,0,493528,
0,-200640,-198240,44957527,0,-198886,460424170959149581648,1062076601985,3890558049,0,493529,
0,-200640,-198240,44959327,0,-198886,461725478850636104466,1066818015387,3890558049,0,493530,
0,-200640,-198240,44961127,0,-198886,464156747705481795823,1071559428789,3890558049,0,493531,
0,-200640,-198240,44962927,0,-198886,464734189190550716117,1076300842191,3890558049,0,493532,
0,-200640,-198240,44964727,0,-198886,465770889141109712289,1076300842191,3890558049,0,493533,
0,-200640,-198240,44966527,0,-198886,467882767408978365329,1081042255592,3890558049,0,493534,
0,-200640,-198240,44968327,0,-198886,468619977641512224273,1081042255592,3890558049,0,493535,
0,-200640,-198240,44970127,0,-198857,469407407312716575730,1081042255592,3890558049,0,493536,
0,-200640,-198240,44971927,0,-198857,470100915179300610304,1085783668994,3890558049,0,493537,
0,-200640,-198240,44973727,0,-198857,470871454025178423849,1085783668994,3890558049,0,493538,
0,-200640,-198240,44975527,0,-198857,471409475906556653824,1085783668994,3890558049,0,493539,
0,-200640,-198240,44977327,0,-198857,472290267558959567339,1090525082396,3890558049,0,493540,
0,-200640,-198240,44979127,0,-198857,472719613106354636196,1090525082396,3890558049,0,493541,
0,-200640,-198240,44980927,0,-198857,473109150538644877559,1090525082396,3890558049,0,493542,
0,-200640,-198240,44982727,0,-198857,473689500046346996157,1095266495797,3890558049,0,493543,
0,-200640,-198240,44984527,0,-198857,474590419444333083201,1095266495797,3890558049,0,493544,
0,-200640,-198240,44986327,0,-198857,475659671990587400790,1100007909199,3890558049,0,493545,
0,-200640,-198240,44988127,0,-198857,476138834212550139406,1100007909199,3890558049,0,493546,
0,-200640,-198240,44989927,0,-198857,476569058813248474289,1100007909199,3890558049,0,493547,
0,-200640,-198240,44991727,0,-198857,477737659109601878616,1104749322601,3890558049,0,493548,
0,-200640,-198240,44993527,0,-198857,479831717917880785902,1104749322601,3890558049,0,493549,
0,-200640,-198240,44995327,0,-198857,481369674185468829943,1109490736003,3890558049,0,493550,
0,-200640,-198240,44997127,0,-198857,484515223138581185395,1118973562806,3890558049,0,493551,
0,-200640,-198240,44998927,0,-198857,486879794331965477656,1123714976208,3890558049,0,493552,
0,-200640,-198240,45000727,0,-198857,488656956498785345662,1128456389610,3890558049,0,493553,
0,-200640,-198240,45002527,0,-198857,491673242213857543619,1133197803011,3890558049,0,493554,
0,-200640,-198240,45004327,0,-198857,493192658986075242862,1137939216413,3890558049,0,493555,
0,-200640,-198240,45006127,0,-198857,496241946996196848645,1142680629815,3890558049,0,493556,
0,-200640,-198240,45007927,0,-198857,498462224647350454766,1152163456618,3890558049,0,493557,
0,-200640,-198240,45009727,0,-198857,499061038740832584342,1152163456618,3890558049,0,493558,
0,-200640,-198240,45011527,0,-198857,500061464384884950920,1152163456618,3890558049,0,493559,
0,-200640,-198240,45013327,0,-198539,500600257295944915468,1156904870020,3890558049,0,493560,
0,-200640,-198240,45015127,0,-198539,501395354363658153870,1156904870020,3890558049,0,493561,
0,-200640,-198240,45016927,0,-198539,502322670746269574532,1161646283422,3890558049,0,493562,
0,-200640,-198240,45018727,0,-198539,504960505335487652018,1171129110225,3890558049,0,493563,
0,-200640,-198240,45020527,0,-198539,506647086673002352970,1175870523627,3890558049,0,493564,
0,-200640,-198240,45022327,0,-198539,507337609867264136987,1175870523627,3890558049,0,493565,
0,-200640,-198240,45024127,0,-198539,511120399637134511145,1190094763832,3890558049,0,493566,
0,-200640,-198240,45025927,0,-198539,511914374535572310178,1190094763832,3890558049,0,493567,
0,-200640,-198240,45027727,0,-198539,512628227361370278012,1190094763832,3890558049,0,493568,
0,-200640,-198240,45029527,0,-198539,513194949411606449125,1190094763832,3890558049,0,493569,
0,-200640,-198240,45031327,0,-198539,513806984206181619180,1194836177234,3890558049,0,493570,
0,-200640,-198240,45033127,0,-198539,514096823934132419439,1194836177234,3890558049,0,493571,
0,-200640,-198240,45034927,0,-198539,514671855776013623327,1194836177234,3890558049,0,493572,
0,-200640,-198240,45036727,0,-198539,515635935731580597372,1199577590635,3890558049,0,493573,
0,-200640,-198240,45038527,0,-198539,518236908055323164614,1209060417439,3890558049,0,493574,
0,-200640,-198240,45040327,0,-198539,521135903862410520290,1213801830841,3890558049,0,493575,
0,-200640,-198240,45042127,0,-198539,523315773566991260354,1218543244242,3890558049,0,493576,
0,-200640,-198240,45043927,0,-198539,525275875431929935366,1223284657644,3890558049,0,493577,
0,-200640,-198240,45045727,0,-198539,526340318179377036992,1223284657644,3890558049,0,493578,
0,-200640,-198240,45047527,0,-198539,527342934214178597503,1228026071046,3890558049,0,493579,
0,-200640,-198240,45049327,0,-198539,528493827081058111985,1228026071046,3890558049,0,493580,
0,-200640,-198240,45051127,0,-198539,529288162108809425480,1232767484447,3890558049,0,493581,
0,-200640,-198240,45052927,0,-198539,529431325056273057389,1232767484447,3890558049,0,493582,
0,-200640,-198240,45054727,0,-198539,530049978024726860526,1232767484447,3890558049,0,493583,
0,-200640,-198240,45056527,0,-198759,531640426437412658327,1237508897849,3890558049,0,493584,
0,-200640,-198240,45058327,0,-198759,534961599723114358160,1242250311251,3890558049,0,493585,
0,-200640,-198240,45060127,0,-198759,536291182895921066922,1246991724653,3890558049,0,493586,
0,-200640,-198240,45061927,0,-198759,538296414775867651877,1246991724653,3890558049,0,493587,
0,-200640,-198240,45063727,0,-198759,539847664269208129151,1251733138054,3890558049,0,493588,
0,-200640,-198240,45065527,0,-198759,540115592560302508130,1251733138054,3890558049,0,493589,
0,-200640,-198240,45067327,0,-198759,540731779894217733917,1256474551456,3890558049,0,493590,
0,-200640,-198240,45069127,0,-198759,541222974178123594889,1256474551456,3890558049,0,493591,
0,-200640,-198240,45070927,0,-198759,542204779272343514215,1256474551456,3890558049,0,493592,
0,-200640,-198240,45072727,0,-198759,542889417225151716880,1256474551456,3890558049,0,493593,
0,-200640,-198240,45074527,0,-198759,544868522859919619997,1261215964858,3890558049,0,493594,
0,-200640,-198240,45076327,0,-198759,546107201753681722970,1261215964858,3890558049,0,493595,
0,-200640,-198240,45078127,0,-198759,546526348928611238388,1265957378260,3890558049,0,493596,
0,-200640,-198240,45079927,0,-198759,547757335471805721150,1270698791661,3890558049,0,493597,
0,-200640,-198240,45081727,0,-198759,549378980113537836297,1270698791661,3890558049,0,493598,
0,-200640,-198240,45083527,0,-198759,550795633919290254795,1275440205063,3890558049,0,493599,
0,-200640,-198240,45085327,0,-198759,552393009996873069740,1280181618465,3890558049,0,493600,
0,-200640,-198240,45087127,0,-198759,553523229594850475462,1280181618465,3890558049,0,493601,
0,-200640,-198240,45088927,0,-198759,557951294843128439325,1289664445268,3890558049,0,493602,
0,-200640,-198240,45090727,0,-198759,559877317908294739136,1294405858670,3890558049,0,493603,
0,-200640,-198240,45092527,0,-198759,560744684921931377266,1299147272072,3890558049,0,493604,
0,-200640,-198240,45094327,0,-198759,561344645147792278519,1299147272072,3890558049,0,493605,
0,-200640,-198240,45096127,0,-198759,561763501783132776562,1299147272072,3890558049,0,493606,
0,-200640,-198240,45097927,0,-198759,562327203794844133667,1303888685473,3890558049,0,493607,
0,-200640,-198240,45099727,0,-198831,562672398239337017074,1303888685473,3890558049,0,493608,
0,-200640,-198240,45101527,0,-198831,563250619682169107385,1303888685473,3890558049,0,493609,
0,-200640,-198240,45103327,0,-198831,563996678861948735819,1308630098875,3890558049,0,493610,
0,-200640,-198240,45105127,0,-198831,564968653014793254822,1308630098875,3890558049,0,493611,
0,-200640,-198240,45106927,0,-198831,566123831104725458848,1308630098875,3890558049,0,493612,
0,-200640,-198240,45108727,0,-198831,566591689019546692156,1308630098875,3890558049,0,493613,
0,-200640,-198240,45110527,0,-198831,566948911514746960062,1313371512277,3890558049,0,493614,
0,-200640,-198240,45112327,0,-198831,567481911618207609846,1313371512277,3890558049,0,493615,
0,-200640,-198240,45114127,0,-198831,567905994481211570372,1313371512277,3890558049,0,493616,
0,-200640,-198240,45115927,0,-198831,568505918852504327796,1313371512277,3890558049,0,493617,
0,-200640,-198240,45117727,0,-198831,569261823819024717348,1318112925678,3890558049,0,493618,
0,-200640,-198240,45119527,0,-198831,569568575874611832332,1318112925678,3890558049,0,493619,
0,-200640,-198240,45121327,0,-198831,570731006202895468444,1322854339080,3890558049,0,493620,
0,-200640,-198240,45123127,0,-198831,571653620933597953041,1322854339080,3890558049,0,493621,
0,-200640,-198240,45124927,0,-198831,573176248590971299041,1327595752482,3890558049,0,493622,
0,-200640,-198240,45126727,0,-198831,574868978105019773890,1332337165884,3890558049,0,493623,
0,-200640,-198240,45128527,0,-198831,576110103833616316383,1332337165884,3890558049,0,493624,
0,-200640,-198240,45130327,0,-198831,577153164380770897040,1337078579285,3890558049,0,493625,
0,-200640,-198240,45132127,0,-198831,577863715921625300868,1337078579285,3890558049,0,493626,
0,-200640,-198240,45133927,0,-198831,578376529030800909193,1337078579285,3890558049,0,493627,
0,-200640,-198240,45135727,0,-198831,578679035686466495703,1341819992687,3890558049,0,493628,
0,-200640,-198240,45137527,0,-198831,578952462111058685769,1341819992687,3890558049,0,493629,
0,-200640,-198240,45139327,0,-198831,579798913176031074755,1341819992687,3890558049,0,493630,
0,-200640,-198240,45141127,0,-198831,580147405055439839970,1341819992687,3890558049,0,493631,
0,-200640,-198240,45142927,0,-198847,580155212740888457091,1341819992687,3890558049,0,493632,
0,-200640,-198240,45144727,0,-198847,580270398044516782810,1341819992687,3890558049,0,493633,
0,-200640,-198240,45146527,0,-198847,580328454930487815060,1341819992687,3890558049,0,493634,
0,-200640,-198240,45148327,0,-198847,580513811843831541023,1341819992687,3890558049,0,493635,
0,-200640,-198240,45150127,0,-198847,580694099313828759274,1341819992687,3890558049,0,493636,
0,-200640,-198240,45151927,0,-198847,580758413537894313288,1341819992687,3890558049,0,493637,
0,-200640,-198240,45153727,0,-198847,580868212885124499281,1341819992687,3890558049,0,493638,
0,-200640,-198240,45155527,0,-198847,580916437767643529223,1346561406089,3890558049,0,493639,
0,-200640,-198240,45157327,0,-198847,580975095807936939118,1346561406089,3890558049,0,493640,
0,-200640,-198240,45159127,0,-198847,581004618308569621472,1346561406089,3890558049,0,493641,
0,-200640,-198240,45160927,0,-198847,581190265126152968978,1346561406089,3890558049,0,493642,
0,-200640,-198240,45162727,0,-198847,581266825861548391875,1346561406089,3890558049,0,493643,
0,-200640,-198240,45164527,0,-198847,581605716449939869215,1346561406089,3890558049,0,493644,
0,-200640,-198240,45166327,0,-198847,581742594141866870016,1346561406089,3890558049,0,493645,
0,-200640,-198240,45168127,0,-198847,581833086425276759895,1346561406089,3890558049,0,493646,
0,-200640,-198240,45169927,0,-198847,581998238929124019870,1346561406089,3890558049,0,493647,
0,-200640,-198240,45171727,0,-198847,582536915253569849454,1346561406089,3890558049,0,493648,
0,-200640,-198240,45173527,0,-198847,583069709247789926343,1346561406089,3890558049,0,493649,
0,-200640,-198240,45175327,0,-198847,583311073196590131090,1351302819491,3890558049,0,493650,
0,-200640,-198240,45177127,0,-198847,583414226215428904571,1351302819491,3890558049,0,493651,
0,-200640,-198240,45178927,0,-198847,583592347513816584889,1351302819491,3890558049,0,493652,
0,-200640,-198240,45180727,0,-198847,583608105952121802719,1351302819491,3890558049,0,493653,
0,-200640,-198240,45182527,0,-198847,583711597868224877747,1351302819491,3890558049,0,493654,
0,-200640,-198240,45184327,0,-198847,583741809272517763431,1351302819491,3890558049,0,493655,
0,-200640,-198240,45186127,0,-198720,583766312859046560234,1351302819491,3890558049,0,493656,
0,-200640,-198240,45187927,0,-198720,584037224333659381629,1351302819491,3890558049,0,493657,
0,-200640,-198240,45189727,0,-198720,584139583862741136575,1351302819491,3890558049,0,493658,
0,-200640,-198240,45191527,0,-198720,584215626404324471773,1351302819491,3890558049,0,493659,
0,-200640,-198240,45193327,0,-198720,584554965554130819109,1351302819491,3890558049,0,493660,
0,-200640,-198240,45195127,0,-198720,584609585920565243412,1351302819491,3890558049,0,493661,
0,-200640,-198240,45196927,0,-198720,585409789523702031204,1356044232892,3890558049,0,493662,
0,-200640,-198240,45198727,0,-198720,585649968460533570147,1356044232892,3890558049,0,493663,
0,-200640,-198240,45200527,0,-198720,585670226708779212699,1356044232892,3890558049,0,493664,
0,-200640,-198240,45202327,0,-198720,585979680274738813946,1356044232892,3890558049,0,493665,
0,-200640,-198240,45204127,0,-198720,586080019990159915341,1356044232892,3890558049,0,493666,
0,-200640,-198240,45205927,0,-198720,586289991510227239449,1356044232892,3890558049,0,493667,
0,-200640,-198240,45207727,0,-198720,586422935512232567843,1360785646294,3890558049,0,493668,
0,-200640,-198240,45209527,0,-198720,586870228584793362991,1360785646294,3890558049,0,493669,
0,-200640,-198240,45211327,0,-198720,586992974840199706974,1360785646294,3890558049,0,493670,
0,-200640,-198240,45213127,0,-198720,587664106559258404004,1360785646294,3890558049,0,493671,
0,-200640,-198240,45214927,0,-198720,587933177787018921898,1365527059696,3890558049,0,493672,
0,-200640,-198240,45216727,0,-198720,588277438225227213310,1365527059696,3890558049,0,493673,
0,-200640,-198240,45218527,0,-198720,588429046507120793047,1365527059696,3890558049,0,493674,
0,-200640,-198240,45220327,0,-198720,589368066030344831744,1370268473097,3890558049,0,493675,
0,-200640,-198240,45222127,0,-198720,590154393289743388812,1370268473097,3890558049,0,493676,
0,-200640,-198240,45223927,0,-198720,590620881808511590115,1370268473097,3890558049,0,493677,
0,-200640,-198240,45225727,0,-198720,592472980586980254851,1375009886499,3890558049,0,493678,
0,-200640,-198240,45227527,0,-198720,594109666836432448350,1379751299901,3890558049,0,493679,
0,-200640,-198240,45229327,0,-198792,595050969369175070237,1384492713303,3890558049,0,493680,
0,-200640,-198240,45231127,0,-198792,596148148484759530657,1389234126704,3890558049,0,493681,
0,-200640,-198240,45232927,0,-198792,598067731079480080559,1393975540106,3890558049,0,493682,
0,-200640,-198240,45234727,0,-198792,598747735064055656753,1393975540106,3890558049,0,493683,
0,-200640,-198240,45236527,0,-198792,599285717302476434922,1393975540106,3890558049,0,493684,
0,-200640,-198240,45238327,0,-198792,599879747276646332267,1393975540106,3890558049,0,493685,
0,-200640,-198240,45240127,0,-198792,605178269271121340193,1403458366909,3890558049,0,493686,
0,-200640,-198240,45241927,0,-198792,606190934940250042096,1403458366909,3890558049,0,493687,
0,-200640,-198240,45243727,0,-198792,606850387496023693604,1403458366909,3890558049,0,493688,
0,-200640,-198240,45245527,0,-198792,607477791676968816518,1408199780311,3890558049,0,493689,
0,-200640,-198240,45247327,0,-198792,607807003618183356874,1408199780311,3890558049,0,493690,
0,-200640,-198240,45249127,0,-198792,608015727487469565016,1408199780311,3890558049,0,493691,
0,-200640,-198240,45250927,0,-198792,608244552204300718714,1408199780311,3890558049,0,493692,
0,-200640,-198240,45252727,0,-198792,608787555883998725553,1408199780311,3890558049,0,493693,
0,-200640,-198240,45254527,0,-198792,610030889840541679262,1412941193713,3890558049,0,493694,
0,-200640,-198240,45256327,0,-198792,611601976658411647734,1417682607115,3890558049,0,493695,
0,-200640,-198240,45258127,0,-198792,615842904222783293346,1422424020516,3890558049,0,493696,
0,-200640,-198240,45259927,0,-198792,616548269515572038018,1422424020516,3890558049,0,493697,
0,-200640,-198240,45261727,0,-198792,616957994354650286790,1427165433918,3890558049,0,493698,
0,-200640,-198240,45263527,0,-198792,617426345879055119864,1427165433918,3890558049,0,493699,
0,-200640,-198240,45265327,0,-198792,618179826973406174440,1427165433918,3890558049,0,493700,
0,-200640,-198240,45267127,0,-198792,618471321928775516168,1431906847320,3890558049,0,493701,
0,-200640,-198240,45268927,0,-198792,618823537197455933770,1431906847320,3890558049,0,493702,
0,-200640,-198240,45270727,0,-198792,619065363282337577647,1431906847320,3890558049,0,493703,
0,-200640,-198240,45272527,0,-198983,619420482301637718601,1431906847320,3890558049,0,493704,
0,-200640,-198240,45274327,0,-198983,619998605839024476736,1436648260722,3890558049,0,493705,
0,-200640,-198240,45276127,0,-198983,620566091602941503564,1436648260722,3890558049,0,493706,
0,-200640,-198240,45277927,0,-198983,621579873836995004000,1436648260722,3890558049,0,493707,
0,-200640,-198240,45279727,0,-198983,621899910095424848738,1436648260722,3890558049,0,493708,
0,-200640,-198240,45281527,0,-198983,622443127427952150612,1436648260722,3890558049,0,493709,
0,-200640,-198240,45283327,0,-198983,622986227875156273214,1441389674123,3890558049,0,493710,
0,-200640,-198240,45285127,0,-198983,623856806011019228187,1441389674123,3890558049,0,493711,
0,-200640,-198240,45286927,0,-198983,624185840651821024517,1441389674123,3890558049,0,493712,
0,-200640,-198240,45288727,0,-198983,624675400788632328081,1441389674123,3890558049,0,493713,
0,-200640,-198240,45290527,0,-198983,625168016922847684319,1446131087525,3890558049,0,493714,
0,-200640,-198240,45292327,0,-198983,625499930312796336716,1446131087525,3890558049,0,493715,
0,-200640,-198240,45294127,0,-198983,626527265355503187910,1446131087525,3890558049,0,493716,
0,-200640,-198240,45295927,0,-198983,627271756417111291329,1446131087525,3890558049,0,493717,
0,-200640,-198240,45297727,0,-198983,629695913412632135411,1455613914328,3890558049,0,493718,
0,-200640,-198240,45299527,0,-198983,631625955005830104657,1455613914328,3890558049,0,493719,
0,-200640,-198240,45301327,0,-198983,632480804436791284004,1460355327730,3890558049,0,493720,
0,-200640,-198240,45303127,0,-198983,633026257122891068352,1460355327730,3890558049,0,493721,
0,-200640,-198240,45304927,0,-198983,633534583318770704642,1465096741132,3890558049,0,493722,
0,-200640,-198240,45306727,0,-198983,633976529129608131526,1465096741132,3890558049,0,493723,
0,-200640,-198240,45308527,0,-198983,634413059852803478499,1465096741132,3890558049,0,493724,
0,-200640,-198240,45310327,0,-198983,634813883963660197565,1465096741132,3890558049,0,493725,
0,-200640,-198240,45312127,0,-198983,635258032066194456707,1469838154534,3890558049,0,493726,
0,-200640,-198240,45313927,0,-198983,635556404858947376873,1469838154534,3890558049,0,493727,
0,-200640,-198240,45315727,0,-198969,635713633726081280592,1469838154534,3890558049,0,493728,
0,-200640,-198240,45317527,0,-198969,635872847291968184703,1469838154534,3890558049,0,493729,
0,-200640,-198240,45319327,0,-198969,636876385119173414372,1469838154534,3890558049,0,493730,
0,-200640,-198240,45321127,0,-198969,637418774311694557920,1474579567935,3890558049,0,493731,
0,-200640,-198240,45322927,0,-198969,638232988132376974082,1474579567935,3890558049,0,493732,
0,-200640,-198240,45324727,0,-198969,639253101642125582748,1479320981337,3890558049,0,493733,
0,-200640,-198240,45326527,0,-198969,639738918034777500327,1484062394739,3890558049,0,493734,
0,-200640,-198240,45328327,0,-198969,640468026012072333309,1484062394739,3890558049,0,493735,
0,-200640,-198240,45330127,0,-198969,640954744207329018381,1484062394739,3890558049,0,493736,
0,-200640,-198240,45331927,0,-198969,641285855473406847706,1484062394739,3890558049,0,493737,
0,-200640,-198240,45333727,0,-198969,642024766593170306710,1488803808140,3890558049,0,493738,
0,-200640,-198240,45335527,0,-198969,643002474380774886975,1488803808140,3890558049,0,493739,
0,-200640,-198240,45337327,0,-198969,643561329852466578166,1488803808140,3890558049,0,493740,
0,-200640,-198240,45339127,0,-198969,644961466057989788773,1493545221542,3890558049,0,493741,
0,-200640,-198240,45340927,0,-198969,646730386131065173804,1493545221542,3890558049,0,493742,
0,-200640,-198240,45342727,0,-198969,647977024065674503698,1498286634944,3890558049,0,493743,
0,-200640,-198240,45344527,0,-198969,650699918022946000676,1503028048346,3890558049,0,493744,
0,-200640,-198240,45346327,0,-198969,651831701201562305964,1503028048346,3890558049,0,493745,
0,-200640,-198240,45348127,0,-198969,652554593418216736891,1507769461747,3890558049,0,493746,
0,-200640,-198240,45349927,0,-198969,659836927056727500184,1517252288551,3890558049,0,493747,
0,-200640,-198240,45351727,0,-198969,661562681989698543061,1521993701953,3890558049,0,493748,
0,-200640,-198240,45353527,0,-198969,662792458946178698888,1526735115354,3890558049,0,493749,
0,-200640,-198240,45355327,0,-198969,663706066627205533544,1526735115354,3890558049,0,493750,
0,-200640,-198240,45357127,0,-198969,664157071723870057151,1531476528756,3890558049,0,493751,
0,-200640,-198240,45358927,0,-199098,664849663772231308739,1531476528756,3890558049,0,493752,
0,-200640,-198240,45360727,0,-199098,665739930518192409871,1536217942158,3890558049,0,493753,
0,-200640,-198240,45362527,0,-199098,666943239292983591809,1536217942158,3890558049,0,493754,
0,-200640,-198240,45364327,0,-199098,669538820667619707312,1540959355559,3890558049,0,493755,
0,-200640,-198240,45366127,0,-199098,669972899150769336802,1540959355559,3890558049,0,493756,
0,-200640,-198240,45367927,0,-199098,671170913483182445670,1545700768961,3890558049,0,493757,
0,-200640,-198240,45369727,0,-199098,671956832193953829881,1545700768961,3890558049,0,493758,
0,-200640,-198240,45371527,0,-199098,672308630279893270090,1545700768961,3890558049,0,493759,
0,-200640,-198240,45373327,0,-199098,672812059932807505896,1550442182363,3890558049,0,493760,
0,-200640,-198240,45375127,0,-199098,673471238107729013101,1550442182363,3890558049,0,493761,
0,-200640,-198240,45376927,0,-199098,674123516615799640336,1555183595765,3890558049,0,493762,
0,-200640,-198240,45378727,0,-199098,674701835200709505146,1555183595765,3890558049,0,493763,
0,-200640,-198240,45380527,0,-199098,675902210922946141085,1555183595765,3890558049,0,493764,
0,-200640,-198240,45382327,0,-199098,676549869535299118163,1559925009166,3890558049,0,493765,
0,-200640,-198240,45384127,0,-199098,677962879745026021867,1559925009166,3890558049,0,493766,
0,-200640,-198240,45385927,0,-199098,680196746068883949379,1569407835970,3890558049,0,493767,
0,-200640,-198240,45387727,0,-199098,681304560914388964962,1569407835970,3890558049,0,493768,
0,-200640,-198240,45389527,0,-199098,681994218947688750001,1569407835970,3890558049,0,493769,
0,-200640,-198240,45391327,0,-199098,682959223706456903297,1574149249372,3890558049,0,493770,
0,-200640,-198240,45393127,0,-199098,683771204781344207933,1574149249372,3890558049,0,493771,
0,-200640,-198240,45394927,0,-199098,684121369383986966974,1574149249372,3890558049,0,493772,
0,-200640,-198240,45396727,0,-199098,684288374320118972877,1578890662773,3890558049,0,493773,
0,-200640,-198240,45398527,0,-199098,684834717012186981231,1578890662773,3890558049,0,493774,
0,-200640,-198240,45400327,0,-199098,685190859991866771667,1578890662773,3890558049,0,493775,
0,-200640,-198240,45402127,0,-198944,685389607823044659962,1578890662773,3890558049,0,493776,
0,-200640,-198240,45403927,0,-198944,685766681501925792302,1578890662773,3890558049,0,493777,
0,-200640,-198240,45405727,0,-198944,685905092329876240207,1578890662773,3890558049,0,493778,
0,-200640,-198240,45407527,0,-198944,686176818128016567307,1578890662773,3890558049,0,493779,
0,-200640,-198240,45409327,0,-198944,687485213550635773160,1583632076175,3890558049,0,493780,
0,-200640,-198240,45411127,0,-198944,687811307566845820939,1588373489577,3890558049,0,493781,
0,-200640,-198240,45412927,0,-198944,688043610750497947626,1588373489577,3890558049,0,493782,
0,-200640,-198240,45414727,0,-198944,688726430399715069964,1588373489577,3890558049,0,493783,
0,-200640,-198240,45416527,0,-198944,689024113795700793019,1588373489577,3890558049,0,493784,
0,-200640,-198240,45418327,0,-198944,689318714756161335393,1588373489577,3890558049,0,493785,
0,-200640,-198240,45420127,0,-198944,689579791534199342300,1588373489577,3890558049,0,493786,
0,-200640,-198240,45421927,0,-198944,690155572434052577178,1593114902978,3890558049,0,493787,
0,-200640,-198240,45423727,0,-198944,690576362172085438063,1593114902978,3890558049,0,493788,
0,-200640,-198240,45425527,0,-198944,691810985113839891803,1597856316380,3890558049,0,493789,
0,-200640,-198240,45427327,0,-198944,693111859393588000256,1602597729782,3890558049,0,493790,
0,-200640,-198240,45429127,0,-198944,694637595099601723045,1602597729782,3890558049,0,493791,
0,-200640,-198240,45430927,0,-198944,695893310583962573098,1607339143184,3890558049,0,493792,
0,-200640,-198240,45432727,0,-198944,697169614883170020423,1612080556585,3890558049,0,493793,
0,-200640,-198240,45434527,0,-198944,697719766883661933786,1612080556585,3890558049,0,493794,
0,-200640,-198240,45436327,0,-198944,698304781510682728174,1612080556585,3890558049,0,493795,
0,-200640,-198240,45438127,0,-198944,698528531914735810590,1612080556585,3890558049,0,493796,
0,-200640,-198240,45439927,0,-198944,699873224108678343401,1612080556585,3890558049,0,493797,
0,-200640,-198240,45441727,0,-198944,700352404935947270378,1616821969987,3890558049,0,493798,
0,-200640,-198240,45443527,0,-198944,700637265615598066772,1616821969987,3890558049,0,493799,
0,-200640,-198240,45445327,0,-198877,700798844672631090444,1616821969987,3890558049,0,493800,
0,-200640,-198240,45447127,0,-198877,700987745451110839361,1616821969987,3890558049,0,493801,
0,-200640,-198240,45448927,0,-198877,701166461588258246228,1616821969987,3890558049,0,493802,
0,-200640,-198240,45450727,0,-198877,701390853481837514747,1621563383389,3890558049,0,493803,
0,-200640,-198240,45452527,0,-198877,701674687228242458779,1621563383389,3890558049,0,493804,
0,-200640,-198240,45454327,0,-198877,701902174193213623570,1621563383389,3890558049,0,493805,
0,-200640,-198240,45456127,0,-198877,702022532739210647518,1621563383389,3890558049,0,493806,
0,-200640,-198240,45457927,0,-198877,702170689973876956429,1621563383389,3890558049,0,493807,
0,-200640,-198240,45459727,0,-198877,702507637820282625224,1621563383389,3890558049,0,493808,
0,-200640,-198240,45461527,0,-198877,702635501004290695174,1621563383389,3890558049,0,493809,
0,-200640,-198240,45463327,0,-198877,702717173319973526893,1621563383389,3890558049,0,493810,
0,-200640,-198240,45465127,0,-198877,702810600822763887359,1621563383389,3890558049,0,493811,
0,-200640,-198240,45466927,0,-198877,702987407365146577127,1621563383389,3890558049,0,493812,
0,-200640,-198240,45468727,0,-198877,703052816362600935354,1621563383389,3890558049,0,493813,
0,-200640,-198240,45470527,0,-198877,703249083993618276205,1626304796790,3890558049,0,493814,
0,-200640,-198240,45472327,0,-198877,703383718219414464185,1626304796790,3890558049,0,493815,
0,-200640,-198240,45474127,0,-198877,703466739908161532433,1626304796790,3890558049,0,493816,
0,-200640,-198240,45475927,0,-198877,703653394219195785239,1626304796790,3890558049,0,493817,
0,-200640,-198240,45477727,0,-198877,703807721943487336554,1626304796790,3890558049,0,493818,
0,-200640,-198240,45479527,0,-198877,703914618426742105318,1626304796790,3890558049,0,493819,
0,-200640,-198240,45481327,0,-198877,704006829652683829019,1626304796790,3890558049,0,493820,
0,-200640,-198240,45483127,0,-198877,704099375048700692749,1626304796790,3890558049,0,493821,
0,-200640,-198240,45484927,0,-198877,705249939032181010123,1631046210192,3890558049,0,493822,
0,-200640,-198240,45486727,0,-198877,705745652959359555223,1631046210192,3890558049,0,493823,
0,-200640,-198240,45488527,0,-198813,706218614763895659760,1631046210192,3890558049,0,493824,
0,-200640,-198240,45490327,0,-198813,706673059016322642671,1631046210192,3890558049,0,493825,
0,-200640,-198240,45492127,0,-198813,707256622913084911899,1631046210192,3890558049,0,493826,
0,-200640,-198240,45493927,0,-198813,707622784774284520152,1635787623594,3890558049,0,493827,
0,-200640,-198240,45495727,0,-198813,707839223435247978860,1635787623594,3890558049,0,493828,
0,-200640,-198240,45497527,0,-198813,708041809084968556724,1635787623594,3890558049,0,493829,
0,-200640,-198240,45499327,0,-198813,708119969269795263221,1635787623594,3890558049,0,493830,
0,-200640,-198240,45501127,0,-198813,708241693712682228702,1635787623594,3890558049,0,493831,
0,-200640,-198240,45502927,0,-198813,708574412915321330712,1635787623594,3890558049,0,493832,
0,-200640,-198240,45504727,0,-198813,708718037505759407970,1635787623594,3890558049,0,493833,
0,-200640,-198240,45506527,0,-198813,708962843331893364612,1640529036996,3890558049,0,493834,
0,-200640,-198240,45508327,0,-198813,709215100450396184471,1640529036996,3890558049,0,493835,
0,-200640,-198240,45510127,0,-198813,709630878021356430457,1640529036996,3890558049,0,493836,
0,-200640,-198240,45511927,0,-198813,709938508703519605313,1640529036996,3890558049,0,493837,
0,-200640,-198240,45513727,0,-198813,710273596085686225661,1640529036996,3890558049,0,493838,
0,-200640,-198240,45515527,0,-198813,710759753480789995152,1645270450397,3890558049,0,493839,
0,-200640,-198240,45517327,0,-198813,711105977210269778176,1645270450397,3890558049,0,493840,
0,-200640,-198240,45519127,0,-198813,711544970879622303724,1645270450397,3890558049,0,493841,
0,-200640,-198240,45520927,0,-198813,711891959304255516619,1645270450397,3890558049,0,493842,
0,-200640,-198240,45522727,0,-198813,712063949537870389858,1645270450397,3890558049,0,493843,
0,-200640,-198240,45524527,0,-198813,712270805973039849020,1650011863799,3890558049,0,493844,
0,-200640,-198240,45526327,0,-198813,713200013250281530388,1650011863799,3890558049,0,493845,
0,-200640,-198240,45528127,0,-198813,714295305629455283413,1650011863799,3890558049,0,493846,
0,-200640,-198240,45529927,0,-198813,716507530080032917799,1659494690603,3890558049,0,493847,
0,-200640,-198240,45531727,0,-198684,718132980023694613499,1659494690603,3890558049,0,493848,
0,-200640,-198240,45533527,0,-198684,719243080756756147118,1664236104004,3890558049,0,493849,
0,-200640,-198240,45535327,0,-198684,721056641459855183262,1668977517406,3890558049,0,493850,
0,-200640,-198240,45537127,0,-198684,723963129344949483776,1678460344209,3890558049,0,493851,
0,-200640,-198240,45538927,0,-198684,725425619342339038023,1683201757611,3890558049,0,493852,
0,-200640,-198240,45540727,0,-198684,726353672441023404990,1687943171013,3890558049,0,493853,
0,-200640,-198240,45542527,0,-198684,727143891803406687953,1687943171013,3890558049,0,493854,
0,-200640,-198240,45544327,0,-198684,728274737879595449922,1687943171013,3890558049,0,493855,
0,-200640,-198240,45546127,0,-198684,728898349588875657344,1687943171013,3890558049,0,493856,
0,-200640,-198240,45547927,0,-198684,729546244470599855676,1692684584415,3890558049,0,493857,
0,-200640,-198240,45549727,0,-198684,729912533875819970276,1692684584415,3890558049,0,493858,
0,-200640,-198240,45551527,0,-198684,735193786983629440511,1702167411218,3890558049,0,493859,
0,-200640,-198240,45553327,0,-198684,736062444486717279174,1702167411218,3890558049,0,493860,
0,-200640,-198240,45555127,0,-198684,736772535840211151981,1706908824620,3890558049,0,493861,
0,-200640,-198240,45556927,0,-198684,738582935210666002773,1711650238021,3890558049,0,493862,
0,-200640,-198240,45558727,0,-198684,740727346971075381688,1716391651423,3890558049,0,493863,
0,-200640,-198240,45560527,0,-198684,745229803995188150301,1725874478227,3890558049,0,493864,
0,-200640,-198240,45562327,0,-198684,747912196144867080713,1735357305030,3890558049,0,493865,
0,-200640,-198240,45564127,0,-198684,748961084088231741703,1735357305030,3890558049,0,493866,
0,-200640,-198240,45565927,0,-198684,750073550511578757756,1740098718432,3890558049,0,493867,
0,-200640,-198240,45567727,0,-198684,750738638094937954895,1740098718432,3890558049,0,493868,
0,-200640,-198240,45569527,0,-198684,751336109405920476337,1740098718432,3890558049,0,493869,
0,-200640,-198240,45571327,0,-198684,751511974384205611763,1744840131834,3890558049,0,493870,
0,-200640,-198240,45573127,0,-198684,752109237784210467655,1744840131834,3890558049,0,493871,
0,-200640,-198240,45574927,0,-198594,752585217081132389474,1744840131834,3890558049,0,493872,
0,-200640,-198240,45576727,0,-198594,752779703310979155607,1744840131834,3890558049,0,493873,
0,-200640,-198240,45578527,0,-198594,753100053707012518095,1744840131834,3890558049,0,493874,
0,-200640,-198240,45580327,0,-198594,754162610481416470004,1749581545235,3890558049,0,493875,
0,-200640,-198240,45582127,0,-198594,754763042330927027233,1754322958637,3890558049,0,493876,
0,-200640,-198240,45583927,0,-198594,755399279750815319729,1754322958637,3890558049,0,493877,
0,-200640,-198240,45585727,0,-198594,756205765636622535748,1754322958637,3890558049,0,493878,
0,-200640,-198240,45587527,0,-198594,756771213759164518548,1754322958637,3890558049,0,493879,
0,-200640,-198240,45589327,0,-198594,757309267664048863759,1759064372039,3890558049,0,493880,
0,-200640,-198240,45591127,0,-198594,757816283992320726675,1759064372039,3890558049,0,493881,
0,-200640,-198240,45592927,0,-198594,758405256158572604136,1759064372039,3890558049,0,493882,
0,-200640,-198240,45594727,0,-198594,758572634096955510180,1759064372039,3890558049,0,493883,
0,-200640,-198240,45596527,0,-198594,759098635257851474719,1763805785440,3890558049,0,493884,
0,-200640,-198240,45598327,0,-198594,759416400545211363242,1763805785440,3890558049,0,493885,
0,-200640,-198240,45600127,0,-198594,761256107473805156084,1768547198842,3890558049,0,493886,
0,-200640,-198240,45601927,0,-198594,763821026123230916103,1773288612244,3890558049,0,493887,
0,-200640,-198240,45603727,0,-198594,764607385131133611108,1773288612244,3890558049,0,493888,
0,-200640,-198240,45605527,0,-198594,765855631941104067228,1778030025646,3890558049,0,493889,
0,-200640,-198240,45607327,0,-198594,766528735101923893431,1778030025646,3890558049,0,493890,
0,-200640,-198240,45609127,0,-198594,766776644277957545754,1778030025646,3890558049,0,493891,
0,-200640,-198240,45610927,0,-198594,767306827645217220605,1782771439047,3890558049,0,493892,
0,-200640,-198240,45612727,0,-198594,767994427231819954855,1782771439047,3890558049,0,493893,
0,-200640,-198240,45614527,0,-198594,768883023373958852730,1787512852449,3890558049,0,493894,
0,-200640,-198240,45616327,0,-198594,770984515068439797744,1787512852449,3890558049,0,493895,
0,-200640,-198240,45618127,0,-198603,771757311329686651979,1792254265851,3890558049,0,493896,
0,-200640,-198240,45619927,0,-198603,772704119624861248325,1792254265851,3890558049,0,493897,
0,-200640,-198240,45621727,0,-198603,773258529348208121241,1796995679252,3890558049,0,493898,
0,-200640,-198240,45623527,0,-198603,774053588294957609790,1796995679252,3890558049,0,493899,
0,-200640,-198240,45625327,0,-198603,774502851595477703271,1796995679252,3890558049,0,493900,
0,-200640,-198240,45627127,0,-198603,775348103035445322343,1801737092654,3890558049,0,493901,
0,-200640,-198240,45628927,0,-198603,775988594607904282894,1801737092654,3890558049,0,493902,
0,-200640,-198240,45630727,0,-198603,776224386874401989029,1801737092654,3890558049,0,493903,
0,-200640,-198240,45632527,0,-198603,776535284214966655108,1801737092654,3890558049,0,493904,
0,-200640,-198240,45634327,0,-198603,777255358396272839030,1806478506056,3890558049,0,493905,
0,-200640,-198240,45636127,0,-198603,779022093569155749323,1811219919458,3890558049,0,493906,
0,-200640,-198240,45637927,0,-198603,779951911967170778756,1815961332859,3890558049,0,493907,
0,-200640,-198240,45639727,0,-198603,780969568139854263086,1815961332859,3890558049,0,493908,
0,-200640,-198240,45641527,0,-198603,782236905937953472003,1820702746261,3890558049,0,493909,
0,-200640,-198240,45643327,0,-198603,785819616582591022107,1825444159663,3890558049,0,493910,
0,-200640,-198240,45645127,0,-198603,788272502740712758863,1830185573065,3890558049,0,493911,
0,-200640,-198240,45646927,0,-198603,789102947870341773485,1830185573065,3890558049,0,493912,
0,-200640,-198240,45648727,0,-198603,790208731537018211588,1834926986466,3890558049,0,493913,
0,-200640,-198240,45650527,0,-198603,791088462260241182387,1834926986466,3890558049,0,493914,
0,-200640,-198240,45652327,0,-198603,792308795378560294755,1839668399868,3890558049,0,493915,
0,-200640,-198240,45654127,0,-198603,792610249649072888454,1839668399868,3890558049,0,493916,
0,-200640,-198240,45655927,0,-198603,793161508044157853654,1839668399868,3890558049,0,493917,
0,-200640,-198240,45657727,0,-198603,793516360083952170394,1839668399868,3890558049,0,493918,
0,-200640,-198240,45659527,0,-198603,794040352938597807364,1844409813270,3890558049,0,493919,
0,-200640,-198240,45661327,0,-198854,794481323141989455537,1844409813270,3890558049,0,493920,
0,-200640,-198240,45663127,0,-198854,795856800726248459804,1844409813270,3890558049,0,493921,
0,-200640,-198240,45664927,0,-198854,797369579334788624301,1849151226671,3890558049,0,493922,
0,-200640,-198240,45666727,0,-198854,798194563764378634437,1849151226671,3890558049,0,493923,
0,-200640,-198240,45668527,0,-198854,798680134954836481916,1849151226671,3890558049,0,493924,
0,-200640,-198240,45670327,0,-198854,798999978432138826002,1853892640073,3890558049,0,493925,
0,-200640,-198240,45672127,0,-198854,799242105184268513334,1853892640073,3890558049,0,493926,
0,-200640,-198240,45673927,0,-198854,799814983433509934059,1853892640073,3890558049,0,493927,
0,-200640,-198240,45675727,0,-198854,800313043222383115589,1858634053475,3890558049,0,493928,
0,-200640,-198240,45677527,0,-198854,801223392831708129541,1858634053475,3890558049,0,493929,
0,-200640,-198240,45679327,0,-198854,801844344010651881792,1858634053475,3890558049,0,493930,
0,-200640,-198240,45681127,0,-198854,802592311647257010913,1858634053475,3890558049,0,493931,
0,-200640,-198240,45682927,0,-198854,802912185474346539427,1863375466877,3890558049,0,493932,
0,-200640,-198240,45684727,0,-198854,803315318563443042919,1863375466877,3890558049,0,493933,
0,-200640,-198240,45686527,0,-198854,805284436372948909505,1863375466877,3890558049,0,493934,
0,-200640,-198240,45688327,0,-198854,807741607208860794608,1868116880278,3890558049,0,493935,
0,-200640,-198240,45690127,0,-198854,809293099187565462795,1872858293680,3890558049,0,493936,
0,-200640,-198240,45691927,0,-198854,810334095536688536373,1872858293680,3890558049,0,493937,
0,-200640,-198240,45693727,0,-198854,811686863215850029017,1877599707082,3890558049,0,493938,
0,-200640,-198240,45695527,0,-198854,812500716110661479227,1882341120483,3890558049,0,493939,
0,-200640,-198240,45697327,0,-198854,813401655697585830808,1882341120483,3890558049,0,493940,
0,-200640,-198240,45699127,0,-198854,814092949689200092714,1882341120483,3890558049,0,493941,
0,-200640,-198240,45700927,0,-198854,814673149268669035432,1882341120483,3890558049,0,493942,
0,-200640,-198240,45702727,0,-198854,815399281459050332686,1887082533885,3890558049,0,493943,
0,-200640,-198240,45704527,0,-198959,815701351198212363831,1887082533885,3890558049,0,493944,
0,-200640,-198240,45706327,0,-198959,816189797017528821279,1887082533885,3890558049,0,493945,
0,-200640,-198240,45708127,0,-198959,816721855879308028039,1887082533885,3890558049,0,493946,
0,-200640,-198240,45709927,0,-198959,818129322357364436287,1891823947287,3890558049,0,493947,
0,-200640,-198240,45711727,0,-198959,818850910486194030540,1891823947287,3890558049,0,493948,
0,-200640,-198240,45713527,0,-198959,819100618241539012023,1891823947287,3890558049,0,493949,
0,-200640,-198240,45715327,0,-198959,819490245248611238735,1896565360689,3890558049,0,493950,
0,-200640,-198240,45717127,0,-198959,820261300647772102983,1896565360689,3890558049,0,493951,
0,-200640,-198240,45718927,0,-198959,820682473657957292140,1896565360689,3890558049,0,493952,
0,-200640,-198240,45720727,0,-198959,820893958001833050371,1896565360689,3890558049,0,493953,
0,-200640,-198240,45722527,0,-198959,821464133820867784899,1901306774090,3890558049,0,493954,
0,-200640,-198240,45724327,0,-198959,821829643908415538714,1901306774090,3890558049,0,493955,
0,-200640,-198240,45726127,0,-198959,822267396508068749887,1901306774090,3890558049,0,493956,
0,-200640,-198240,45727927,0,-198959,823477165890088398852,1906048187492,3890558049,0,493957,
0,-200640,-198240,45729727,0,-198959,824710867513580523607,1906048187492,3890558049,0,493958,
0,-200640,-198240,45731527,0,-198959,826297286753761565106,1910789600894,3890558049,0,493959,
0,-200640,-198240,45733327,0,-198959,827451637576107676724,1915531014296,3890558049,0,493960,
0,-200640,-198240,45735127,0,-198959,828164074426207354027,1915531014296,3890558049,0,493961,
0,-200640,-198240,45736927,0,-198959,829410225550419902226,1920272427697,3890558049,0,493962,
0,-200640,-198240,45738727,0,-198959,830150789247151811136,1920272427697,3890558049,0,493963,
0,-200640,-198240,45740527,0,-198959,830620128896333803470,1925013841099,3890558049,0,493964,
0,-200640,-198240,45742327,0,-198959,831119288323285939381,1925013841099,3890558049,0,493965,
0,-200640,-198240,45744127,0,-198959,831401544222139058062,1925013841099,3890558049,0,493966,
0,-200640,-198240,45745927,0,-198959,831813983188490855081,1925013841099,3890558049,0,493967,
0,-200640,-198240,45747727,0,-198834,832234485051609030359,1925013841099,3890558049,0,493968,
0,-200640,-198240,45749527,0,-198834,832423110989319535005,1925013841099,3890558049,0,493969,
0,-200640,-198240,45751327,0,-198834,832670937878123600427,1929755254501,3890558049,0,493970,
0,-200640,-198240,45753127,0,-198834,832833583122564029326,1929755254501,3890558049,0,493971,
0,-200640,-198240,45754927,0,-198834,833152976355249745804,1929755254501,3890558049,0,493972,
0,-200640,-198240,45756727,0,-198834,833714517681166870769,1929755254501,3890558049,0,493973,
0,-200640,-198240,45758527,0,-198834,833899511487589465988,1929755254501,3890558049,0,493974,
0,-200640,-198240,45760327,0,-198834,834180318282488856300,1929755254501,3890558049,0,493975,
0,-200640,-198240,45762127,0,-198834,834391117283505875894,1934496667902,3890558049,0,493976,
0,-200640,-198240,45763927,0,-198834,834525474563345269239,1934496667902,3890558049,0,493977,
0,-200640,-198240,45765727,0,-198834,834860199981271388658,1934496667902,3890558049,0,493978,
0,-200640,-198240,45767527,0,-198834,835054209357689516714,1934496667902,3890558049,0,493979,
0,-200640,-198240,45769327,0,-198834,835083316918269760689,1934496667902,3890558049,0,493980,
0,-200640,-198240,45771127,0,-198834,835219353786909753555,1934496667902,3890558049,0,493981,
0,-200640,-198240,45772927,0,-198834,835352773181988392296,1934496667902,3890558049,0,493982,
0,-200640,-198240,45774727,0,-198834,835871076904780156575,1934496667902,3890558049,0,493983,
0,-200640,-198240,45776527,0,-198834,836267411973446286232,1934496667902,3890558049,0,493984,
0,-200640,-198240,45778327,0,-198834,836579221585656510809,1939238081304,3890558049,0,493985,
0,-200640,-198240,45780127,0,-198834,837081952292596958435,1939238081304,3890558049,0,493986,
0,-200640,-198240,45781927,0,-198834,837433813486748775576,1939238081304,3890558049,0,493987,
0,-200640,-198240,45783727,0,-198834,837670231482314520485,1939238081304,3890558049,0,493988,
0,-200640,-198240,45785527,0,-198834,837822049182955227519,1939238081304,3890558049,0,493989,
0,-200640,-198240,45787327,0,-198834,837854333277151022768,1943979494706,3890558049,0,493990,
0,-200640,-198240,45789127,0,-198834,838041965087455001573,1943979494706,3890558049,0,493991,
0,-200640,-198240,45790927,0,-198723,838266787544043867148,1943979494706,3890558049,0,493992,
0,-200640,-198240,45792727,0,-198723,838697908945155830706,1943979494706,3890558049,0,493993,
0,-200640,-198240,45794527,0,-198723,838920849117521173105,1943979494706,3890558049,0,493994,
0,-200640,-198240,45796327,0,-198723,839066441015207893235,1943979494706,3890558049,0,493995,
0,-200640,-198240,45798127,0,-198723,839371854882724986354,1943979494706,3890558049,0,493996,
0,-200640,-198240,45799927,0,-198723,839536327278233903195,1943979494706,3890558049,0,493997,
0,-200640,-198240,45801727,0,-198723,839660171607052778991,1943979494706,3890558049,0,493998,
0,-200640,-198240,45803527,0,-198723,839664308438090234814,1943979494706,3890558049,0,493999,
0,-200640,-198240,45805327,0,-198723,839800643479994821829,1943979494706,3890558049,0,494000,
0,-200640,-198240,45807127,0,-198723,839978778993139880512,1948720908108,3890558049,0,494001,
0,-200640,-198240,45808927,0,-198723,840176452382109631180,1948720908108,3890558049,0,494002,
0,-200640,-198240,45810727,0,-198723,840489431677298993791,1948720908108,3890558049,0,494003,
0,-200640,-198240,45812527,0,-198723,840800013642751244270,1948720908108,3890558049,0,494004,
0,-200640,-198240,45814327,0,-198723,840877514609907055624,1948720908108,3890558049,0,494005,
0,-200640,-198240,45816127,0,-198723,840982026067392489728,1948720908108,3890558049,0,494006,
0,-200640,-198240,45817927,0,-198723,841337416613213907148,1948720908108,3890558049,0,494007,
0,-200640,-198240,45819727,0,-198723,841811273904792128083,1953462321509,3890558049,0,494008,
0,-200640,-198240,45821527,0,-198723,842341023911608298861,1953462321509,3890558049,0,494009,
0,-200640,-198240,45823327,0,-198723,843054702168047642061,1958203734911,3890558049,0,494010,
0,-200640,-198240,45825127,0,-198723,843499017206264949064,1958203734911,3890558049,0,494011,
0,-200640,-198240,45826927,0,-198723,844062974723261698214,1958203734911,3890558049,0,494012,
0,-200640,-198240,45828727,0,-198723,847818479365913981625,1962945148313,3890558049,0,494013,
0,-200640,-198240,45830527,0,-198723,848999066955785169241,1967686561715,3890558049,0,494014,
0,-200640,-198240,45832327,0,-198723,851537081189781929855,1977169388518,3890558049,0,494015,
0,-200640,-198240,45834127,0,-198746,853151754939151044350,1981910801920,3890558049,0,494016,
0,-200640,-198240,45835927,0,-198746,855704172264207900095,1986652215321,3890558049,0,494017,
0,-200640,-198240,45837727,0,-198746,857089181563983935354,1991393628723,3890558049,0,494018,
0,-200640,-198240,45839527,0,-198746,858066614913839410495,1991393628723,3890558049,0,494019,
0,-200640,-198240,45841327,0,-198746,859517994077461316737,1991393628723,3890558049,0,494020,
0,-200640,-198240,45843127,0,-198746,859849609066557531703,1991393628723,3890558049,0,494021,
0,-200640,-198240,45844927,0,-198746,860150203159333611634,1996135042125,3890558049,0,494022,
0,-200640,-198240,45846727,0,-198746,860738566400086546026,1996135042125,3890558049,0,494023,
0,-200640,-198240,45848527,0,-198746,861053686011958166975,1996135042125,3890558049,0,494024,
0,-200640,-198240,45850327,0,-198746,861526144946930298181,1996135042125,3890558049,0,494025,
0,-200640,-198240,45852127,0,-198746,861766264018676226971,1996135042125,3890558049,0,494026,
0,-200640,-198240,45853927,0,-198746,862278319981028540967,2000876455527,3890558049,0,494027,
0,-200640,-198240,45855727,0,-198746,862495004142895114085,2000876455527,3890558049,0,494028,
0,-200640,-198240,45857527,0,-198746,863771633129350897993,2000876455527,3890558049,0,494029,
0,-200640,-198240,45859327,0,-198746,865239533145811605708,2005617868928,3890558049,0,494030,
0,-200640,-198240,45861127,0,-198746,867146034081387120656,2010359282330,3890558049,0,494031,
0,-200640,-198240,45862927,0,-198746,867863100798396831939,2010359282330,3890558049,0,494032,
0,-200640,-198240,45864727,0,-198746,868776121274339516819,2015100695732,3890558049,0,494033,
0,-200640,-198240,45866527,0,-198746,869479722737635753559,2015100695732,3890558049,0,494034,
0,-200640,-198240,45868327,0,-198746,870270645901200148066,2019842109133,3890558049,0,494035,
0,-200640,-198240,45870127,0,-198746,870709359438366073021,2019842109133,3890558049,0,494036,
0,-200640,-198240,45871927,0,-198746,871256220988044045315,2019842109133,3890558049,0,494037,
0,-200640,-198240,45873727,0,-198746,871463399450528922694,2019842109133,3890558049,0,494038,
0,-200640,-198240,45875527,0,-198746,871924563001699570634,2024583522535,3890558049,0,494039,
0,-200640,-198240,45877327,0,-198960,872195958968158020282,2024583522535,3890558049,0,494040,
0,-200640,-198240,45879127,0,-198960,872682267590642237725,2024583522535,3890558049,0,494041,
0,-200640,-198240,45880927,0,-198960,875024251231101849822,2024583522535,3890558049,0,494042,
0,-200640,-198240,45882727,0,-198960,875625944163817690098,2029324935937,3890558049,0,494043,
0,-200640,-198240,45884527,0,-198960,876142363378663045793,2029324935937,3890558049,0,494044,
0,-200640,-198240,45886327,0,-198960,876388812801528469477,2029324935937,3890558049,0,494045,
0,-200640,-198240,45888127,0,-198960,876855145507969463362,2029324935937,3890558049,0,494046,
0,-200640,-198240,45889927,0,-198960,877356553488588992142,2029324935937,3890558049,0,494047,
0,-200640,-198240,45891727,0,-198960,878558370671620952872,2034066349339,3890558049,0,494048,
0,-200640,-198240,45893527,0,-198960,879754037459137667700,2034066349339,3890558049,0,494049,
0,-200640,-198240,45895327,0,-198960,880233020834986893328,2038807762740,3890558049,0,494050,
0,-200640,-198240,45897127,0,-198960,880795515426809848086,2038807762740,3890558049,0,494051,
0,-200640,-198240,45898927,0,-198960,881461967294978430173,2038807762740,3890558049,0,494052,
0,-200640,-198240,45900727,0,-198960,882574860350703333254,2043549176142,3890558049,0,494053,
0,-200640,-198240,45902527,0,-198960,884533265970256128492,2043549176142,3890558049,0,494054,
0,-200640,-198240,45904327,0,-198960,886736279115810180115,2048290589544,3890558049,0,494055,
0,-200640,-198240,45906127,0,-198960,888223811433343475128,2053032002946,3890558049,0,494056,
0,-200640,-198240,45907927,0,-198960,889510231628130352921,2053032002946,3890558049,0,494057,
0,-200640,-198240,45909727,0,-198960,889727656787566174099,2057773416347,3890558049,0,494058,
0,-200640,-198240,45911527,0,-198960,890194009137682891322,2057773416347,3890558049,0,494059,
0,-200640,-198240,45913327,0,-198960,890528755925159212306,2057773416347,3890558049,0,494060,
0,-200640,-198240,45915127,0,-198960,890843722446274918426,2062514829749,3890558049,0,494061,
0,-200640,-198240,45916927,0,-198960,891058560325469927650,2062514829749,3890558049,0,494062,
0,-200640,-198240,45918727,0,-198960,891506070981491727862,2062514829749,3890558049,0,494063,
0,-200640,-198240,45920527,0,-199011,892195546669514909441,2062514829749,3890558049,0,494064,
0,-200640,-198240,45922327,0,-199011,892645306358086856097,2062514829749,3890558049,0,494065,
0,-200640,-198240,45924127,0,-199011,893325141197480739228,2067256243151,3890558049,0,494066,
0,-200640,-198240,45925927,0,-199011,893823010177654395222,2067256243151,3890558049,0,494067,
0,-200640,-198240,45927727,0,-199011,893995691974862390158,2067256243151,3890558049,0,494068,
0,-200640,-198240,45929527,0,-199011,894304584029457065565,2071997656552,3890558049,0,494069,
0,-200640,-198240,45931327,0,-199011,894851984364905529241,2071997656552,3890558049,0,494070,
0,-200640,-198240,45933127,0,-199011,895130777837139212961,2071997656552,3890558049,0,494071,
0,-200640,-198240,45934927,0,-199011,895373538862363888972,2071997656552,3890558049,0,494072,
0,-200640,-198240,45936727,0,-199011,895754704807737914341,2076739069954,3890558049,0,494073,
0,-200640,-198240,45938527,0,-199011,896144003808572423264,2076739069954,3890558049,0,494074,
0,-200640,-198240,45940327,0,-199011,896760862455504131988,2076739069954,3890558049,0,494075,
0,-200640,-198240,45942127,0,-199011,897547020873171453703,2076739069954,3890558049,0,494076,
0,-200640,-198240,45943927,0,-199011,899984451118870069559,2081480483356,3890558049,0,494077,
0,-200640,-198240,45945727,0,-199011,902625152774392381268,2086221896758,3890558049,0,494078,
0,-200640,-198240,45947527,0,-199011,904089258422622812803,2090963310159,3890558049,0,494079,
0,-200640,-198240,45949327,0,-199011,906171397948217771112,2090963310159,3890558049,0,494080,
0,-200640,-198240,45951127,0,-199011,906904998343589535529,2095704723561,3890558049,0,494081,
0,-200640,-198240,45952927,0,-199011,907234355945765190216,2095704723561,3890558049,0,494082,
0,-200640,-198240,45954727,0,-199011,907784933701473511288,2095704723561,3890558049,0,494083,
0,-200640,-198240,45956527,0,-199011,908503869616405756992,2095704723561,3890558049,0,494084,
0,-200640,-198240,45958327,0,-199011,908643438534579575719,2100446136963,3890558049,0,494085,
0,-200640,-198240,45960127,0,-199011,909271206931936565379,2100446136963,3890558049,0,494086,
0,-200640,-198240,45961927,0,-199011,909694801524188416480,2100446136963,3890558049,0,494087,
0,-200640,-198240,45963727,0,-199012,910190775849790984203,2100446136963,3890558049,0,494088,
0,-200640,-198240,45965527,0,-199012,910462634483369173972,2105187550364,3890558049,0,494089,
0,-200640,-198240,45967327,0,-199012,910984160375880481109,2105187550364,3890558049,0,494090,
0,-200640,-198240,45969127,0,-199012,911842545232261828343,2105187550364,3890558049,0,494091,
0,-200640,-198240,45970927,0,-199012,913589725721009537542,2109928963766,3890558049,0,494092,
0,-200640,-198240,45972727,0,-199012,913802375499558025864,2109928963766,3890558049,0,494093,
0,-200640,-198240,45974527,0,-199012,914054895723831920729,2109928963766,3890558049,0,494094,
0,-200640,-198240,45976327,0,-199012,914503300762146514738,2114670377168,3890558049,0,494095,
0,-200640,-198240,45978127,0,-199012,914922835448051939568,2114670377168,3890558049,0,494096,
0,-200640,-198240,45979927,0,-199012,915316824138209372009,2114670377168,3890558049,0,494097,
0,-200640,-198240,45981727,0,-199012,915931497050459847291,2114670377168,3890558049,0,494098,
0,-200640,-198240,45983527,0,-199012,916517207863951830056,2114670377168,3890558049,0,494099,
0,-200640,-198240,45985327,0,-199012,917205893921728502103,2119411790570,3890558049,0,494100,
0,-200640,-198240,45987127,0,-199012,917794092436297033837,2119411790570,3890558049,0,494101,
0,-200640,-198240,45988927,0,-199012,919811506628836028346,2124153203971,3890558049,0,494102,
0,-200640,-198240,45990727,0,-199012,920911026978495645113,2128894617373,3890558049,0,494103,
0,-200640,-198240,45992527,0,-199012,922193741630690914602,2133636030775,3890558049,0,494104,
0,-200640,-198240,45994327,0,-199012,924084753881193875941,2138377444177,3890558049,0,494105,
0,-200640,-198240,45996127,0,-199012,926040022904056202618,2143118857578,3890558049,0,494106,
0,-200640,-198240,45997927,0,-199012,926876276696570947365,2143118857578,3890558049,0,494107,
0,-200640,-198240,45999727,0,-199012,927727304097896064880,2147860270980,3890558049,0,494108,
0,-200640,-198240,46001527,0,-199012,928407129919121657934,2147860270980,3890558049,0,494109,
0,-200640,-198240,44362276,0,-199638,1137939216413,0,3890558049,0,493198,mint
0,-200640,-198240,46002419,0,-198933,928721908694490896032,2147860270980,0,0,494109,burn
0,-198660,-196260,45871927,0,-198746,0,0,1614934799,0,494037,
1,-201180,-198780,45871927,0,-198746,0,0,1831780206,0,494037,
0,-198660,-196260,45873727,0,-198746,0,0,1614934799,0,494038,
1,-201180,-198780,45873727,0,-198746,0,0,1831780206,0,494038,
0,-198660,-196260,45875527,0,-198746,0,0,1614934799,0,494039,
1,-201180,-198780,45875527,0,-198746,0,0,1831780206,0,494039,
0,-198660,-196260,45877327,0,-198960,0,0,1614934799,0,494040,
1,-201180,-198780,45877327,0,-198960,0,0,1831780206,0,494040,
0,-198660,-196260,45879127,0,-198960,0,0,1614934799,0,494041,
1,-201180,-198780,45879127,0,-198960,0,0,1831780206,0,494041,
0,-198660,-196260,45880927,0,-198960,0,0,1614934799,0,494042,
1,-201180,-198780,45880927,0,-198960,2170184423548993381,0,1831780206,0,494042,
0,-198660,-196260,45882727,0,-198960,0,0,1614934799,0,494043,
1,-201180,-198780,45882727,0,-198960,2771877353403580297,0,1831780206,0,494043,
0,-198660,-196260,45884527,0,-198960,0,0,1614934799,0,494044,
1,-201180,-198780,45884527,0,-198960,3288296573388569921,0,1831780206,0,494044,
0,-198660,-196260,45886327,0,-198960,0,0,1614934799,0,494045,
1,-201180,-198780,45886327,0,-198960,3534745985058501367,0,1831780206,0,494045,
0,-198660,-196260,45888127,0,-198960,0,0,1614934799,0,494046,
1,-201180,-198780,45888127,0,-198960,4001078702364705753,0,1831780206,0,494046,
0,-198660,-196260,45889927,0,-198960,0,0,1614934799,0,494047,
1,-201180,-198780,45889927,0,-198960,4502486674317854914,0,1831780206,0,494047,
0,-198660,-196260,45891727,0,-198960,0,0,1614934799,0,494048,
1,-201180,-198780,45891727,0,-198960,5704303859050798650,0,1831780206,0,494048,
0,-198660,-196260,45893527,0,-198960,0,0,1614934799,0,494049,
1,-201180,-198780,45893527,0,-198960,6899970652793232157,10070391640,1831780206,0,494049,
0,-198660,-196260,45895327,0,-198960,0,0,1614934799,0,494050,
1,-201180,-198780,45895327,0,-198960,7378954027697222396,10070391640,1831780206,0,494050,
0,-198660,-196260,45897127,0,-198960,0,0,1614934799,0,494051,
1,-201180,-198780,45897127,0,-198960,7941448612666675403,10070391640,1831780206,0,494051,
0,-198660,-196260,45898927,0,-198960,0,0,1614934799,0,494052,
1,-201180,-198780,45898927,0,-198960,8607900484975535518,10070391640,1831780206,0,494052,
0,-198660,-196260,45900727,0,-198960,0,0,1614934799,0,494053,
1,-201180,-198780,45900727,0,-198960,9720793543573122305,10070391640,1831780206,0,494053,
0,-198660,-196260,45902527,0,-198960,0,0,1614934799,0,494054,
1,-201180,-198780,45902527,0,-198960,11679199161622231020,20140783280,1831780206,0,494054,
0,-198660,-196260,45904327,0,-198960,0,0,1614934799,0,494055,
1,-201180,-198780,45904327,0,-198960,13882212306639834709,20140783280,1831780206,0,494055,
0,-198660,-196260,45906127,0,-198960,0,0,1614934799,0,494056,
1,-201180,-198780,45906127,0,-198960,15369744618847918649,20140783280,1831780206,0,494056,
0,-198660,-196260,45907927,0,-198960,0,0,1614934799,0,494057,
1,-201180,-198780,45907927,0,-198960,16656164815296811690,30211174921,1831780206,0,494057,
0,-198660,-196260,45909727,0,-198960,0,0,1614934799,0,494058,
1,-201180,-198780,45909727,0,-198960,16873589978615208636,30211174921,1831780206,0,494058,
0,-198660,-196260,45911527,0,-198960,0,0,1614934799,0,494059,
1,-201180,-198780,45911527,0,-198960,17339942323114720329,30211174921,1831780206,0,494059,
0,-198660,-196260,45913327,0,-198960,0,0,1614934799,0,494060,
1,-201180,-198780,45913327,0,-198960,17674689120025871456,30211174921,1831780206,0,494060,
0,-198660,-196260,45915127,0,-198960,0,0,1614934799,0,494061,
1,-201180,-198780,45915127,0,-198960,17989655633535997314,30211174921,1831780206,0,494061,
0,-198660,-196260,45916927,0,-198960,0,0,1614934799,0,494062,
1,-201180,-198780,45916927,0,-198960,18204493511834120678,30211174921,1831780206,0,494062,
0,-198660,-196260,45918727,0,-198960,0,0,1614934799,0,494063,
1,-201180,-198780,45918727,0,-198960,18652004173715066929,30211174921,1831780206,0,494063,
0,-198660,-196260,45920527,0,-199011,0,0,1614934799,0,494064,
1,-201180,-198780,45920527,0,-199011,19341479861586869787,30211174921,1831780206,0,494064,
0,-198660,-196260,45922327,0,-199011,0,0,1614934799,0,494065,
1,-201180,-198780,45922327,0,-199011,19791239544032885707,40281566561,1831780206,0,494065,
0,-198660,-196260,45924127,0,-199011,0,0,1614934799,0,494066,
1,-201180,-198780,45924127,0,-199011,20471074392819627794,40281566561,1831780206,0,494066,
0,-198660,-196260,45925927,0,-199011,0,0,1614934799,0,494067,
1,-201180,-198780,45925927,0,-199011,20968943367320127632,40281566561,1831780206,0,494067,
0,-198660,-196260,45927727,0,-199011,0,0,1614934799,0,494068,
1,-201180,-198780,45927727,0,-199011,21141625166285956597,40281566561,1831780206,0,494068,
0,-198660,-196260,45929527,0,-199011,0,0,1614934799,0,494069,
1,-201180,-198780,45929527,0,-199011,21450517219558541488,40281566561,1831780206,0,494069,
0,-198660,-196260,45931327,0,-199011,0,0,1614934799,0,494070,
1,-201180,-198780,45931327,0,-199011,21997917556328253149,40281566561,1831780206,0,494070,
0,-198660,-196260,45933127,0,-199011,0,0,1614934799,0,494071,
1,-201180,-198780,45933127,0,-199011,22276711031728313247,40281566561,1831780206,0,494071,
0,-198660,-196260,45934927,0,-199011,0,0,1614934799,0,494072,
1,-201180,-198780,45934927,0,-199011,22519472051685608764,40281566561,1831780206,0,494072,
0,-198660,-196260,45936727,0,-199011,0,0,1614934799,0,494073,
1,-201180,-198780,45936727,0,-199011,22900637996611046175,50351958202,1831780206,0,494073,
0,-198660,-196260,45938527,0,-199011,0,0,1614934799,0,494074,
1,-201180,-198780,45938527,0,-199011,23289937001303564278,50351958202,1831780206,0,494074,
0,-198660,-196260,45940327,0,-199011,0,0,1614934799,0,494075,
1,-201180,-198780,45940327,0,-199011,23906795648927365067,50351958202,1831780206,0,494075,
0,-198660,-196260,45942127,0,-199011,0,0,1614934799,0,494076,
1,-201180,-198780,45942127,0,-199011,24692954065258845746,50351958202,1831780206,0,494076,
0,-198660,-196260,45943927,0,-199011,0,0,1614934799,0,494077,
1,-201180,-198780,45943927,0,-199011,27130384306536104130,50351958202,1831780206,0,494077,
0,-198660,-196260,45945727,0,-199011,0,0,1614934799,0,494078,
1,-201180,-198780,45945727,0,-199011,29771085967018497994,60422349842,1831780206,0,494078,
0,-198660,-196260,45947527,0,-199011,0,0,1614934799,0,494079,
1,-201180,-198780,45947527,0,-199011,31235191607716453202,60422349842,1831780206,0,494079,
0,-198660,-196260,45949327,0,-199011,0,0,1614934799,0,494080,
1,-201180,-198780,45949327,0,-199011,33317331140953828799,60422349842,1831780206,0,494080,
0,-198660,-196260,45951127,0,-199011,0,0,1614934799,0,494081,
1,-201180,-198780,45951127,0,-199011,34050931538808549682,60422349842,1831780206,0,494081,
0,-198660,-196260,45952927,0,-199011,0,0,1614934799,0,494082,
1,-201180,-198780,45952927,0,-199011,34380289135422119972,70492741483,1831780206,0,494082,
0,-198660,-196260,45954727,0,-199011,0,0,1614934799,0,494083,
1,-201180,-198780,45954727,0,-199011,34930866892232629319,70492741483,1831780206,0,494083,
0,-198660,-196260,45956527,0,-199011,0,0,1614934799,0,494084,
1,-201180,-198780,45956527,0,-199011,35649802805921258223,70492741483,1831780206,0,494084,
0,-198660,-196260,45958327,0,-199011,0,0,1614934799,0,494085,
1,-201180,-198780,45958327,0,-199011,35789371727177557296,70492741483,1831780206,0,494085,
0,-198660,-196260,45960127,0,-199011,0,0,1614934799,0,494086,
1,-201180,-198780,45960127,0,-199011,36417140123514686614,70492741483,1831780206,0,494086,
0,-198660,-196260,45961927,0,-199011,0,0,1614934799,0,494087,
1,-201180,-198780,45961927,0,-199011,36840734712992559810,70492741483,1831780206,0,494087,
0,-198660,-196260,45963727,0,-199012,0,0,1614934799,0,494088,
1,-201180,-198780,45963727,0,-199012,37336709044009818670,70492741483,1831780206,0,494088,
0,-198660,-196260,45965527,0,-199012,0,0,1614934799,0,494089,
1,-201180,-198780,45965527,0,-199012,37608567675121749625,70492741483,1831780206,0,494089,
0,-198660,-196260,45967327,0,-199012,0,0,1614934799,0,494090,
1,-201180,-198780,45967327,0,-199012,38130093570566846260,80563133123,1831780206,0,494090,
0,-198660,-196260,45969127,0,-199012,0,0,1614934799,0,494091,
1,-201180,-198780,45969127,0,-199012,38988478416795377851,80563133123,1831780206,0,494091,
0,-198660,-196260,45970927,0,-199012,0,0,1614934799,0,494092,
1,-201180,-198780,45970927,0,-199012,40735658909547387444,80563133123,1831780206,0,494092,
0,-198660,-196260,45972727,0,-199012,0,0,1614934799,0,494093,
1,-201180,-198780,45972727,0,-199012,40948308693149866077,80563133123,1831780206,0,494093,
0,-198660,-196260,45974527,0,-199012,0,0,1614934799,0,494094,
1,-201180,-198780,45974527,0,-199012,41200828909505172993,80563133123,1831780206,0,494094,
0,-198660,-196260,45976327,0,-199012,0,0,1614934799,0,494095,
1,-201180,-198780,45976327,0,-199012,41649233953078885700,80563133123,1831780206,0,494095,
0,-198660,-196260,45978127,0,-199012,0,0,1614934799,0,494096,
1,-201180,-198780,45978127,0,-199012,42068768633955722169,80563133123,1831780206,0,494096,
0,-198660,-196260,45979927,0,-199012,0,0,1614934799,0,494097,
1,-201180,-198780,45979927,0,-199012,42462757329401689693,80563133123,1831780206,0,494097,
0,-198660,-196260,45981727,0,-199012,0,0,1614934799,0,494098,
1,-201180,-198780,45981727,0,-199012,43077430238801489624,90633524764,1831780206,0,494098,
0,-198660,-196260,45983527,0,-199012,0,0,1614934799,0,494099,
1,-201180,-198780,45983527,0,-199012,43663141054306960134,90633524764,1831780206,0,494099,
0,-198660,-196260,45985327,0,-199012,0,0,1614934799,0,494100,
1,-201180,-198780,45985327,0,-199012,44351827112699840869,90633524764,1831780206,0,494100,
0,-198660,-196260,45987127,0,-199012,0,0,1614934799,0,494101,
1,-201180,-198780,45987127,0,-199012,44940025627122652198,90633524764,1831780206,0,494101,
0,-198660,-196260,45988927,0,-199012,0,0,1614934799,0,494102,
1,-201180,-198780,45988927,0,-199012,46957439812732267257,90633524764,1831780206,0,494102,
0,-198660,-196260,45990727,0,-199012,0,0,1614934799,0,494103,
1,-201180,-198780,45990727,0,-199012,48056960166651445367,100703916404,1831780206,0,494103,
0,-198660,-196260,45992527,0,-199012,0,0,1614934799,0,494104,
1,-201180,-198780,45992527,0,-199012,49339674821510738732,100703916404,1831780206,0,494104,
0,-198660,-196260,45994327,0,-199012,0,0,1614934799,0,494105,
1,-201180,-198780,45994327,0,-199012,51230687072582031552,110774308045,1831780206,0,494105,
0,-198660,-196260,45996127,0,-199012,0,0,1614934799,0,494106,
1,-201180,-198780,45996127,0,-199012,53185956095958053112,110774308045,1831780206,0,494106,
0,-198660,-196260,45997927,0,-199012,0,0,1614934799,0,494107,
1,-201180,-198780,45997927,0,-199012,54022209886983354297,120844699685,1831780206,0,494107,
0,-198660,-196260,45999727,0,-199012,0,0,1614934799,0,494108,
1,-201180,-198780,45999727,0,-199012,54873237284938563763,120844699685,1831780206,0,494108,
0,-198660,-196260,46001527,0,-199012,0,0,1614934799,0,494109,
1,-201180,-198780,46001527,0,-199012,55553063110654395975,120844699685,1831780206,0,494109,
0,-198660,-196260,45871668,0,-198745,0,0,1614934799,0,494036,mint
1,-201180,-198780,45871668,0,-198745,0,0,1831780206,0,494036,mint
0,-198660,-196260,46002489,0,-198931,0,0,0,0,494109,burn
1,-201180,-198780,46002489,0,-198931,55867841881853168258,120844699685,0,0,494109,burn
1,-200880,-196080,45612727,0,-198594,20527307579713618,0,8481872213,0,493893,
0,-200880,-196080,45612727,0,-198594,20527307579713618,0,8481872213,0,493893,
1,-200880,-196080,45614527,0,-198594,909123449485952164,0,8481872213,0,493894,
0,-200880,-196080,45614527,0,-198594,909123449485952164,0,8481872213,0,493894,
1,-200880,-196080,45616327,0,-198594,3010615141085340634,4349686864,8481872213,0,493895,
0,-200880,-196080,45616327,0,-198594,3010615141085340634,4349686864,8481872213,0,493895,
1,-200880,-196080,45618127,0,-198603,3783411403003044784,6524530296,8481872213,0,493896,
0,-200880,-196080,45618127,0,-198603,3783411403003044784,6524530296,8481872213,0,493896,
1,-200880,-196080,45619927,0,-198603,4730219699989543307,8699373728,8481872213,0,493897,
0,-200880,-196080,45619927,0,-198603,4730219699989543307,8699373728,8481872213,0,493897,
1,-200880,-196080,45621727,0,-198603,5284629419704571574,10874217160,8481872213,0,493898,
0,-200880,-196080,45621727,0,-198603,5284629419704571574,10874217160,8481872213,0,493898,
1,-200880,-196080,45623527,0,-198603,6079688370721077946,13049060592,8481872213,0,493899,
0,-200880,-196080,45623527,0,-198603,6079688370721077946,13049060592,8481872213,0,493899,
1,-200880,-196080,45625327,0,-198603,6528951667950280577,13049060592,8481872213,0,493900,
0,-200880,-196080,45625327,0,-198603,6528951667950280577,13049060592,8481872213,0,493900,
1,-200880,-196080,45627127,0,-198603,7374203110661291843,15223904024,8481872213,0,493901,
0,-200880,-196080,45627127,0,-198603,7374203110661291843,15223904024,8481872213,0,493901,
1,-200880,-196080,45628927,0,-198603,8014694681904351912,15223904024,8481872213,0,493902,
0,-200880,-196080,45628927,0,-198603,8014694681904351912,15223904024,8481872213,0,493902,
1,-200880,-196080,45630727,0,-198603,8250486946286105949,17398747456,8481872213,0,493903,
0,-200880,-196080,45630727,0,-198603,8250486946286105949,17398747456,8481872213,0,493903,
1,-200880,-196080,45632527,0,-198603,8561384288118891483,17398747456,8481872213,0,493904,
0,-200880,-196080,45632527,0,-198603,8561384288118891483,17398747456,8481872213,0,493904,
1,-200880,-196080,45634327,0,-198603,9281458467498495628,21748434320,8481872213,0,493905,
0,-200880,-196080,45634327,0,-198603,9281458467498495628,21748434320,8481872213,0,493905,
1,-200880,-196080,45636127,0,-198603,11048193640848150515,28272964616,8481872213,0,493906,
0,-200880,-196080,45636127,0,-198603,11048193640848150515,28272964616,8481872213,0,493906,
1,-200880,-196080,45637927,0,-198603,11978012039195243568,30447808048,8481872213,0,493907,
0,-200880,-196080,45637927,0,-198603,11978012039195243568,30447808048,8481872213,0,493907,
1,-200880,-196080,45639727,0,-198603,12995668214160515926,32622651480,8481872213,0,493908,
0,-200880,-196080,45639727,0,-198603,12995668214160515926,32622651480,8481872213,0,493908,
1,-200880,-196080,45641527,0,-198603,14263006008356517157,34797494912,8481872213,0,493909,
0,-200880,-196080,45641527,0,-198603,14263006008356517157,34797494912,8481872213,0,493909,
1,-200880,-196080,45643327,0,-198603,17845716654624079664,39147181776,8481872213,0,493910,
0,-200880,-196080,45643327,0,-198603,17845716654624079664,39147181776,8481872213,0,493910,
1,-200880,-196080,45645127,0,-198603,20298602816899376477,45671712072,8481872213,0,493911,
0,-200880,-196080,45645127,0,-198603,20298602816899376477,45671712072,8481872213,0,493911,
1,-200880,-196080,45646927,0,-198603,21129047942923916103,47846555504,8481872213,0,493912,
0,-200880,-196080,45646927,0,-198603,21129047942923916103,47846555504,8481872213,0,493912,
1,-200880,-196080,45648727,0,-198603,22234831609750634541,50021398936,8481872213,0,493913,
0,-200880,-196080,45648727,0,-198603,22234831609750634541,50021398936,8481872213,0,493913,
1,-200880,-196080,45650527,0,-198603,23114562335157272528,50021398936,8481872213,0,493914,
0,-200880,-196080,45650527,0,-198603,23114562335157272528,50021398936,8481872213,0,493914,
1,-200880,-196080,45652327,0,-198603,24334895449216752891,52196242368,8481872213,0,493915,
0,-200880,-196080,45652327,0,-198603,24334895449216752891,52196242368,8481872213,0,493915,
1,-200880,-196080,45654127,0,-198603,24636349723085331711,54371085800,8481872213,0,493916,
0,-200880,-196080,45654127,0,-198603,24636349723085331711,54371085800,8481872213,0,493916,
1,-200880,-196080,45655927,0,-198603,25187608116415791585,56545929232,8481872213,0,493917,
0,-200880,-196080,45655927,0,-198603,25187608116415791585,56545929232,8481872213,0,493917,
1,-200880,-196080,45657727,0,-198603,25542460157529618478,56545929232,8481872213,0,493918,
0,-200880,-196080,45657727,0,-198603,25542460157529618478,56545929232,8481872213,0,493918,
1,-200880,-196080,45659527,0,-198603,26066453010693818758,56545929232,8481872213,0,493919,
0,-200880,-196080,45659527,0,-198603,26066453010693818758,56545929232,8481872213,0,493919,
1,-200880,-196080,45661327,0,-198854,26507423216696461957,58720772664,8481872213,0,493920,
0,-200880,-196080,45661327,0,-198854,26507423216696461957,58720772664,8481872213,0,493920,
1,-200880,-196080,45663127,0,-198854,27882900803059232749,60895616096,8481872213,0,493921,
0,-200880,-196080,45663127,0,-198854,27882900803059232749,60895616096,8481872213,0,493921,
1,-200880,-196080,45664927,0,-198854,29395679406633808922,63070459528,8481872213,0,493922,
0,-200880,-196080,45664927,0,-198854,29395679406633808922,63070459528,8481872213,0,493922,
1,-200880,-196080,45666727,0,-198854,30220663840076111789,65245302960,8481872213,0,493923,
0,-200880,-196080,45666727,0,-198854,30220663840076111789,65245302960,8481872213,0,493923,
1,-200880,-196080,45668527,0,-198854,30706235030533430314,65245302960,8481872213,0,493924,
0,-200880,-196080,45668527,0,-198854,30706235030533430314,65245302960,8481872213,0,493924,
1,-200880,-196080,45670327,0,-198854,31026078506004952545,67420146392,8481872213,0,493925,
0,-200880,-196080,45670327,0,-198854,31026078506004952545,67420146392,8481872213,0,493925,
1,-200880,-196080,45672127,0,-198854,31268205258514001334,67420146392,8481872213,0,493926,
0,-200880,-196080,45672127,0,-198854,31268205258514001334,67420146392,8481872213,0,493926,
1,-200880,-196080,45673927,0,-198854,31841083507246156085,69594989824,8481872213,0,493927,
0,-200880,-196080,45673927,0,-198854,31841083507246156085,69594989824,8481872213,0,493927,
1,-200880,-196080,45675727,0,-198854,32339143296793498912,71769833256,8481872213,0,493928,
0,-200880,-196080,45675727,0,-198854,32339143296793498912,71769833256,8481872213,0,493928,
1,-200880,-196080,45677527,0,-198854,33249492907782522159,73944676688,8481872213,0,493929,
0,-200880,-196080,45677527,0,-198854,33249492907782522159,73944676688,8481872213,0,493929,
1,-200880,-196080,45679327,0,-198854,33870444082772669601,73944676688,8481872213,0,493930,
0,-200880,-196080,45679327,0,-198854,33870444082772669601,73944676688,8481872213,0,493930,
1,-200880,-196080,45681127,0,-198854,34618411720939383864,76119520120,8481872213,0,493931,
0,-200880,-196080,45681127,0,-198854,34618411720939383864,76119520120,8481872213,0,493931,
1,-200880,-196080,45682927,0,-198854,34938285548525843421,76119520120,8481872213,0,493932,
0,-200880,-196080,45682927,0,-198854,34938285548525843421,76119520120,8481872213,0,493932,
1,-200880,-196080,45684727,0,-198854,35341418635365047105,78294363552,8481872213,0,493933,
0,-200880,-196080,45684727,0,-198854,35341418635365047105,78294363552,8481872213,0,493933,
1,-200880,-196080,45686527,0,-198854,37310536447995688516,80469206984,8481872213,0,493934,
0,-200880,-196080,45686527,0,-198854,37310536447995688516,80469206984,8481872213,0,493934,
1,-200880,-196080,45688327,0,-198854,39767707284540319750,84818893848,8481872213,0,493935,
0,-200880,-196080,45688327,0,-198854,39767707284540319750,84818893848,8481872213,0,493935,
1,-200880,-196080,45690127,0,-198854,41319199262571315050,86993737280,8481872213,0,493936,
0,-200880,-196080,45690127,0,-198854,41319199262571315050,86993737280,8481872213,0,493936,
1,-200880,-196080,45691927,0,-198854,42360195611491760692,89168580712,8481872213,0,493937,
0,-200880,-196080,45691927,0,-198854,42360195611491760692,89168580712,8481872213,0,493937,
1,-200880,-196080,45693727,0,-198854,43712963287001428447,93518267577,8481872213,0,493938,
0,-200880,-196080,45693727,0,-198854,43712963287001428447,93518267577,8481872213,0,493938,
1,-200880,-196080,45695527,0,-198854,44526816186682951616,95693111009,8481872213,0,493939,
0,-200880,-196080,45695527,0,-198854,44526816186682951616,95693111009,8481872213,0,493939,
1,-200880,-196080,45697327,0,-198854,45427755772104030889,97867954441,8481872213,0,493940,
0,-200880,-196080,45697327,0,-198854,45427755772104030889,97867954441,8481872213,0,493940,
1,-200880,-196080,45699127,0,-198854,46119049761182733242,97867954441,8481872213,0,493941,
0,-200880,-196080,45699127,0,-198854,46119049761182733242,97867954441,8481872213,0,493941,
1,-200880,-196080,45700927,0,-198854,46699249344123680776,100042797873,8481872213,0,493942,
0,-200880,-196080,45700927,0,-198854,46699249344123680776,100042797873,8481872213,0,493942,
1,-200880,-196080,45702727,0,-198854,47425381534659283627,100042797873,8481872213,0,493943,
0,-200880,-196080,45702727,0,-198854,47425381534659283627,100042797873,8481872213,0,493943,
1,-200880,-196080,45704527,0,-198959,47727451269645534339,102217641305,8481872213,0,493944,
0,-200880,-196080,45704527,0,-198959,47727451269645534339,102217641305,8481872213,0,493944,
1,-200880,-196080,45706327,0,-198959,48215897089856938577,102217641305,8481872213,0,493945,
0,-200880,-196080,45706327,0,-198959,48215897089856938577,102217641305,8481872213,0,493945,
1,-200880,-196080,45708127,0,-198959,48747955952320430370,104392484737,8481872213,0,493946,
0,-200880,-196080,45708127,0,-198959,48747955952320430370,104392484737,8481872213,0,493946,
1,-200880,-196080,45709927,0,-198959,50155422432088095002,106567328169,8481872213,0,493947,
0,-200880,-196080,45709927,0,-198959,50155422432088095002,106567328169,8481872213,0,493947,
1,-200880,-196080,45711727,0,-198959,50877010561302756230,108742171601,8481872213,0,493948,
0,-200880,-196080,45711727,0,-198959,50877010561302756230,108742171601,8481872213,0,493948,
1,-200880,-196080,45713527,0,-198959,51126718315627007735,108742171601,8481872213,0,493949,
0,-200880,-196080,45713527,0,-198959,51126718315627007735,108742171601,8481872213,0,493949,
1,-200880,-196080,45715327,0,-198959,51516345324624949029,108742171601,8481872213,0,493950,
0,-200880,-196080,45715327,0,-198959,51516345324624949029,108742171601,8481872213,0,493950,
1,-200880,-196080,45717127,0,-198959,52287400722243272443,110917015033,8481872213,0,493951,
0,-200880,-196080,45717127,0,-198959,52287400722243272443,110917015033,8481872213,0,493951,
1,-200880,-196080,45718927,0,-198959,52708573730830236490,113091858465,8481872213,0,493952,
0,-200880,-196080,45718927,0,-198959,52708573730830236490,113091858465,8481872213,0,493952,
1,-200880,-196080,45720727,0,-198959,52920058076825182680,113091858465,8481872213,0,493953,
0,-200880,-196080,45720727,0,-198959,52920058076825182680,113091858465,8481872213,0,493953,
1,-200880,-196080,45722527,0,-198959,53490233893381669079,115266701897,8481872213,0,493954,
0,-200880,-196080,45722527,0,-198959,53490233893381669079,115266701897,8481872213,0,493954,
1,-200880,-196080,45724327,0,-198959,53855743980917846302,115266701897,8481872213,0,493955,
0,-200880,-196080,45724327,0,-198959,53855743980917846302,115266701897,8481872213,0,493955,
1,-200880,-196080,45726127,0,-198959,54293496582182330178,117441545329,8481872213,0,493956,
0,-200880,-196080,45726127,0,-198959,54293496582182330178,117441545329,8481872213,0,493956,
1,-200880,-196080,45727927,0,-198959,55503265964079733363,119616388761,8481872213,0,493957,
0,-200880,-196080,45727927,0,-198959,55503265964079733363,119616388761,8481872213,0,493957,
1,-200880,-196080,45729727,0,-198959,56736967588434026872,121791232193,8481872213,0,493958,
0,-200880,-196080,45729727,0,-198959,56736967588434026872,121791232193,8481872213,0,493958,
1,-200880,-196080,45731527,0,-198959,58323386825585620620,126140919057,8481872213,0,493959,
0,-200880,-196080,45731527,0,-198959,58323386825585620620,126140919057,8481872213,0,493959,
1,-200880,-196080,45733327,0,-198959,59477737649665415759,128315762489,8481872213,0,493960,
0,-200880,-196080,45733327,0,-198959,59477737649665415759,128315762489,8481872213,0,493960,
1,-200880,-196080,45735127,0,-198959,60190174498784927768,130490605921,8481872213,0,493961,
0,-200880,-196080,45735127,0,-198959,60190174498784927768,130490605921,8481872213,0,493961,
1,-200880,-196080,45736927,0,-198959,61436325622894024653,134840292785,8481872213,0,493962,
0,-200880,-196080,45736927,0,-198959,61436325622894024653,134840292785,8481872213,0,493962,
1,-200880,-196080,45738727,0,-198959,62176889321948710999,137015136217,8481872213,0,493963,
0,-200880,-196080,45738727,0,-198959,62176889321948710999,137015136217,8481872213,0,493963,
1,-200880,-196080,45740527,0,-198959,62646228968622310217,139189979649,8481872213,0,493964,
0,-200880,-196080,45740527,0,-198959,62646228968622310217,139189979649,8481872213,0,493964,
1,-200880,-196080,45742327,0,-198959,63145388398156066133,139189979649,8481872213,0,493965,
0,-200880,-196080,45742327,0,-198959,63145388398156066133,139189979649,8481872213,0,493965,
1,-200880,-196080,45744127,0,-198959,63427644295999539277,139189979649,8481872213,0,493966,
0,-200880,-196080,45744127,0,-198959,63427644295999539277,139189979649,8481872213,0,493966,
1,-200880,-196080,45745927,0,-198959,63840083259504414172,141364823081,8481872213,0,493967,
0,-200880,-196080,45745927,0,-198959,63840083259504414172,141364823081,8481872213,0,493967,
1,-200880,-196080,45747727,0,-198834,64260585124457316218,141364823081,8481872213,0,493968,
0,-200880,-196080,45747727,0,-198834,64260585124457316218,141364823081,8481872213,0,493968,
1,-200880,-196080,45749527,0,-198834,64449211063464464207,141364823081,8481872213,0,493969,
0,-200880,-196080,45749527,0,-198834,64449211063464464207,141364823081,8481872213,0,493969,
1,-200880,-196080,45751327,0,-198834,64697037952293085297,143539666513,8481872213,0,493970,
0,-200880,-196080,45751327,0,-198834,64697037952293085297,143539666513,8481872213,0,493970,
1,-200880,-196080,45753127,0,-198834,64859683194262527645,143539666513,8481872213,0,493971,
0,-200880,-196080,45753127,0,-198834,64859683194262527645,143539666513,8481872213,0,493971,
1,-200880,-196080,45754927,0,-198834,65179076431471908844,143539666513,8481872213,0,493972,
0,-200880,-196080,45754927,0,-198834,65179076431471908844,143539666513,8481872213,0,493972,
1,-200880,-196080,45756727,0,-198834,65740617756404406988,145714509945,8481872213,0,493973,
0,-200880,-196080,45756727,0,-198834,65740617756404406988,145714509945,8481872213,0,493973,
1,-200880,-196080,45758527,0,-198834,65925611563340408456,145714509945,8481872213,0,493974,
0,-200880,-196080,45758527,0,-198834,65925611563340408456,145714509945,8481872213,0,493974,
1,-200880,-196080,45760327,0,-198834,66206418356480593742,145714509945,8481872213,0,493975,
0,-200880,-196080,45760327,0,-198834,66206418356480593742,145714509945,8481872213,0,493975,
1,-200880,-196080,45762127,0,-198834,66417217359288710246,147889353377,8481872213,0,493976,
0,-200880,-196080,45762127,0,-198834,66417217359288710246,147889353377,8481872213,0,493976,
1,-200880,-196080,45763927,0,-198834,66551574634571847057,147889353377,8481872213,0,493977,
0,-200880,-196080,45763927,0,-198834,66551574634571847057,147889353377,8481872213,0,493977,
1,-200880,-196080,45765727,0,-198834,66886300054735346129,147889353377,8481872213,0,493978,
0,-200880,-196080,45765727,0,-198834,66886300054735346129,147889353377,8481872213,0,493978,
1,-200880,-196080,45767527,0,-198834,67080309431536338523,147889353377,8481872213,0,493979,
0,-200880,-196080,45767527,0,-198834,67080309431536338523,147889353377,8481872213,0,493979,
1,-200880,-196080,45769327,0,-198834,67109416992319689151,147889353377,8481872213,0,493980,
0,-200880,-196080,45769327,0,-198834,67109416992319689151,147889353377,8481872213,0,493980,
1,-200880,-196080,45771127,0,-198834,67245453860038196288,150064196809,8481872213,0,493981,
0,-200880,-196080,45771127,0,-198834,67245453860038196288,150064196809,8481872213,0,493981,
1,-200880,-196080,45772927,0,-198834,67378873253664863656,150064196809,8481872213,0,493982,
0,-200880,-196080,45772927,0,-198834,67378873253664863656,150064196809,8481872213,0,493982,
1,-200880,-196080,45774727,0,-198834,67897176979566944540,150064196809,8481872213,0,493983,
0,-200880,-196080,45774727,0,-198834,67897176979566944540,150064196809,8481872213,0,493983,
1,-200880,-196080,45776527,0,-198834,68293512045198812477,152239040241,8481872213,0,493984,
0,-200880,-196080,45776527,0,-198834,68293512045198812477,152239040241,8481872213,0,493984,
1,-200880,-196080,45778327,0,-198834,68605321657731811941,152239040241,8481872213,0,493985,
0,-200880,-196080,45778327,0,-198834,68605321657731811941,152239040241,8481872213,0,493985,
1,-200880,-196080,45780127,0,-198834,69108052362867799483,154413883673,8481872213,0,493986,
0,-200880,-196080,45780127,0,-198834,69108052362867799483,154413883673,8481872213,0,493986,
1,-200880,-196080,45781927,0,-198834,69459913557119063599,156588727105,8481872213,0,493987,
0,-200880,-196080,45781927,0,-198834,69459913557119063599,156588727105,8481872213,0,493987,
1,-200880,-196080,45783727,0,-198834,69696331554404018977,156588727105,8481872213,0,493988,
0,-200880,-196080,45783727,0,-198834,69696331554404018977,156588727105,8481872213,0,493988,
1,-200880,-196080,45785527,0,-198834,69848149257877923072,156588727105,8481872213,0,493989,
0,-200880,-196080,45785527,0,-198834,69848149257877923072,156588727105,8481872213,0,493989,
1,-200880,-196080,45787327,0,-198834,69880433351481219251,156588727105,8481872213,0,493990,
0,-200880,-196080,45787327,0,-198834,69880433351481219251,156588727105,8481872213,0,493990,
1,-200880,-196080,45789127,0,-198834,70068065160856215361,156588727105,8481872213,0,493991,
0,-200880,-196080,45789127,0,-198834,70068065160856215361,156588727105,8481872213,0,493991,
1,-200880,-196080,45790927,0,-198723,70292887619359325298,156588727105,8481872213,0,493992,
0,-200880,-196080,45790927,0,-198723,70292887619359325298,156588727105,8481872213,0,493992,
1,-200880,-196080,45792727,0,-198723,70724009016432239962,158763570537,8481872213,0,493993,
0,-200880,-196080,45792727,0,-198723,70724009016432239962,158763570537,8481872213,0,493993,
1,-200880,-196080,45794527,0,-198723,70946949193616645237,158763570537,8481872213,0,493994,
0,-200880,-196080,45794527,0,-198723,70946949193616645237,158763570537,8481872213,0,493994,
1,-200880,-196080,45796327,0,-198723,71092541088064396249,158763570537,8481872213,0,493995,
0,-200880,-196080,45796327,0,-198723,71092541088064396249,158763570537,8481872213,0,493995,
1,-200880,-196080,45798127,0,-198723,71397954955829994573,160938413969,8481872213,0,493996,
0,-200880,-196080,45798127,0,-198723,71397954955829994573,160938413969,8481872213,0,493996,
1,-200880,-196080,45799927,0,-198723,71562427349011983208,160938413969,8481872213,0,493997,
0,-200880,-196080,45799927,0,-198723,71562427349011983208,160938413969,8481872213,0,493997,
1,-200880,-196080,45801727,0,-198723,71686271679076867463,160938413969,8481872213,0,493998,
0,-200880,-196080,45801727,0,-198723,71686271679076867463,160938413969,8481872213,0,493998,
1,-200880,-196080,45803527,0,-198723,71690408509664536328,160938413969,8481872213,0,493999,
0,-200880,-196080,45803527,0,-198723,71690408509664536328,160938413969,8481872213,0,493999,
1,-200880,-196080,45805327,0,-198723,71826743554942104245,160938413969,8481872213,0,494000,
0,-200880,-196080,45805327,0,-198723,71826743554942104245,160938413969,8481872213,0,494000,
1,-200880,-196080,45807127,0,-198723,72004879067059894855,160938413969,8481872213,0,494001,
0,-200880,-196080,45807127,0,-198723,72004879067059894855,160938413969,8481872213,0,494001,
1,-200880,-196080,45808927,0,-198723,72202552454787060376,160938413969,8481872213,0,494002,
0,-200880,-196080,45808927,0,-198723,72202552454787060376,160938413969,8481872213,0,494002,
1,-200880,-196080,45810727,0,-198723,72515531750314044692,163113257401,8481872213,0,494003,
0,-200880,-196080,45810727,0,-198723,72515531750314044692,163113257401,8481872213,0,494003,
1,-200880,-196080,45812527,0,-198723,72826113715925909001,163113257401,8481872213,0,494004,
0,-200880,-196080,45812527,0,-198723,72826113715925909001,163113257401,8481872213,0,494004,
1,-200880,-196080,45814327,0,-198723,72903614681370865074,163113257401,8481872213,0,494005,
0,-200880,-196080,45814327,0,-198723,72903614681370865074,163113257401,8481872213,0,494005,
1,-200880,-196080,45816127,0,-198723,73008126143092807292,163113257401,8481872213,0,494006,
0,-200880,-196080,45816127,0,-198723,73008126143092807292,163113257401,8481872213,0,494006,
1,-200880,-196080,45817927,0,-198723,73363516684139777045,165288100833,8481872213,0,494007,
0,-200880,-196080,45817927,0,-198723,73363516684139777045,165288100833,8481872213,0,494007,
1,-200880,-196080,45819727,0,-198723,73837373980835679386,167462944265,8481872213,0,494008,
0,-200880,-196080,45819727,0,-198723,73837373980835679386,167462944265,8481872213,0,494008,
1,-200880,-196080,45821527,0,-198723,74367123983840022474,169637787697,8481872213,0,494009,
0,-200880,-196080,45821527,0,-198723,74367123983840022474,169637787697,8481872213,0,494009,
1,-200880,-196080,45823327,0,-198723,75080802240115064053,171812631129,8481872213,0,494010,
0,-200880,-196080,45823327,0,-198723,75080802240115064053,171812631129,8481872213,0,494010,
1,-200880,-196080,45825127,0,-198723,75525117277021796545,171812631129,8481872213,0,494011,
0,-200880,-196080,45825127,0,-198723,75525117277021796545,171812631129,8481872213,0,494011,
1,-200880,-196080,45826927,0,-198723,76089074796461344072,173987474561,8481872213,0,494012,
0,-200880,-196080,45826927,0,-198723,76089074796461344072,173987474561,8481872213,0,494012,
1,-200880,-196080,45828727,0,-198723,79844579437160005047,180512004857,8481872213,0,494013,
0,-200880,-196080,45828727,0,-198723,79844579437160005047,180512004857,8481872213,0,494013,
1,-200880,-196080,45830527,0,-198723,81025167030867722625,182686848290,8481872213,0,494014,
0,-200880,-196080,45830527,0,-198723,81025167030867722625,182686848290,8481872213,0,494014,
1,-200880,-196080,45832327,0,-198723,83563181262734250269,193561065450,8481872213,0,494015,
0,-200880,-196080,45832327,0,-198723,83563181262734250269,193561065450,8481872213,0,494015,
1,-200880,-196080,45834127,0,-198746,85177855013130478161,195735908882,8481872213,0,494016,
0,-200880,-196080,45834127,0,-198746,85177855013130478161,195735908882,8481872213,0,494016,
1,-200880,-196080,45835927,0,-198746,87730272339186649908,200085595746,8481872213,0,494017,
0,-200880,-196080,45835927,0,-198746,87730272339186649908,200085595746,8481872213,0,494017,
1,-200880,-196080,45837727,0,-198746,89115281637957073279,204435282610,8481872213,0,494018,
0,-200880,-196080,45837727,0,-198746,89115281637957073279,204435282610,8481872213,0,494018,
1,-200880,-196080,45839527,0,-198746,90092714986207086850,206610126042,8481872213,0,494019,
0,-200880,-196080,45839527,0,-198746,90092714986207086850,206610126042,8481872213,0,494019,
1,-200880,-196080,45841327,0,-198746,91544094151630373001,206610126042,8481872213,0,494020,
0,-200880,-196080,45841327,0,-198746,91544094151630373001,206610126042,8481872213,0,494020,
1,-200880,-196080,45843127,0,-198746,91875709141165199459,208784969474,8481872213,0,494021,
0,-200880,-196080,45843127,0,-198746,91875709141165199459,208784969474,8481872213,0,494021,
1,-200880,-196080,45844927,0,-198746,92176303231833761324,208784969474,8481872213,0,494022,
0,-200880,-196080,45844927,0,-198746,92176303231833761324,208784969474,8481872213,0,494022,
1,-200880,-196080,45846727,0,-198746,92764666474544098247,210959812906,8481872213,0,494023,
0,-200880,-196080,45846727,0,-198746,92764666474544098247,210959812906,8481872213,0,494023,
1,-200880,-196080,45848527,0,-198746,93079786085688779707,210959812906,8481872213,0,494024,
0,-200880,-196080,45848527,0,-198746,93079786085688779707,210959812906,8481872213,0,494024,
1,-200880,-196080,45850327,0,-198746,93552245021128350173,213134656338,8481872213,0,494025,
0,-200880,-196080,45850327,0,-198746,93552245021128350173,213134656338,8481872213,0,494025,
1,-200880,-196080,45852127,0,-198746,93792364090846403799,213134656338,8481872213,0,494026,
0,-200880,-196080,45852127,0,-198746,93792364090846403799,213134656338,8481872213,0,494026,
1,-200880,-196080,45853927,0,-198746,94304420057027572182,213134656338,8481872213,0,494027,
0,-200880,-196080,45853927,0,-198746,94304420057027572182,213134656338,8481872213,0,494027,
1,-200880,-196080,45855727,0,-198746,94521104216610553561,215309499770,8481872213,0,494028,
0,-200880,-196080,45855727,0,-198746,94521104216610553561,215309499770,8481872213,0,494028,
1,-200880,-196080,45857527,0,-198746,95797733202929372977,217484343202,8481872213,0,494029,
0,-200880,-196080,45857527,0,-198746,95797733202929372977,217484343202,8481872213,0,494029,
1,-200880,-196080,45859327,0,-198746,97265633220683923422,219659186634,8481872213,0,494030,
0,-200880,-196080,45859327,0,-198746,97265633220683923422,219659186634,8481872213,0,494030,
1,-200880,-196080,45861127,0,-198746,99172134154782366145,224008873498,8481872213,0,494031,
0,-200880,-196080,45861127,0,-198746,99172134154782366145,224008873498,8481872213,0,494031,
1,-200880,-196080,45862927,0,-198746,99889200871495586849,226183716930,8481872213,0,494032,
0,-200880,-196080,45862927,0,-198746,99889200871495586849,226183716930,8481872213,0,494032,
1,-200880,-196080,45864727,0,-198746,100802221348982706052,228358560362,8481872213,0,494033,
0,-200880,-196080,45864727,0,-198746,100802221348982706052,228358560362,8481872213,0,494033,
1,-200880,-196080,45866527,0,-198746,101505822809665883456,230533403794,8481872213,0,494034,
0,-200880,-196080,45866527,0,-198746,101505822809665883456,230533403794,8481872213,0,494034,
1,-200880,-196080,45868327,0,-198746,102296745976194411768,232708247226,8481872213,0,494035,
0,-200880,-196080,45868327,0,-198746,102296745976194411768,232708247226,8481872213,0,494035,
1,-200880,-196080,45870127,0,-198746,102735459514630587973,234883090658,8481872213,0,494036,
0,-200880,-196080,45870127,0,-198746,102735459514630587973,234883090658,8481872213,0,494036,
1,-200880,-196080,45871927,0,-198746,103282321059617176495,234883090658,8481872213,0,494037,
0,-200880,-196080,45871927,0,-198746,103282321059617176495,234883090658,8481872213,0,494037,
1,-200880,-196080,45873727,0,-198746,103489499526619326029,237057934090,8481872213,0,494038,
0,-200880,-196080,45873727,0,-198746,103489499526619326029,237057934090,8481872213,0,494038,
1,-200880,-196080,45875527,0,-198746,103950663075593948113,237057934090,8481872213,0,494039,
0,-200880,-196080,45875527,0,-198746,103950663075593948113,237057934090,8481872213,0,494039,
1,-200880,-196080,45877327,0,-198960,104222059040648963007,237057934090,8481872213,0,494040,
0,-200880,-196080,45877327,0,-198960,104222059040648963007,237057934090,8481872213,0,494040,
1,-200880,-196080,45879127,0,-198960,104708367663968151624,239232777522,8481872213,0,494041,
0,-200880,-196080,45879127,0,-198960,104708367663968151624,239232777522,8481872213,0,494041,
1,-200880,-196080,45880927,0,-198960,107050351306541701091,241407620954,8481872213,0,494042,
0,-200880,-196080,45880927,0,-198960,107050351306541701091,241407620954,8481872213,0,494042,
1,-200880,-196080,45882727,0,-198960,107652044236416746101,243582464386,8481872213,0,494043,
0,-200880,-196080,45882727,0,-198960,107652044236416746101,243582464386,8481872213,0,494043,
1,-200880,-196080,45884527,0,-198960,108168463453960447931,243582464386,8481872213,0,494044,
0,-200880,-196080,45884527,0,-198960,108168463453960447931,243582464386,8481872213,0,494044,
1,-200880,-196080,45886327,0,-198960,108414912873078745167,245757307818,8481872213,0,494045,
0,-200880,-196080,45886327,0,-198960,108414912873078745167,245757307818,8481872213,0,494045,
1,-200880,-196080,45888127,0,-198960,108881245583398071494,245757307818,8481872213,0,494046,
0,-200880,-196080,45888127,0,-198960,108881245583398071494,245757307818,8481872213,0,494046,
1,-200880,-196080,45889927,0,-198960,109382653561807762659,245757307818,8481872213,0,494047,
0,-200880,-196080,45889927,0,-198960,109382653561807762659,245757307818,8481872213,0,494047,
1,-200880,-196080,45891727,0,-198960,110584470743962672143,247932151250,8481872213,0,494048,
0,-200880,-196080,45891727,0,-198960,110584470743962672143,247932151250,8481872213,0,494048,
1,-200880,-196080,45893527,0,-198960,111780137534137120839,250106994682,8481872213,0,494049,
0,-200880,-196080,45893527,0,-198960,111780137534137120839,250106994682,8481872213,0,494049,
1,-200880,-196080,45895327,0,-198960,112259120908529339029,252281838114,8481872213,0,494050,
0,-200880,-196080,45895327,0,-198960,112259120908529339029,252281838114,8481872213,0,494050,
1,-200880,-196080,45897127,0,-198960,112821615499960744754,252281838114,8481872213,0,494051,
0,-200880,-196080,45897127,0,-198960,112821615499960744754,252281838114,8481872213,0,494051,
1,-200880,-196080,45898927,0,-198960,113488067370384961511,254456681546,8481872213,0,494052,
0,-200880,-196080,45898927,0,-198960,113488067370384961511,254456681546,8481872213,0,494052,
1,-200880,-196080,45900727,0,-198960,114600960424228648269,256631524978,8481872213,0,494053,
0,-200880,-196080,45900727,0,-198960,114600960424228648269,256631524978,8481872213,0,494053,
1,-200880,-196080,45902527,0,-198960,116559366041185168818,258806368410,8481872213,0,494054,
0,-200880,-196080,45902527,0,-198960,116559366041185168818,258806368410,8481872213,0,494054,
1,-200880,-196080,45904327,0,-198960,118762379189308344922,265330898706,8481872213,0,494055,
0,-200880,-196080,45904327,0,-198960,118762379189308344922,265330898706,8481872213,0,494055,
1,-200880,-196080,45906127,0,-198960,120249911507849558463,267505742138,8481872213,0,494056,
0,-200880,-196080,45906127,0,-198960,120249911507849558463,267505742138,8481872213,0,494056,
1,-200880,-196080,45907927,0,-198960,121536331700194965828,269680585570,8481872213,0,494057,
0,-200880,-196080,45907927,0,-198960,121536331700194965828,269680585570,8481872213,0,494057,
1,-200880,-196080,45909727,0,-198960,121753756861557889250,271855429002,8481872213,0,494058,
0,-200880,-196080,45909727,0,-198960,121753756861557889250,271855429002,8481872213,0,494058,
1,-200880,-196080,45911527,0,-198960,122220109210713406753,274030272435,8481872213,0,494059,
0,-200880,-196080,45911527,0,-198960,122220109210713406753,274030272435,8481872213,0,494059,
1,-200880,-196080,45913327,0,-198960,122554856000888468893,274030272435,8481872213,0,494060,
0,-200880,-196080,45913327,0,-198960,122554856000888468893,274030272435,8481872213,0,494060,
1,-200880,-196080,45915127,0,-198960,122869822518279439890,276205115867,8481872213,0,494061,
0,-200880,-196080,45915127,0,-198960,122869822518279439890,276205115867,8481872213,0,494061,
1,-200880,-196080,45916927,0,-198960,123084660396727046900,276205115867,8481872213,0,494062,
0,-200880,-196080,45916927,0,-198960,123084660396727046900,276205115867,8481872213,0,494062,
1,-200880,-196080,45918727,0,-198960,123532171057229371249,276205115867,8481872213,0,494063,
0,-200880,-196080,45918727,0,-198960,123532171057229371249,276205115867,8481872213,0,494063,
1,-200880,-196080,45920527,0,-199011,124221646744533452221,278379959299,8481872213,0,494064,
0,-200880,-196080,45920527,0,-199011,124221646744533452221,278379959299,8481872213,0,494064,
1,-200880,-196080,45922327,0,-199011,124671406430202423431,278379959299,8481872213,0,494065,
0,-200880,-196080,45922327,0,-199011,124671406430202423431,278379959299,8481872213,0,494065,
1,-200880,-196080,45924127,0,-199011,125351241271455432863,280554802731,8481872213,0,494066,
0,-200880,-196080,45924127,0,-199011,125351241271455432863,280554802731,8481872213,0,494066,
1,-200880,-196080,45925927,0,-199011,125849110253289110500,282729646163,8481872213,0,494067,
0,-200880,-196080,45925927,0,-199011,125849110253289110500,282729646163,8481872213,0,494067,
1,-200880,-196080,45927727,0,-199011,126021792049722394283,284904489595,8481872213,0,494068,
0,-200880,-196080,45927727,0,-199011,126021792049722394283,284904489595,8481872213,0,494068,
1,-200880,-196080,45929527,0,-199011,126330684103266803313,284904489595,8481872213,0,494069,
0,-200880,-196080,45929527,0,-199011,126330684103266803313,284904489595,8481872213,0,494069,
1,-200880,-196080,45931327,0,-199011,126878084439615554585,284904489595,8481872213,0,494070,
0,-200880,-196080,45931327,0,-199011,126878084439615554585,284904489595,8481872213,0,494070,
1,-200880,-196080,45933127,0,-199011,127156877910595725470,287079333027,8481872213,0,494071,
0,-200880,-196080,45933127,0,-199011,127156877910595725470,287079333027,8481872213,0,494071,
1,-200880,-196080,45934927,0,-199011,127399638934443289725,287079333027,8481872213,0,494072,
0,-200880,-196080,45934927,0,-199011,127399638934443289725,287079333027,8481872213,0,494072,
1,-200880,-196080,45936727,0,-199011,127780804880357042650,289254176459,8481872213,0,494073,
0,-200880,-196080,45936727,0,-199011,127780804880357042650,289254176459,8481872213,0,494073,
1,-200880,-196080,45938527,0,-199011,128170103881643409523,291429019891,8481872213,0,494074,
0,-200880,-196080,45938527,0,-199011,128170103881643409523,291429019891,8481872213,0,494074,
1,-200880,-196080,45940327,0,-199011,128786962527606598429,291429019891,8481872213,0,494075,
0,-200880,-196080,45940327,0,-199011,128786962527606598429,291429019891,8481872213,0,494075,
1,-200880,-196080,45942127,0,-199011,129573120947101450783,291429019891,8481872213,0,494076,
0,-200880,-196080,45942127,0,-199011,129573120947101450783,291429019891,8481872213,0,494076,
1,-200880,-196080,45943927,0,-199011,132010551193055251584,295778706755,8481872213,0,494077,
0,-200880,-196080,45943927,0,-199011,132010551193055251584,295778706755,8481872213,0,494077,
1,-200880,-196080,45945727,0,-199011,134651252847632126387,300128393619,8481872213,0,494078,
0,-200880,-196080,45945727,0,-199011,134651252847632126387,300128393619,8481872213,0,494078,
1,-200880,-196080,45947527,0,-199011,136115358494345188188,304478080483,8481872213,0,494079,
0,-200880,-196080,45947527,0,-199011,136115358494345188188,304478080483,8481872213,0,494079,
1,-200880,-196080,45949327,0,-199011,138197498022390705704,306652923915,8481872213,0,494080,
0,-200880,-196080,45949327,0,-199011,138197498022390705704,306652923915,8481872213,0,494080,
1,-200880,-196080,45951127,0,-199011,138931098418661752780,308827767347,8481872213,0,494081,
0,-200880,-196080,45951127,0,-199011,138931098418661752780,308827767347,8481872213,0,494081,
1,-200880,-196080,45952927,0,-199011,139260456018582092812,311002610779,8481872213,0,494082,
0,-200880,-196080,45952927,0,-199011,139260456018582092812,311002610779,8481872213,0,494082,
1,-200880,-196080,45954727,0,-199011,139811033772912066468,311002610779,8481872213,0,494083,
0,-200880,-196080,45954727,0,-199011,139811033772912066468,311002610779,8481872213,0,494083,
1,-200880,-196080,45956527,0,-199011,140529969689260748210,313177454211,8481872213,0,494084,
0,-200880,-196080,45956527,0,-199011,140529969689260748210,313177454211,8481872213,0,494084,
1,-200880,-196080,45958327,0,-199011,140669538609280190421,313177454211,8481872213,0,494085,
0,-200880,-196080,45958327,0,-199011,140669538609280190421,313177454211,8481872213,0,494085,
1,-200880,-196080,45960127,0,-199011,141297307007170334948,315352297643,8481872213,0,494086,
0,-200880,-196080,45960127,0,-199011,141297307007170334948,315352297643,8481872213,0,494086,
1,-200880,-196080,45961927,0,-199011,141720901597351529502,315352297643,8481872213,0,494087,
0,-200880,-196080,45961927,0,-199011,141720901597351529502,315352297643,8481872213,0,494087,
1,-200880,-196080,45963727,0,-199012,142216875925182217693,317527141075,8481872213,0,494088,
0,-200880,-196080,45963727,0,-199012,142216875925182217693,317527141075,8481872213,0,494088,
1,-200880,-196080,45965527,0,-199012,142488734555554744204,317527141075,8481872213,0,494089,
0,-200880,-196080,45965527,0,-199012,142488734555554744204,317527141075,8481872213,0,494089,
1,-200880,-196080,45967327,0,-199012,143010260451191348229,319701984507,8481872213,0,494090,
0,-200880,-196080,45967327,0,-199012,143010260451191348229,319701984507,8481872213,0,494090,
1,-200880,-196080,45969127,0,-199012,143868645303622170852,319701984507,8481872213,0,494091,
0,-200880,-196080,45969127,0,-199012,143868645303622170852,319701984507,8481872213,0,494091,
1,-200880,-196080,45970927,0,-199012,145615825794172408146,321876827939,8481872213,0,494092,
0,-200880,-196080,45970927,0,-199012,145615825794172408146,321876827939,8481872213,0,494092,
1,-200880,-196080,45972727,0,-199012,145828475573517273013,324051671371,8481872213,0,494093,
0,-200880,-196080,45972727,0,-199012,145828475573517273013,324051671371,8481872213,0,494093,
1,-200880,-196080,45974527,0,-199012,146080995798395479554,326226514803,8481872213,0,494094,
0,-200880,-196080,45974527,0,-199012,146080995798395479554,326226514803,8481872213,0,494094,
1,-200880,-196080,45976327,0,-199012,146529400837161102570,328401358235,8481872213,0,494095,
0,-200880,-196080,45976327,0,-199012,146529400837161102570,328401358235,8481872213,0,494095,
1,-200880,-196080,45978127,0,-199012,146948935523141662379,328401358235,8481872213,0,494096,
0,-200880,-196080,45978127,0,-199012,146948935523141662379,328401358235,8481872213,0,494096,
1,-200880,-196080,45979927,0,-199012,147342924213265179198,328401358235,8481872213,0,494097,
0,-200880,-196080,45979927,0,-199012,147342924213265179198,328401358235,8481872213,0,494097,
1,-200880,-196080,45981727,0,-199012,147957597122005593139,330576201667,8481872213,0,494098,
0,-200880,-196080,45981727,0,-199012,147957597122005593139,330576201667,8481872213,0,494098,
1,-200880,-196080,45983527,0,-199012,148543307938715294237,330576201667,8481872213,0,494099,
0,-200880,-196080,45983527,0,-199012,148543307938715294237,330576201667,8481872213,0,494099,
1,-200880,-196080,45985327,0,-199012,149231993994740293111,332751045099,8481872213,0,494100,
0,-200880,-196080,45985327,0,-199012,149231993994740293111,332751045099,8481872213,0,494100,
1,-200880,-196080,45987127,0,-199012,149820192510459401676,334925888531,8481872213,0,494101,
0,-200880,-196080,45987127,0,-199012,149820192510459401676,334925888531,8481872213,0,494101,
1,-200880,-196080,45988927,0,-199012,151837606701461615646,337100731963,8481872213,0,494102,
0,-200880,-196080,45988927,0,-199012,151837606701461615646,337100731963,8481872213,0,494102,
1,-200880,-196080,45990727,0,-199012,152937127051912352315,343625262259,8481872213,0,494103,
0,-200880,-196080,45990727,0,-199012,152937127051912352315,343625262259,8481872213,0,494103,
1,-200880,-196080,45992527,0,-199012,154219841706871095487,347974949123,8481872213,0,494104,
0,-200880,-196080,45992527,0,-199012,154219841706871095487,347974949123,8481872213,0,494104,
1,-200880,-196080,45994327,0,-199012,156110853951932365028,354499479419,8481872213,0,494105,
0,-200880,-196080,45994327,0,-199012,156110853951932365028,354499479419,8481872213,0,494105,
1,-200880,-196080,45996127,0,-199012,158066122974893725714,358849166283,8481872213,0,494106,
0,-200880,-196080,45996127,0,-199012,158066122974893725714,358849166283,8481872213,0,494106,
1,-200880,-196080,45997927,0,-199012,158902376770624469365,358849166283,8481872213,0,494107,
0,-200880,-196080,45997927,0,-199012,158902376770624469365,358849166283,8481872213,0,494107,
1,-200880,-196080,45999727,0,-199012,159753404173396467015,361024009715,8481872213,0,494108,
0,-200880,-196080,45999727,0,-199012,159753404173396467015,361024009715,8481872213,0,494108,
1,-200880,-196080,46001527,0,-199012,160433229993398920411,363198853148,8481872213,0,494109,
0,-200880,-196080,46001527,0,-199012,160433229993398920411,363198853148,8481872213,0,494109,
1,-200880,-196080,45612327,0,-198557,1461494786320,0,8481872213,0,493892,mint
0,-200880,-196080,45612327,0,-198557,1461494786320,0,8481872213,0,493892,mint
1,-200880,-196080,46002526,0,-198924,160748008767430621941,363198853148,0,0,494109,burn
0,-200880,-196080,46002526,0,-198924,160748008767430621941,363198853148,0,0,494109,burn
0,-201120,-198720,43890127,1,-200234,1044734755645559478,0,1519320314,2278980470,492936,
1,-201120,-198720,43890127,1,-200234,110123450271845449800,222621103797,381349398759,2278980470,492936,
0,-201120,-198720,43891927,1,-200234,2518011740866314031,0,1519320314,2278980470,492937,
1,-201120,-198720,43891927,1,-200234,111365031365418295314,225670834612,381349398759,2278980470,492937,
0,-201120,-198720,43893727,1,-200234,3541001692414795134,0,1519320314,2278980470,492938,
1,-201120,-198720,43893727,1,-200234,112227140116569966949,228284889597,381349398759,2278980470,492938,
0,-201120,-198720,43895527,1,-200234,4559999482203210123,0,1519320314,2278980470,492939,
1,-201120,-198720,43895527,1,-200234,113085884531371157305,229446691812,381349398759,2278980470,492939,
0,-201120,-198720,43897327,1,-200234,5664215423978869212,0,1519320314,2278980470,492940,
1,-201120,-198720,43897327,1,-200234,114016445206872701824,230753719304,381349398759,2278980470,492940,
0,-201120,-198720,43899127,1,-200234,7640004155935757674,0,1519320314,2278980470,492941,
1,-201120,-198720,43899127,1,-200234,115681510195103263262,233367774289,381349398759,2278980470,492941,
0,-201120,-198720,43900927,1,-200234,8605028679419963119,14417965964,1519320314,2278980470,492942,
1,-201120,-198720,43900927,1,-200234,116494769479196162275,235739787145,381349398759,2278980470,492942,
0,-201120,-198720,43902727,1,-200234,9213841811176066692,14417965964,1519320314,2278980470,492943,
1,-201120,-198720,43902727,1,-200234,117007837213216159080,237095223063,381349398759,2278980470,492943,
0,-201120,-198720,43904527,1,-200234,10675598769501103032,14417965964,1519320314,2278980470,492944,
1,-201120,-198720,43904527,1,-200234,118239709971661262246,239854503324,381349398759,2278980470,492944,
0,-201120,-198720,43906327,1,-200234,13990743743279288622,14417965964,1519320314,2278980470,492945,
1,-201120,-198720,43906327,1,-200234,121033496440565488053,243872402652,381349398759,2278980470,492945,
0,-201120,-198720,43908127,1,-200234,15820435053099099842,28835931929,1519320314,2278980470,492946,
1,-201120,-198720,43908127,1,-200234,122575440112195592233,246244415509,381349398759,2278980470,492946,
0,-201120,-198720,43909927,1,-200234,23427025267438052795,28835931929,1519320314,2278980470,492947,
1,-201120,-198720,43909927,1,-200234,128985774788964981042,254183397313,381349398759,2278980470,492947,
0,-201120,-198720,43911727,1,-200234,26732671295953536220,43253897894,1519320314,2278980470,492948,
1,-201120,-198720,43911727,1,-200234,131771556172858683186,259605140985,381349398759,2278980470,492948,
0,-201120,-198720,43913527,1,-200234,28583363281532958466,43253897894,1519320314,2278980470,492949,
1,-201120,-198720,43913527,1,-200234,133331197831198016705,262509646523,381349398759,2278980470,492949,
0,-201120,-198720,43915327,1,-200234,31417475918476516941,43253897894,1519320314,2278980470,492950,
1,-201120,-198720,43915327,1,-200234,136112240676516149050,263671448739,1519320314,2278980470,492950,
0,-201120,-198720,43917127,1,-200234,35551586734676378197,57671863858,1519320314,2278980470,492951,
1,-201120,-198720,43917127,1,-200234,140246351478298044341,263671448739,1519320314,2278980470,492951,
0,-201120,-198720,43918927,1,-200234,40229062157216736024,57671863858,1519320314,2278980470,492952,
1,-201120,-198720,43918927,1,-200234,144923826915256368133,278089414703,1519320314,2278980470,492952,
0,-201120,-198720,43920727,1,-200234,43010621019859219035,72089829823,1519320314,2278980470,492953,
1,-201120,-198720,43920727,1,-200234,147705385763480885180,278089414703,1519320314,2278980470,492953,
0,-201120,-198720,43922527,1,-200234,45569695831577605549,72089829823,1519320314,2278980470,492954,
1,-201120,-198720,43922527,1,-200234,150264460589617237658,292507380668,1519320314,2278980470,492954,
0,-201120,-198720,43924327,1,-200234,47166269465707153013,72089829823,1519320314,2278980470,492955,
1,-201120,-198720,43924327,1,-200234,151861034223746785123,292507380668,1519320314,2278980470,492955,
0,-201120,-198720,43926127,1,-200234,48734686427119601899,86507795788,1519320314,2278980470,492956,
1,-201120,-198720,43926127,1,-200234,153429451185159234008,292507380668,1519320314,2278980470,492956,
0,-201120,-198720,43927927,1,-200234,49870740943162828792,86507795788,1519320314,2278980470,492957,
1,-201120,-198720,43927927,1,-200234,154565505701202460901,292507380668,1519320314,2278980470,492957,
0,-201120,-198720,43929727,1,-200234,50429890526075164017,86507795788,1519320314,2278980470,492958,
1,-201120,-198720,43929727,1,-200234,155124655284114796127,292507380668,1519320314,2278980470,492958,
0,-201120,-198720,43931527,1,-200234,50865703753000439228,86507795788,1519320314,2278980470,492959,
1,-201120,-198720,43931527,1,-200234,155560468511040071337,292507380668,1519320314,2278980470,492959,
0,-201120,-198720,43933327,1,-200275,51202785113545069229,86507795788,1519320314,2278980470,492960,
1,-201120,-198720,43933327,1,-200275,155897549871584701338,306925346633,1519320314,2278980470,492960,
0,-201120,-198720,45065527,1,-198759,992637414854159374192,2156624171133,1519320314,2278980470,493589,
1,-201120,-198720,45065527,1,-198759,1097332179612199006301,2377041721978,1519320314,2278980470,493589,
0,-201120,-198720,45067327,1,-198759,992637414854159374192,2156624171133,1519320314,2278980470,493590,
1,-201120,-198720,45067327,1,-198759,1097332179612199006301,2377041721978,1519320314,2278980470,493590,
0,-201120,-198720,45069127,1,-198759,992637414854159374192,2156624171133,1519320314,2278980470,493591,
1,-201120,-198720,45069127,1,-198759,1097332179612199006301,2377041721978,1519320314,2278980470,493591,
0,-201120,-198720,45070927,1,-198759,993052737195765622358,2156624171133,1519320314,2278980470,493592,
1,-201120,-198720,45070927,1,-198759,1097747501953805254467,2377041721978,1519320314,2278980470,493592,
0,-201120,-198720,45072727,1,-198759,993865744756080473744,2156624171133,1519320314,2278980470,493593,
1,-201120,-198720,45072727,1,-198759,1098560509514120105853,2377041721978,1519320314,2278980470,493593,
0,-201120,-198720,45074527,1,-198759,996215932696873135193,2156624171133,1519320314,2278980470,493594,
1,-201120,-198720,45074527,1,-198759,1100910697454912767302,2377041721978,1519320314,2278980470,493594,
0,-201120,-198720,45076327,1,-198759,997686863893449380066,2156624171133,1519320314,2278980470,493595,
1,-201120,-198720,45076327,1,-198759,1102381628651489012175,2377041721978,1519320314,2278980470,493595,
0,-201120,-198720,45078127,1,-198759,998184601159592196918,2156624171133,1519320314,2278980470,493596,
1,-201120,-198720,45078127,1,-198759,1102879365917631829027,2377041721978,1519320314,2278980470,493596,
0,-201120,-198720,45079927,1,-198759,999646397666397874750,2171042137097,1519320314,2278980470,493597,
1,-201120,-198720,45079927,1,-198759,1104341162424437506859,2391459687942,1519320314,2278980470,493597,
0,-201120,-198720,45081727,1,-198759,1001572100691467545038,2171042137097,1519320314,2278980470,493598,
1,-201120,-198720,45081727,1,-198759,1106266865449507177147,2391459687942,1519320314,2278980470,493598,
0,-201120,-198720,45083527,1,-198759,1003254377079838380048,2171042137097,1519320314,2278980470,493599,
1,-201120,-198720,45083527,1,-198759,1107949141837878012157,2391459687942,1519320314,2278980470,493599,
0,-201120,-198720,45085327,1,-198759,1005151261171760289841,2171042137097,1519320314,2278980470,493600,
1,-201120,-198720,45085327,1,-198759,1109846025929799921950,2391459687942,1519320314,2278980470,493600,
0,-201120,-198720,45087127,1,-198759,1006493396952314182190,2185460103062,1519320314,2278980470,493601,
1,-201120,-198720,45087127,1,-198759,1111188161710353814299,2405877653907,1519320314,2278980470,493601,
0,-201120,-198720,45088927,1,-198759,1011751724428019823711,2185460103062,1519320314,2278980470,493602,
1,-201120,-198720,45088927,1,-198759,1116446489186059455820,2405877653907,1519320314,2278980470,493602,
0,-201120,-198720,45090727,1,-198759,1014038876819762783886,2199878069027,1519320314,2278980470,493603,
1,-201120,-198720,45090727,1,-198759,1118733641577802415995,2420295619872,1519320314,2278980470,493603,
0,-201120,-198720,45092527,1,-198759,1015068875142715238785,2199878069027,1519320314,2278980470,493604,
1,-201120,-198720,45092527,1,-198759,1119763639900754870894,2420295619872,1519320314,2278980470,493604,
0,-201120,-198720,45094327,1,-198759,1015781327901122683386,2199878069027,1519320314,2278980470,493605,
1,-201120,-198720,45094327,1,-198759,1120476092659162315495,2420295619872,1519320314,2278980470,493605,
0,-201120,-198720,45096127,1,-198759,1016278720159757928143,2199878069027,1519320314,2278980470,493606,
1,-201120,-198720,45096127,1,-198759,1120973484917797560252,2420295619872,1519320314,2278980470,493606,
0,-201120,-198720,45097927,1,-198759,1016948116301299219809,2199878069027,1519320314,2278980470,493607,
1,-201120,-198720,45097927,1,-198759,1121642881059338851918,2420295619872,1519320314,2278980470,493607,
0,-201120,-198720,45099727,1,-198831,1017358034702754058960,2199878069027,1519320314,2278980470,493608,
1,-201120,-198720,45099727,1,-198831,1122052799460793691069,2420295619872,1519320314,2278980470,493608,
0,-201120,-198720,45101527,1,-198831,1018044672669820138198,2214296034991,1519320314,2278980470,493609,
1,-201120,-198720,45101527,1,-198831,1122739437427859770307,2434713585836,1519320314,2278980470,493609,
0,-201120,-198720,45103327,1,-198831,1018930617937283565082,2214296034991,1519320314,2278980470,493610,
1,-201120,-198720,45103327,1,-198831,1123625382695323197191,2434713585836,1519320314,2278980470,493610,
0,-201120,-198720,45105127,1,-198831,1020084837244942817278,2214296034991,1519320314,2278980470,493611,
1,-201120,-198720,45105127,1,-198831,1124779602002982449387,2434713585836,1519320314,2278980470,493611,
0,-201120,-198720,45106927,1,-198831,1021456611230724488890,2214296034991,1519320314,2278980470,493612,
1,-201120,-198720,45106927,1,-198831,1126151375988764120999,2434713585836,1519320314,2278980470,493612,
0,-201120,-198720,45108727,1,-198831,1022012192496822225713,2214296034991,1519320314,2278980470,493613,
1,-201120,-198720,45108727,1,-198831,1126706957254861857822,2434713585836,1519320314,2278980470,493613,
0,-201120,-198720,45110527,1,-198831,1022436394214857735949,2214296034991,1519320314,2278980470,493614,
1,-201120,-198720,45110527,1,-198831,1127131158972897368058,2434713585836,1519320314,2278980470,493614,
0,-201120,-198720,45112327,1,-198831,1023069331847715319621,2214296034991,1519320314,2278980470,493615,
1,-201120,-198720,45112327,1,-198831,1127764096605754951730,2434713585836,1519320314,2278980470,493615,
0,-201120,-198720,45114127,1,-198831,1023572930233292323855,2214296034991,1519320314,2278980470,493616,
1,-201120,-198720,45114127,1,-198831,1128267694991331955964,2434713585836,1519320314,2278980470,493616,
0,-201120,-198720,45115927,1,-198831,1024285340429864240318,2214296034991,1519320314,2278980470,493617,
1,-201120,-198720,45115927,1,-198831,1128980105187903872427,2434713585836,1519320314,2278980470,493617,
0,-201120,-198720,45117727,1,-198831,1025182977571959720063,2214296034991,1519320314,2278980470,493618,
1,-201120,-198720,45117727,1,-198831,1129877742329999352172,2434713585836,1519320314,2278980470,493618,
0,-201120,-198720,45119527,1,-198831,1025547245636561165612,2228714000956,1519320314,2278980470,493619,
1,-201120,-198720,45119527,1,-198831,1130242010394600797721,2449131551801,1519320314,2278980470,493619,
0,-201120,-198720,45121327,1,-198831,1026927631660847179667,2228714000956,1519320314,2278980470,493620,
1,-201120,-198720,45121327,1,-198831,1131622396418886811776,2449131551801,1519320314,2278980470,493620,
0,-201120,-198720,45123127,1,-198831,1028023236645465943674,2228714000956,1519320314,2278980470,493621,
1,-201120,-198720,45123127,1,-198831,1132718001403505575783,2449131551801,1519320314,2278980470,493621,
0,-201120,-198720,45124927,1,-198831,1029831356991300371516,2228714000956,1519320314,2278980470,493622,
1,-201120,-198720,45124927,1,-198831,1134526121749340003625,2449131551801,1519320314,2278980470,493622,
0,-201120,-198720,45126727,1,-198831,1031841473285407300022,2243131966921,1519320314,2278980470,493623,
1,-201120,-198720,45126727,1,-198831,1136536238043446932131,2463549517766,1519320314,2278980470,493623,
0,-201120,-198720,45128527,1,-198831,1033315310091410536471,2243131966921,1519320314,2278980470,493624,
1,-201120,-198720,45128527,1,-198831,1138010074849450168580,2463549517766,1519320314,2278980470,493624,
0,-201120,-198720,45130327,1,-198831,1034553944484770758451,2243131966921,1519320314,2278980470,493625,
1,-201120,-198720,45130327,1,-198831,1139248709242810390560,2463549517766,1519320314,2278980470,493625,
0,-201120,-198720,45132127,1,-198831,1035397724439606011390,2243131966921,1519320314,2278980470,493626,
1,-201120,-198720,45132127,1,-198831,1140092489197645643499,2463549517766,1519320314,2278980470,493626,
0,-201120,-198720,45133927,1,-198831,1036006690012516260967,2243131966921,1519320314,2278980470,493627,
1,-201120,-198720,45133927,1,-198831,1140701454770555893076,2463549517766,1519320314,2278980470,493627,
0,-201120,-198720,45135727,1,-198831,1036365916662302516847,2243131966921,1519320314,2278980470,493628,
1,-201120,-198720,45135727,1,-198831,1141060681420342148956,2463549517766,1519320314,2278980470,493628,
0,-201120,-198720,45137527,1,-198831,1036690610539029155450,2243131966921,1519320314,2278980470,493629,
1,-201120,-198720,45137527,1,-198831,1141385375297068787559,2463549517766,1519320314,2278980470,493629,
0,-201120,-198720,45139327,1,-198831,1037695771176193680601,2257549932886,1519320314,2278980470,493630,
1,-201120,-198720,45139327,1,-198831,1142390535934233312710,2477967483731,1519320314,2278980470,493630,
0,-201120,-198720,45141127,1,-198831,1038109605280935074443,2257549932886,1519320314,2278980470,493631,
1,-201120,-198720,45141127,1,-198831,1142804370038974706552,2477967483731,1519320314,2278980470,493631,
0,-201120,-198720,45142927,1,-198847,1038118876912546375310,2257549932886,1519320314,2278980470,493632,
1,-201120,-198720,45142927,1,-198847,1142813641670586007419,2477967483731,1519320314,2278980470,493632,
0,-201120,-198720,45144727,1,-198847,1038255659463592223200,2257549932886,1519320314,2278980470,493633,
1,-201120,-198720,45144727,1,-198847,1142950424221631855309,2477967483731,1519320314,2278980470,493633,
0,-201120,-198720,45146527,1,-198847,1038324602010043811903,2257549932886,1519320314,2278980470,493634,
1,-201120,-198720,45146527,1,-198847,1143019366768083444012,2477967483731,1519320314,2278980470,493634,
0,-201120,-198720,45148327,1,-198847,1038544713353980942407,2257549932886,1519320314,2278980470,493635,
1,-201120,-198720,45148327,1,-198847,1143239478112020574516,2477967483731,1519320314,2278980470,493635,
0,-201120,-198720,45150127,1,-198847,1038758804721334885180,2257549932886,1519320314,2278980470,493636,
1,-201120,-198720,45150127,1,-198847,1143453569479374517289,2477967483731,1519320314,2278980470,493636,
0,-201120,-198720,45151927,1,-198847,1038835177854905761367,2257549932886,1519320314,2278980470,493637,
1,-201120,-198720,45151927,1,-198847,1143529942612945393476,2477967483731,1519320314,2278980470,493637,
0,-201120,-198720,45153727,1,-198847,1038965564581831650689,2257549932886,1519320314,2278980470,493638,
1,-201120,-198720,45153727,1,-198847,1143660329339871282798,2477967483731,1519320314,2278980470,493638,
0,-201120,-198720,45155527,1,-198847,1039022831632460522563,2257549932886,1519320314,2278980470,493639,
1,-201120,-198720,45155527,1,-198847,1143717596390500154672,2477967483731,1519320314,2278980470,493639,
0,-201120,-198720,45157327,1,-198847,1039092488055660927227,2257549932886,1519320314,2278980470,493640,
1,-201120,-198720,45157327,1,-198847,1143787252813700559336,2477967483731,1519320314,2278980470,493640,
0,-201120,-198720,45159127,1,-198847,1039127546017548778910,2257549932886,1519320314,2278980470,493641,
1,-201120,-198720,45159127,1,-198847,1143822310775588411019,2477967483731,1519320314,2278980470,493641,
0,-201120,-198720,45160927,1,-198847,1039348001619259251337,2257549932886,1519320314,2278980470,493642,
1,-201120,-198720,45160927,1,-198847,1144042766377298883446,2477967483731,1519320314,2278980470,493642,
0,-201120,-198720,45162727,1,-198847,1039438917491872403553,2257549932886,1519320314,2278980470,493643,
1,-201120,-198720,45162727,1,-198847,1144133682249912035662,2477967483731,1519320314,2278980470,493643,
0,-201120,-198720,45164527,1,-198847,1039841350070980344009,2257549932886,1519320314,2278980470,493644,
1,-201120,-198720,45164527,1,-198847,1144536114829019976118,2477967483731,1519320314,2278980470,493644,
0,-201120,-198720,45166327,1,-198847,1040003892322319605697,2257549932886,1519320314,2278980470,493645,
1,-201120,-198720,45166327,1,-198847,1144698657080359237806,2477967483731,1519320314,2278980470,493645,
0,-201120,-198720,45168127,1,-198847,1040111351916963495036,2257549932886,1519320314,2278980470,493646,
1,-201120,-198720,45168127,1,-198847,1144806116675003127145,2477967483731,1519320314,2278980470,493646,
0,-201120,-198720,45169927,1,-198847,1040307470511172131933,2257549932886,1519320314,2278980470,493647,
1,-201120,-198720,45169927,1,-198847,1145002235269211764042,2477967483731,1519320314,2278980470,493647,
0,-201120,-198720,45171727,1,-198847,1040947148644044029075,2257549932886,1519320314,2278980470,493648,
1,-201120,-198720,45171727,1,-198847,1145641913402083661184,2477967483731,1519320314,2278980470,493648,
0,-201120,-198720,45173527,1,-198847,1041579841517511394022,2257549932886,1519320314,2278980470,493649,
1,-201120,-198720,45173527,1,-198847,1146274606275551026131,2477967483731,1519320314,2278980470,493649,
0,-201120,-198720,45175327,1,-198847,1041866461193870341329,2257549932886,1519320314,2278980470,493650,
1,-201120,-198720,45175327,1,-198847,1146561225951909973438,2477967483731,1519320314,2278980470,493650,
0,-201120,-198720,45177127,1,-198847,1041988955410883362377,2257549932886,1519320314,2278980470,493651,
1,-201120,-198720,45177127,1,-198847,1146683720168922994486,2477967483731,1519320314,2278980470,493651,
0,-201120,-198720,45178927,1,-198847,1042200474454511556272,2257549932886,1519320314,2278980470,493652,
1,-201120,-198720,45178927,1,-198847,1146895239212551188381,2477967483731,1519320314,2278980470,493652,
0,-201120,-198720,45180727,1,-198847,1042219187604627121440,2257549932886,1519320314,2278980470,493653,
1,-201120,-198720,45180727,1,-198847,1146913952362666753549,2477967483731,1519320314,2278980470,493653,
0,-201120,-198720,45182527,1,-198847,1042342084241488186482,2257549932886,1519320314,2278980470,493654,
1,-201120,-198720,45182527,1,-198847,1147036848999527818591,2477967483731,1519320314,2278980470,493654,
0,-201120,-198720,45184327,1,-198847,1042377960293182847818,2257549932886,1519320314,2278980470,493655,
1,-201120,-198720,45184327,1,-198847,1147072725051222479927,2477967483731,1519320314,2278980470,493655,
0,-201120,-198720,45186127,1,-198720,992637414854159374192,2156624171133,1519320314,2278980470,493656,
1,-201120,-198720,45186127,1,-198720,1097332179612199006301,2377041721978,1519320314,2278980470,493656,
0,-201120,-198720,45187927,1,-198720,992637414854159374192,2156624171133,1519320314,2278980470,493657,
1,-201120,-198720,45187927,1,-198720,1097332179612199006301,2377041721978,1519320314,2278980470,493657,
0,-201120,-198720,45189727,1,-198720,992637414854159374192,2156624171133,1519320314,2278980470,493658,
1,-201120,-198720,45189727,1,-198720,1097332179612199006301,2377041721978,1519320314,2278980470,493658,
0,-201120,-198720,45191527,1,-198720,992637414854159374192,2156624171133,1519320314,2278980470,493659,
1,-201120,-198720,45191527,1,-198720,1097332179612199006301,2377041721978,1519320314,2278980470,493659,
0,-201120,-198720,45193327,1,-198720,992637414854159374192,2156624171133,1519320314,2278980470,493660,
1,-201120,-198720,45193327,1,-198720,1097332179612199006301,2377041721978,1519320314,2278980470,493660,
0,-201120,-198720,45195127,1,-198720,992637414854159374192,2156624171133,1519320314,2278980470,493661,
1,-201120,-198720,45195127,1,-198720,1097332179612199006301,2377041721978,1519320314,2278980470,493661,
0,-201120,-198720,45196927,1,-198720,992637414854159374192,2156624171133,1519320314,2278980470,493662,
1,-201120,-198720,45196927,1,-198720,1097332179612199006301,2377041721978,1519320314,2278980470,493662,
0,-201120,-198720,45198727,1,-198720,992637414854159374192,2156624171133,1519320314,2278980470,493663,
1,-201120,-198720,45198727,1,-198720,1097332179612199006301,2377041721978,1519320314,2278980470,493663,
0,-201120,-198720,45200527,1,-198720,992637414854159374192,2156624171133,1519320314,2278980470,493664,
1,-201120,-198720,45200527,1,-198720,1097332179612199006301,2377041721978,1519320314,2278980470,493664,
0,-201120,-198720,45202327,1,-198720,992637414854159374192,2156624171133,1519320314,2278980470,493665,
1,-201120,-198720,45202327,1,-198720,1097332179612199006301,2377041721978,1519320314,2278980470,493665,
0,-201120,-198720,45204127,1,-198720,992637414854159374192,2156624171133,1519320314,2278980470,493666,
1,-201120,-198720,45204127,1,-198720,1097332179612199006301,2377041721978,1519320314,2278980470,493666,
0,-201120,-198720,45205927,1,-198720,992637414854159374192,2156624171133,1519320314,2278980470,493667,
1,-201120,-198720,45205927,1,-198720,1097332179612199006301,2377041721978,1519320314,2278980470,493667,
0,-201120,-198720,45207727,1,-198720,992637414854159374192,2156624171133,1519320314,2278980470,493668,
1,-201120,-198720,45207727,1,-198720,1097332179612199006301,2377041721978,1519320314,2278980470,493668,
0,-201120,-198720,45209527,1,-198720,992637414854159374192,2156624171133,1519320314,2278980470,493669,
1,-201120,-198720,45209527,1,-198720,1097332179612199006301,2377041721978,1519320314,2278980470,493669,
0,-201120,-198720,45211327,1,-198720,992637414854159374192,2156624171133,1519320314,2278980470,493670,
1,-201120,-198720,45211327,1,-198720,1097332179612199006301,2377041721978,1519320314,2278980470,493670,
0,-201120,-198720,45213127,1,-198720,1046288708139253397363,2271967898851,1519320314,2278980470,493671,
1,-201120,-198720,45213127,1,-198720,1150983472897293029472,2492385449696,1519320314,2278980470,493671,
0,-201120,-198720,45214927,1,-198720,1046288708139253397363,2271967898851,1519320314,2278980470,493672,
1,-201120,-198720,45214927,1,-198720,1150983472897293029472,2492385449696,1519320314,2278980470,493672,
0,-201120,-198720,45216727,1,-198720,992637414854159374192,2156624171133,1519320314,2278980470,493673,
1,-201120,-198720,45216727,1,-198720,1097332179612199006301,2377041721978,1519320314,2278980470,493673,
0,-201120,-198720,45218527,1,-198720,1046409093959431519433,2271967898851,1519320314,2278980470,493674,
1,-201120,-198720,45218527,1,-198720,1151103858717471151542,2492385449696,1519320314,2278980470,493674,
0,-201120,-198720,45220327,1,-198720,1046409093959431519433,2271967898851,1519320314,2278980470,493675,
1,-201120,-198720,45220327,1,-198720,1151103858717471151542,2492385449696,1519320314,2278980470,493675,
0,-201120,-198720,45222127,1,-198720,1046409093959431519433,2271967898851,1519320314,2278980470,493676,
1,-201120,-198720,45222127,1,-198720,1151103858717471151542,2492385449696,1519320314,2278980470,493676,
0,-201120,-198720,45223927,1,-198720,1046409093959431519433,2271967898851,1519320314,2278980470,493677,
1,-201120,-198720,45223927,1,-198720,1151103858717471151542,2492385449696,1519320314,2278980470,493677,
0,-201120,-198720,45225727,1,-198720,1046409093959431519433,2271967898851,1519320314,2278980470,493678,
1,-201120,-198720,45225727,1,-198720,1151103858717471151542,2492385449696,1519320314,2278980470,493678,
0,-201120,-198720,45227527,1,-198720,1046409093959431519433,2271967898851,1519320314,2278980470,493679,
1,-201120,-198720,45227527,1,-198720,1151103858717471151542,2492385449696,1519320314,2278980470,493679,
0,-201120,-198720,45229327,1,-198792,992637414854159374192,2156624171133,1519320314,2278980470,493680,
1,-201120,-198720,45229327,1,-198792,1097332179612199006301,2377041721978,1519320314,2278980470,493680,
0,-201120,-198720,45231127,1,-198792,992637414854159374192,2156624171133,1519320314,2278980470,493681,
1,-201120,-198720,45231127,1,-198792,1097332179612199006301,2377041721978,1519320314,2278980470,493681,
0,-201120,-198720,45232927,1,-198792,992637414854159374192,2156624171133,1519320314,2278980470,493682,
1,-201120,-198720,45232927,1,-198792,1097332179612199006301,2377041721978,1519320314,2278980470,493682,
0,-201120,-198720,45234727,1,-198792,992637414854159374192,2156624171133,1519320314,2278980470,493683,
1,-201120,-198720,45234727,1,-198792,1097332179612199006301,2377041721978,1519320314,2278980470,493683,
0,-201120,-198720,45236527,1,-198792,992637414854159374192,2156624171133,1519320314,2278980470,493684,
1,-201120,-198720,45236527,1,-198792,1097332179612199006301,2377041721978,1519320314,2278980470,493684,
0,-201120,-198720,45238327,1,-198792,992637414854159374192,2156624171133,1519320314,2278980470,493685,
1,-201120,-198720,45238327,1,-198792,1097332179612199006301,2377041721978,1519320314,2278980470,493685,
0,-201120,-198720,45240127,1,-198792,1049922369395971106451,2286385864816,1519320314,2278980470,493686,
1,-201120,-198720,45240127,1,-198792,1154617134154010738560,2506803415661,1519320314,2278980470,493686,
0,-201120,-198720,45241927,1,-198792,1051124909867752972753,2286385864816,1519320314,2278980470,493687,
1,-201120,-198720,45241927,1,-198792,1155819674625792604862,2506803415661,1519320314,2278980470,493687,
0,-201120,-198720,45243727,1,-198792,1051908009779892094384,2286385864816,1519320314,2278980470,493688,
1,-201120,-198720,45243727,1,-198792,1156602774537931726493,2506803415661,1519320314,2278980470,493688,
0,-201120,-198720,45245527,1,-198792,1052653052245339975836,2286385864816,1519320314,2278980470,493689,
1,-201120,-198720,45245527,1,-198792,1157347817003379607945,2506803415661,1519320314,2278980470,493689,
0,-201120,-198720,45247327,1,-198792,1053043991427535335095,2286385864816,1519320314,2278980470,493690,
1,-201120,-198720,45247327,1,-198792,1157738756185574967204,2506803415661,1519320314,2278980470,493690,
0,-201120,-198720,45249127,1,-198792,1053291851026467678820,2286385864816,1519320314,2278980470,493691,
1,-201120,-198720,45249127,1,-198792,1157986615784507310929,2506803415661,1519320314,2278980470,493691,
0,-201120,-198720,45250927,1,-198792,1053563580375460870301,2286385864816,1519320314,2278980470,493692,
1,-201120,-198720,45250927,1,-198792,1158258345133500502410,2506803415661,1519320314,2278980470,493692,
0,-201120,-198720,45252727,1,-198792,1054208397244418219625,2286385864816,1519320314,2278980470,493693,
1,-201120,-198720,45252727,1,-198792,1158903162002457851734,2506803415661,1519320314,2278980470,493693,
0,-201120,-198720,45254527,1,-198792,1055684856317981307076,2286385864816,1519320314,2278980470,493694,
1,-201120,-198720,45254527,1,-198792,1160379621076020939185,2506803415661,1519320314,2278980470,493694,
0,-201120,-198720,45256327,1,-198792,1057550521909097897927,2300803830780,1519320314,2278980470,493695,
1,-201120,-198720,45256327,1,-198792,1162245286667137530036,2521221381625,1519320314,2278980470,493695,
0,-201120,-198720,45258127,1,-198792,1062586623386634281237,2300803830780,1519320314,2278980470,493696,
1,-201120,-198720,45258127,1,-198792,1167281388144673913346,2521221381625,1519320314,2278980470,493696,
0,-201120,-198720,45259927,1,-198792,1063424244678471730877,2300803830780,1519320314,2278980470,493697,
1,-201120,-198720,45259927,1,-198792,1168119009436511362986,2521221381625,1519320314,2278980470,493697,
0,-201120,-198720,45261727,1,-198792,1063910792925381449772,2315221796745,1519320314,2278980470,493698,
1,-201120,-198720,45261727,1,-198792,1168605557683421081881,2535639347590,1519320314,2278980470,493698,
0,-201120,-198720,45263527,1,-198792,1064466960353885486210,2315221796745,1519320314,2278980470,493699,
1,-201120,-198720,45263527,1,-198792,1169161725111925118319,2535639347590,1519320314,2278980470,493699,
0,-201120,-198720,45265327,1,-198792,1065361719165345579812,2315221796745,1519320314,2278980470,493700,
1,-201120,-198720,45265327,1,-198792,1170056483923385211921,2535639347590,1519320314,2278980470,493700,
0,-201120,-198720,45267127,1,-198792,1065707869412064113431,2315221796745,1519320314,2278980470,493701,
1,-201120,-198720,45267127,1,-198792,1170402634170103745540,2535639347590,1519320314,2278980470,493701,
0,-201120,-198720,45268927,1,-198792,1066126125045592005622,2315221796745,1519320314,2278980470,493702,
1,-201120,-198720,45268927,1,-198792,1170820889803631637731,2535639347590,1519320314,2278980470,493702,
0,-201120,-198720,45270727,1,-198792,1066413293527407437704,2315221796745,1519320314,2278980470,493703,
1,-201120,-198720,45270727,1,-198792,1171108058285447069813,2535639347590,1519320314,2278980470,493703,
0,-201120,-198720,45272527,1,-198983,1066834997361675475411,2315221796745,1519320314,2278980470,493704,
1,-201120,-198720,45272527,1,-198983,1171529762119715107520,2535639347590,1519320314,2278980470,493704,
0,-201120,-198720,45274327,1,-198983,1067521519062264014369,2315221796745,1519320314,2278980470,493705,
1,-201120,-198720,45274327,1,-198983,1172216283820303646478,2535639347590,1519320314,2278980470,493705,
0,-201120,-198720,45276127,1,-198983,1068195408404300615485,2315221796745,1519320314,2278980470,493706,
1,-201120,-198720,45276127,1,-198983,1172890173162340247594,2535639347590,1519320314,2278980470,493706,
0,-201120,-198720,45277927,1,-198983,1069399274809904470172,2315221796745,1519320314,2278980470,493707,
1,-201120,-198720,45277927,1,-198983,1174094039567944102281,2535639347590,1519320314,2278980470,493707,
0,-201120,-198720,45279727,1,-198983,1069779317859427340758,2315221796745,1519320314,2278980470,493708,
1,-201120,-198720,45279727,1,-198983,1174474082617466972867,2535639347590,1519320314,2278980470,493708,
0,-201120,-198720,45281527,1,-198983,1070424388441331772957,2329639762710,1519320314,2278980470,493709,
1,-201120,-198720,45281527,1,-198983,1175119153199371405066,2550057313555,1519320314,2278980470,493709,
0,-201120,-198720,45283327,1,-198983,1071069320221477861868,2329639762710,1519320314,2278980470,493710,
1,-201120,-198720,45283327,1,-198983,1175764084979517493977,2550057313555,1519320314,2278980470,493710,
0,-201120,-198720,45285127,1,-198983,1072103131764814793542,2329639762710,1519320314,2278980470,493711,
1,-201120,-198720,45285127,1,-198983,1176797896522854425651,2550057313555,1519320314,2278980470,493711,
0,-201120,-198720,45286927,1,-198983,1072493860401453168585,2329639762710,1519320314,2278980470,493712,
1,-201120,-198720,45286927,1,-198983,1177188625159492800694,2550057313555,1519320314,2278980470,493712,
0,-201120,-198720,45288727,1,-198983,1073075213060814716673,2329639762710,1519320314,2278980470,493713,
1,-201120,-198720,45288727,1,-198983,1177769977818854348782,2550057313555,1519320314,2278980470,493713,
0,-201120,-198720,45290527,1,-198983,1073660194722209609077,2329639762710,1519320314,2278980470,493714,
1,-201120,-198720,45290527,1,-198983,1178354959480249241186,2550057313555,1519320314,2278980470,493714,
0,-201120,-198720,45292327,1,-198983,1074054341872996208079,2329639762710,1519320314,2278980470,493715,
1,-201120,-198720,45292327,1,-198983,1178749106631035840188,2550057313555,1519320314,2278980470,493715,
0,-201120,-198720,45294127,1,-198983,1075274302232182527438,2329639762710,1519320314,2278980470,493716,
1,-201120,-198720,45294127,1,-198983,1179969066990222159547,2550057313555,1519320314,2278980470,493716,
0,-201120,-198720,45295927,1,-198983,1076158385361669734411,2329639762710,1519320314,2278980470,493717,
1,-201120,-198720,45295927,1,-198983,1180853150119709366520,2550057313555,1519320314,2278980470,493717,
0,-201120,-198720,45297727,1,-198983,1079037071803619957498,2344057728675,1519320314,2278980470,493718,
1,-201120,-198720,45297727,1,-198983,1183731836561659589607,2564475279520,1519320314,2278980470,493718,
0,-201120,-198720,45299527,1,-198983,1081328996196066088781,2344057728675,1519320314,2278980470,493719,
1,-201120,-198720,45299527,1,-198983,1186023760954105720890,2564475279520,1519320314,2278980470,493719,
0,-201120,-198720,45301327,1,-198983,1082344129884468137157,2344057728675,1519320314,2278980470,493720,
1,-201120,-198720,45301327,1,-198983,1187038894642507769266,2564475279520,1519320314,2278980470,493720,
0,-201120,-198720,45303127,1,-198983,1082991854958086351723,2358475694640,1519320314,2278980470,493721,
1,-201120,-198720,45303127,1,-198983,1187686619716125983832,2578893245485,1519320314,2278980470,493721,
0,-201120,-198720,45304927,1,-198983,1083595492299584473536,2358475694640,1519320314,2278980470,493722,
1,-201120,-198720,45304927,1,-198983,1188290257057624105645,2578893245485,1519320314,2278980470,493722,
0,-201120,-198720,45306727,1,-198983,1084120302958989588443,2358475694640,1519320314,2278980470,493723,
1,-201120,-198720,45306727,1,-198983,1188815067717029220552,2578893245485,1519320314,2278980470,493723,
0,-201120,-198720,45308527,1,-198983,1084638683191156429222,2358475694640,1519320314,2278980470,493724,
1,-201120,-198720,45308527,1,-198983,1189333447949196061331,2578893245485,1519320314,2278980470,493724,
0,-201120,-198720,45310327,1,-198983,1085114661814650898680,2358475694640,1519320314,2278980470,493725,
1,-201120,-198720,45310327,1,-198983,1189809426572690530789,2578893245485,1519320314,2278980470,493725,
0,-201120,-198720,45312127,1,-198983,1085642087691230507793,2358475694640,1519320314,2278980470,493726,
1,-201120,-198720,45312127,1,-198983,1190336852449270139902,2578893245485,1519320314,2278980470,493726,
0,-201120,-198720,45313927,1,-198983,1085996405384054892772,2358475694640,1519320314,2278980470,493727,
1,-201120,-198720,45313927,1,-198983,1190691170142094524881,2578893245485,1519320314,2278980470,493727,
0,-201120,-198720,45315727,1,-198969,1086183114669495230769,2358475694640,1519320314,2278980470,493728,
1,-201120,-198720,45315727,1,-198969,1190877879427534862878,2578893245485,1519320314,2278980470,493728,
0,-201120,-198720,45317527,1,-198969,1086372180773324041532,2358475694640,1519320314,2278980470,493729,
1,-201120,-198720,45317527,1,-198969,1191066945531363673641,2578893245485,1519320314,2278980470,493729,
0,-201120,-198720,45319327,1,-198969,1087563881948055252466,2358475694640,1519320314,2278980470,493730,
1,-201120,-198720,45319327,1,-198969,1192258646706094884575,2578893245485,1519320314,2278980470,493730,
0,-201120,-198720,45321127,1,-198969,1088207969109337156461,2358475694640,1519320314,2278980470,493731,
1,-201120,-198720,45321127,1,-198969,1192902733867376788570,2578893245485,1519320314,2278980470,493731,
0,-201120,-198720,45322927,1,-198969,1089174848013931892747,2372893660604,1519320314,2278980470,493732,
1,-201120,-198720,45322927,1,-198969,1193869612771971524856,2593311211449,1519320314,2278980470,493732,
0,-201120,-198720,45324727,1,-198969,1090386232812067760649,2372893660604,1519320314,2278980470,493733,
1,-201120,-198720,45324727,1,-198969,1195080997570107392758,2593311211449,1519320314,2278980470,493733,
0,-201120,-198720,45326527,1,-198969,1090963139778131853357,2372893660604,1519320314,2278980470,493734,
1,-201120,-198720,45326527,1,-198969,1195657904536171485466,2593311211449,1519320314,2278980470,493734,
0,-201120,-198720,45328327,1,-198969,1091828955503339263429,2372893660604,1519320314,2278980470,493735,
1,-201120,-198720,45328327,1,-198969,1196523720261378895538,2593311211449,1519320314,2278980470,493735,
0,-201120,-198720,45330127,1,-198969,1092406933363825392882,2372893660604,1519320314,2278980470,493736,
1,-201120,-198720,45330127,1,-198969,1197101698121865024991,2593311211449,1519320314,2278980470,493736,
0,-201120,-198720,45331927,1,-198969,1092800127991690526281,2372893660604,1519320314,2278980470,493737,
1,-201120,-198720,45331927,1,-198969,1197494892749730158390,2593311211449,1519320314,2278980470,493737,
0,-201120,-198720,45333727,1,-198969,1093628277271025696033,2387311626569,1519320314,2278980470,493738,
1,-201120,-198720,45333727,1,-198969,1198323042029065328142,2607729177414,1519320314,2278980470,493738,
0,-201120,-198720,45335527,1,-198969,1094726155694935758272,2387311626569,1519320314,2278980470,493739,
1,-201120,-198720,45335527,1,-198969,1199420920452975390381,2607729177414,1519320314,2278980470,493739,
0,-201120,-198720,45337327,1,-198969,1095389796573748976238,2387311626569,1519320314,2278980470,493740,
1,-201120,-198720,45337327,1,-198969,1200084561331788608347,2607729177414,1519320314,2278980470,493740,
0,-201120,-198720,45339127,1,-198969,1097052458314264329963,2387311626569,1519320314,2278980470,493741,
1,-201120,-198720,45339127,1,-198969,1201747223072303962072,2607729177414,1519320314,2278980470,493741,
0,-201120,-198720,45340927,1,-198969,1099153050891620109394,2387311626569,1519320314,2278980470,493742,
1,-201120,-198720,45340927,1,-198969,1203847815649659741503,2607729177414,1519320314,2278980470,493742,
0,-201120,-198720,45342727,1,-198969,1100633433439753406572,2387311626569,1519320314,2278980470,493743,
1,-201120,-198720,45342727,1,-198969,1205328198197793038681,2607729177414,1519320314,2278980470,493743,
0,-201120,-198720,45344527,1,-198969,1103866870012581197381,2401729592534,1519320314,2278980470,493744,
1,-201120,-198720,45344527,1,-198969,1208561634770620829490,2622147143379,1519320314,2278980470,493744,
0,-201120,-198720,45346327,1,-198969,1105210862538792038799,2401729592534,1519320314,2278980470,493745,
1,-201120,-198720,45346327,1,-198969,1209905627296831670908,2622147143379,1519320314,2278980470,493745,
0,-201120,-198720,45348127,1,-198969,1106069297043995624919,2401729592534,1519320314,2278980470,493746,
1,-201120,-198720,45348127,1,-198969,1210764061802035257028,2622147143379,1519320314,2278980470,493746,
0,-201120,-198720,45349927,1,-198969,1114717068242197140243,2416147558499,1519320314,2278980470,493747,
1,-201120,-198720,45349927,1,-198969,1219411833000236772352,2636565109344,1519320314,2278980470,493747,
0,-201120,-198720,45351727,1,-198969,1116766402225552429641,2416147558499,1519320314,2278980470,493748,
1,-201120,-198720,45351727,1,-198969,1221461166983592061750,2636565109344,1519320314,2278980470,493748,
0,-201120,-198720,45353527,1,-198969,1118226762356916828594,2430565524464,1519320314,2278980470,493749,
1,-201120,-198720,45353527,1,-198969,1222921527114956460703,2650983075309,1519320314,2278980470,493749,
0,-201120,-198720,45355327,1,-198969,1119311671474410355230,2430565524464,1519320314,2278980470,493750,
1,-201120,-198720,45355327,1,-198969,1224006436232449987339,2650983075309,1519320314,2278980470,493750,
0,-201120,-198720,45357127,1,-198969,1119847240027030288149,2430565524464,1519320314,2278980470,493751,
1,-201120,-198720,45357127,1,-198969,1224542004785069920258,2650983075309,1519320314,2278980470,493751,
0,-201120,-198720,45358927,1,-199098,1120669693085208010124,2430565524464,1519320314,2278980470,493752,
1,-201120,-198720,45358927,1,-199098,1225364457843247642233,2650983075309,1519320314,2278980470,493752,
0,-201120,-198720,45360727,1,-199098,1121726884845407386140,2444983490428,1519320314,2278980470,493753,
1,-201120,-198720,45360727,1,-199098,1226421649603447018249,2665401041273,1519320314,2278980470,493753,
0,-201120,-198720,45362527,1,-199098,1123155814012820008615,2444983490428,1519320314,2278980470,493754,
1,-201120,-198720,45362527,1,-199098,1227850578770859640724,2665401041273,1519320314,2278980470,493754,
0,-201120,-198720,45364327,1,-199098,1126238066894403415968,2444983490428,1519320314,2278980470,493755,
1,-201120,-198720,45364327,1,-199098,1230932831652443048077,2665401041273,1519320314,2278980470,493755,
0,-201120,-198720,45366127,1,-199098,1126753535086730444864,2444983490428,1519320314,2278980470,493756,
1,-201120,-198720,45366127,1,-199098,1231448299844770076973,2665401041273,1519320314,2278980470,493756,
0,-201120,-198720,45367927,1,-199098,1128176177112650551558,2444983490428,1519320314,2278980470,493757,
1,-201120,-198720,45367927,1,-199098,1232870941870690183667,2665401041273,1519320314,2278980470,493757,
0,-201120,-198720,45369727,1,-199098,1129109455581954785427,2444983490428,1519320314,2278980470,493758,
1,-201120,-198720,45369727,1,-199098,1233804220339994417536,2665401041273,1519320314,2278980470,493758,
0,-201120,-198720,45371527,1,-199098,1129527215814172126522,2459401456393,1519320314,2278980470,493759,
1,-201120,-198720,45371527,1,-199098,1234221980572211758631,2679819007238,1519320314,2278980470,493759,
0,-201120,-198720,45373327,1,-199098,1130125038519758331521,2459401456393,1519320314,2278980470,493760,
1,-201120,-198720,45373327,1,-199098,1234819803277797963630,2679819007238,1519320314,2278980470,493760,
0,-201120,-198720,45375127,1,-199098,1130907812600284614264,2459401456393,1519320314,2278980470,493761,
1,-201120,-198720,45375127,1,-199098,1235602577358324246373,2679819007238,1519320314,2278980470,493761,
0,-201120,-198720,45376927,1,-199098,1131682393325620206871,2459401456393,1519320314,2278980470,493762,
1,-201120,-198720,45376927,1,-199098,1236377158083659838980,2679819007238,1519320314,2278980470,493762,
0,-201120,-198720,45378727,1,-199098,1132369146650831970607,2459401456393,1519320314,2278980470,493763,
1,-201120,-198720,45378727,1,-199098,1237063911408871602716,2679819007238,1519320314,2278980470,493763,
0,-201120,-198720,45380527,1,-199098,1133794592826952574464,2459401456393,1519320314,2278980470,493764,
1,-201120,-198720,45380527,1,-199098,1238489357584992206573,2679819007238,1519320314,2278980470,493764,
0,-201120,-198720,45382327,1,-199098,1134563687415312792637,2459401456393,1519320314,2278980470,493765,
1,-201120,-198720,45382327,1,-199098,1239258452173352424746,2679819007238,1519320314,2278980470,493765,
0,-201120,-198720,45384127,1,-199098,1136241637044187416038,2473819422358,1519320314,2278980470,493766,
1,-201120,-198720,45384127,1,-199098,1240936401802227048147,2694236973203,1519320314,2278980470,493766,
0,-201120,-198720,45385927,1,-199098,1138894353300804943680,2473819422358,1519320314,2278980470,493767,
1,-201120,-198720,45385927,1,-199098,1243589118058844575789,2694236973203,1519320314,2278980470,493767,
0,-201120,-198720,45387727,1,-199098,1140209883435748368551,2473819422358,1519320314,2278980470,493768,
1,-201120,-198720,45387727,1,-199098,1244904648193788000660,2694236973203,1519320314,2278980470,493768,
0,-201120,-198720,45389527,1,-199098,1141028852349196794724,2473819422358,1519320314,2278980470,493769,
1,-201120,-198720,45389527,1,-199098,1245723617107236426833,2694236973203,1519320314,2278980470,493769,
0,-201120,-198720,45391327,1,-199098,1142174795499286820842,2488237388323,1519320314,2278980470,493770,
1,-201120,-198720,45391327,1,-199098,1246869560257326452951,2708654939168,1519320314,2278980470,493770,
0,-201120,-198720,45393127,1,-199098,1143139023026448423162,2488237388323,1519320314,2278980470,493771,
1,-201120,-198720,45393127,1,-199098,1247833787784488055271,2708654939168,1519320314,2278980470,493771,
0,-201120,-198720,45394927,1,-199098,1143554843494360789774,2488237388323,1519320314,2278980470,493772,
1,-201120,-198720,45394927,1,-199098,1248249608252400421883,2708654939168,1519320314,2278980470,493772,
0,-201120,-198720,45396727,1,-199098,1143753161852054644690,2488237388323,1519320314,2278980470,493773,
1,-201120,-198720,45396727,1,-199098,1248447926610094276799,2708654939168,1519320314,2278980470,493773,
0,-201120,-198720,45398527,1,-199098,1144401943791414012236,2488237388323,1519320314,2278980470,493774,
1,-201120,-198720,45398527,1,-199098,1249096708549453644345,2708654939168,1519320314,2278980470,493774,
0,-201120,-198720,45400327,1,-199098,1144824863579259658707,2488237388323,1519320314,2278980470,493775,
1,-201120,-198720,45400327,1,-199098,1249519628337299290816,2708654939168,1519320314,2278980470,493775,
0,-201120,-198720,45402127,1,-198944,1145060876627621079020,2488237388323,1519320314,2278980470,493776,
1,-201120,-198720,45402127,1,-198944,1249755641385660711129,2708654939168,1519320314,2278980470,493776,
0,-201120,-198720,45403927,1,-198944,1145508651633501268456,2488237388323,1519320314,2278980470,493777,
1,-201120,-198720,45403927,1,-198944,1250203416391540900565,2708654939168,1519320314,2278980470,493777,
0,-201120,-198720,45405727,1,-198944,1145673014484656805419,2488237388323,1519320314,2278980470,493778,
1,-201120,-198720,45405727,1,-198944,1250367779242696437528,2708654939168,1519320314,2278980470,493778,
0,-201120,-198720,45407527,1,-198944,1145995688865726684103,2488237388323,1519320314,2278980470,493779,
1,-201120,-198720,45407527,1,-198944,1250690453623766316212,2708654939168,1519320314,2278980470,493779,
0,-201120,-198720,45409327,1,-198944,1147549408426575952373,2502655354288,1519320314,2278980470,493780,
1,-201120,-198720,45409327,1,-198944,1252244173184615584482,2723072905133,1519320314,2278980470,493780,
0,-201120,-198720,45411127,1,-198944,1147936645075111546753,2502655354288,1519320314,2278980470,493781,
1,-201120,-198720,45411127,1,-198944,1252631409833151178862,2723072905133,1519320314,2278980470,493781,
0,-201120,-198720,45412927,1,-198944,1148212505113681794305,2502655354288,1519320314,2278980470,493782,
1,-201120,-198720,45412927,1,-198944,1252907269871721426414,2723072905133,1519320314,2278980470,493782,
0,-201120,-198720,45414727,1,-198944,1149023353439413754771,2502655354288,1519320314,2278980470,493783,
1,-201120,-198720,45414727,1,-198944,1253718118197453386880,2723072905133,1519320314,2278980470,493783,
0,-201120,-198720,45416527,1,-198944,1149376852480130657469,2502655354288,1519320314,2278980470,493784,
1,-201120,-198720,45416527,1,-198944,1254071617238170289578,2723072905133,1519320314,2278980470,493784,
0,-201120,-198720,45418327,1,-198944,1149726691116484344482,2502655354288,1519320314,2278980470,493785,
1,-201120,-198720,45418327,1,-198944,1254421455874523976591,2723072905133,1519320314,2278980470,493785,
0,-201120,-198720,45420127,1,-198944,1150036719787965801904,2502655354288,1519320314,2278980470,493786,
1,-201120,-198720,45420127,1,-198944,1254731484546005434013,2723072905133,1519320314,2278980470,493786,
0,-201120,-198720,45421927,1,-198944,1150720459599693293377,2502655354288,1519320314,2278980470,493787,
1,-201120,-198720,45421927,1,-198944,1255415224357732925486,2723072905133,1519320314,2278980470,493787,
0,-201120,-198720,45423727,1,-198944,1151220147414779626395,2502655354288,1519320314,2278980470,493788,
1,-201120,-198720,45423727,1,-198944,1255914912172819258504,2723072905133,1519320314,2278980470,493788,
0,-201120,-198720,45425527,1,-198944,1152686262160063630630,2517073320252,1519320314,2278980470,493789,
1,-201120,-198720,45425527,1,-198944,1257381026918103262739,2737490871097,1519320314,2278980470,493789,
0,-201120,-198720,45427327,1,-198944,1154231050367716333667,2517073320252,1519320314,2278980470,493790,
1,-201120,-198720,45427327,1,-198944,1258925815125755965776,2737490871097,1519320314,2278980470,493790,
0,-201120,-198720,45429127,1,-198944,1156042861525404196992,2517073320252,1519320314,2278980470,493791,
1,-201120,-198720,45429127,1,-198944,1260737626283443829101,2737490871097,1519320314,2278980470,493791,
0,-201120,-198720,45430927,1,-198944,1157534023651373123267,2517073320252,1519320314,2278980470,493792,
1,-201120,-198720,45430927,1,-198944,1262228788409412755376,2737490871097,1519320314,2278980470,493792,
0,-201120,-198720,45432727,1,-198944,1159049635014290955204,2531491286218,1519320314,2278980470,493793,
1,-201120,-198720,45432727,1,-198944,1263744399772330587313,2751908837063,1519320314,2278980470,493793,
0,-201120,-198720,45434527,1,-198944,1159702940518381954105,2531491286218,1519320314,2278980470,493794,
1,-201120,-198720,45434527,1,-198944,1264397705276421586214,2751908837063,1519320314,2278980470,493794,
0,-201120,-198720,45436327,1,-198944,1160397645380659246074,2531491286218,1519320314,2278980470,493795,
1,-201120,-198720,45436327,1,-198944,1265092410138698878183,2751908837063,1519320314,2278980470,493795,
0,-201120,-198720,45438127,1,-198944,1160663348985882863898,2531491286218,1519320314,2278980470,493796,
1,-201120,-198720,45438127,1,-198944,1265358113743922496007,2751908837063,1519320314,2278980470,493796,
0,-201120,-198720,45439927,1,-198944,1162260170969476155327,2531491286218,1519320314,2278980470,493797,
1,-201120,-198720,45439927,1,-198944,1266954935727515787436,2751908837063,1519320314,2278980470,493797,
0,-201120,-198720,45441727,1,-198944,1162829198199945224587,2531491286218,1519320314,2278980470,493798,
1,-201120,-198720,45441727,1,-198944,1267523962957984856696,2751908837063,1519320314,2278980470,493798,
0,-201120,-198720,45443527,1,-198944,1163167470253791092995,2531491286218,1519320314,2278980470,493799,
1,-201120,-198720,45443527,1,-198944,1267862235011830725104,2751908837063,1519320314,2278980470,493799,
0,-201120,-198720,45445327,1,-198877,1163359345381092897027,2531491286218,1519320314,2278980470,493800,
1,-201120,-198720,45445327,1,-198877,1268054110139132529136,2751908837063,1519320314,2278980470,493800,
0,-201120,-198720,45447127,1,-198877,1163583665055353804138,2531491286218,1519320314,2278980470,493801,
1,-201120,-198720,45447127,1,-198877,1268278429813393436247,2751908837063,1519320314,2278980470,493801,
0,-201120,-198720,45448927,1,-198877,1163795890463970546323,2531491286218,1519320314,2278980470,493802,
1,-201120,-198720,45448927,1,-198877,1268490655222010178432,2751908837063,1519320314,2278980470,493802,
0,-201120,-198720,45450727,1,-198877,1164062355842425915228,2531491286218,1519320314,2278980470,493803,
1,-201120,-198720,45450727,1,-198877,1268757120600465547337,2751908837063,1519320314,2278980470,493803,
0,-201120,-198720,45452527,1,-198877,1164399408410292513490,2545909252182,1519320314,2278980470,493804,
1,-201120,-198720,45452527,1,-198877,1269094173168332145599,2766326803027,1519320314,2278980470,493804,
0,-201120,-198720,45454327,1,-198877,1164669549187795701489,2545909252182,1519320314,2278980470,493805,
1,-201120,-198720,45454327,1,-198877,1269364313945835333598,2766326803027,1519320314,2278980470,493805,
0,-201120,-198720,45456127,1,-198877,1164812474960197804361,2545909252182,1519320314,2278980470,493806,
1,-201120,-198720,45456127,1,-198877,1269507239718237436470,2766326803027,1519320314,2278980470,493806,
0,-201120,-198720,45457927,1,-198877,1164988411674933972162,2545909252182,1519320314,2278980470,493807,
1,-201120,-198720,45457927,1,-198877,1269683176432973604271,2766326803027,1519320314,2278980470,493807,
0,-201120,-198720,45459727,1,-198877,1165388537249725848293,2545909252182,1519320314,2278980470,493808,
1,-201120,-198720,45459727,1,-198877,1270083302007765480402,2766326803027,1519320314,2278980470,493808,
0,-201120,-198720,45461527,1,-198877,1165540374781308770212,2545909252182,1519320314,2278980470,493809,
1,-201120,-198720,45461527,1,-198877,1270235139539348402321,2766326803027,1519320314,2278980470,493809,
0,-201120,-198720,45463327,1,-198877,1165637360646429042107,2545909252182,1519320314,2278980470,493810,
1,-201120,-198720,45463327,1,-198877,1270332125404468674216,2766326803027,1519320314,2278980470,493810,
0,-201120,-198720,45465127,1,-198877,1165748305813180857766,2545909252182,1519320314,2278980470,493811,
1,-201120,-198720,45465127,1,-198877,1270443070571220489875,2766326803027,1519320314,2278980470,493811,
0,-201120,-198720,45466927,1,-198877,1165958263578528619576,2545909252182,1519320314,2278980470,493812,
1,-201120,-198720,45466927,1,-198877,1270653028336568251685,2766326803027,1519320314,2278980470,493812,
0,-201120,-198720,45468727,1,-198877,1166035936765672577303,2545909252182,1519320314,2278980470,493813,
1,-201120,-198720,45468727,1,-198877,1270730701523712209412,2766326803027,1519320314,2278980470,493813,
0,-201120,-198720,45470527,1,-198877,1166269004569618568758,2545909252182,1519320314,2278980470,493814,
1,-201120,-198720,45470527,1,-198877,1270963769327658200867,2766326803027,1519320314,2278980470,493814,
0,-201120,-198720,45472327,1,-198877,1166428882712460749547,2545909252182,1519320314,2278980470,493815,
1,-201120,-198720,45472327,1,-198877,1271123647470500381656,2766326803027,1519320314,2278980470,493815,
0,-201120,-198720,45474127,1,-198877,1166527470975900385183,2545909252182,1519320314,2278980470,493816,
1,-201120,-198720,45474127,1,-198877,1271222235733940017292,2766326803027,1519320314,2278980470,493816,
0,-201120,-198720,45475927,1,-198877,1166749122966008652120,2545909252182,1519320314,2278980470,493817,
1,-201120,-198720,45475927,1,-198877,1271443887724048284229,2766326803027,1519320314,2278980470,493817,
0,-201120,-198720,45477727,1,-198877,1166932387136153561072,2545909252182,1519320314,2278980470,493818,
1,-201120,-198720,45477727,1,-198877,1271627151894193193181,2766326803027,1519320314,2278980470,493818,
0,-201120,-198720,45479527,1,-198877,1167059326714850820310,2545909252182,1519320314,2278980470,493819,
1,-201120,-198720,45479527,1,-198877,1271754091472890452419,2766326803027,1519320314,2278980470,493819,
0,-201120,-198720,45481327,1,-198877,1167168827547444144510,2545909252182,1519320314,2278980470,493820,
1,-201120,-198720,45481327,1,-198877,1271863592305483776619,2766326803027,1519320314,2278980470,493820,
0,-201120,-198720,45483127,1,-198877,1167278725205714718356,2545909252182,1519320314,2278980470,493821,
1,-201120,-198720,45483127,1,-198877,1271973489963754350465,2766326803027,1519320314,2278980470,493821,
0,-201120,-198720,45484927,1,-198877,1168645019931890780751,2545909252182,1519320314,2278980470,493822,
1,-201120,-198720,45484927,1,-198877,1273339784689930412860,2766326803027,1519320314,2278980470,493822,
0,-201120,-198720,45486727,1,-198877,1169233680221957868367,2545909252182,1519320314,2278980470,493823,
1,-201120,-198720,45486727,1,-198877,1273928444979997500476,2766326803027,1519320314,2278980470,493823,
0,-201120,-198720,45488527,1,-198813,1169795322368408235105,2545909252182,1519320314,2278980470,493824,
1,-201120,-198720,45488527,1,-198813,1274490087126447867214,2766326803027,1519320314,2278980470,493824,
0,-201120,-198720,45490327,1,-198813,1170334974910813464053,2560327218147,1519320314,2278980470,493825,
1,-201120,-198720,45490327,1,-198813,1275029739668853096162,2780744768992,1519320314,2278980470,493825,
0,-201120,-198720,45492127,1,-198813,1171027957042427449921,2560327218147,1519320314,2278980470,493826,
1,-201120,-198720,45492127,1,-198813,1275722721800467082030,2780744768992,1519320314,2278980470,493826,
0,-201120,-198720,45493927,1,-198813,1171462774247427943678,2560327218147,1519320314,2278980470,493827,
1,-201120,-198720,45493927,1,-198813,1276157539005467575787,2780744768992,1519320314,2278980470,493827,
0,-201120,-198720,45495727,1,-198813,1171719795151696025494,2560327218147,1519320314,2278980470,493828,
1,-201120,-198720,45495727,1,-198813,1276414559909735657603,2780744768992,1519320314,2278980470,493828,
0,-201120,-198720,45497527,1,-198813,1171960365618173162551,2560327218147,1519320314,2278980470,493829,
1,-201120,-198720,45497527,1,-198813,1276655130376212794660,2780744768992,1519320314,2278980470,493829,
0,-201120,-198720,45499327,1,-198813,1172053180841532689870,2560327218147,1519320314,2278980470,493830,
1,-201120,-198720,45499327,1,-198813,1276747945599572321979,2780744768992,1519320314,2278980470,493830,
0,-201120,-198720,45501127,1,-198813,1172197728606269902668,2560327218147,1519320314,2278980470,493831,
1,-201120,-198720,45501127,1,-198813,1276892493364309534777,2780744768992,1519320314,2278980470,493831,
0,-201120,-198720,45502927,1,-198813,1172592832663039620577,2560327218147,1519320314,2278980470,493832,
1,-201120,-198720,45502927,1,-198813,1277287597421079252686,2780744768992,1519320314,2278980470,493832,
0,-201120,-198720,45504727,1,-198813,1172763386862721803079,2560327218147,1519320314,2278980470,493833,
1,-201120,-198720,45504727,1,-198813,1277458151620761435188,2780744768992,1519320314,2278980470,493833,
0,-201120,-198720,45506527,1,-198813,1173054093787326354464,2560327218147,1519320314,2278980470,493834,
1,-201120,-198720,45506527,1,-198813,1277748858545365986573,2780744768992,1519320314,2278980470,493834,
0,-201120,-198720,45508327,1,-198813,1173353649118569275493,2560327218147,1519320314,2278980470,493835,
1,-201120,-198720,45508327,1,-198813,1278048413876608907602,2780744768992,1519320314,2278980470,493835,
0,-201120,-198720,45510127,1,-198813,1173847384981035842784,2560327218147,1519320314,2278980470,493836,
1,-201120,-198720,45510127,1,-198813,1278542149739075474893,2780744768992,1519320314,2278980470,493836,
0,-201120,-198720,45511927,1,-198813,1174212696416162298245,2560327218147,1519320314,2278980470,493837,
1,-201120,-198720,45511927,1,-198813,1278907461174201930354,2780744768992,1519320314,2278980470,493837,
0,-201120,-198720,45513727,1,-198813,1174610612682775487648,2560327218147,1519320314,2278980470,493838,
1,-201120,-198720,45513727,1,-198813,1279305377440815119757,2780744768992,1519320314,2278980470,493838,
0,-201120,-198720,45515527,1,-198813,1175187924591831668192,2560327218147,1519320314,2278980470,493839,
1,-201120,-198720,45515527,1,-198813,1279882689349871300301,2780744768992,1519320314,2278980470,493839,
0,-201120,-198720,45517327,1,-198813,1175599065261933208697,2574745184112,1519320314,2278980470,493840,
1,-201120,-198720,45517327,1,-198813,1280293830019972840806,2795162734957,1519320314,2278980470,493840,
0,-201120,-198720,45519127,1,-198813,1176120370250585842329,2574745184112,1519320314,2278980470,493841,
1,-201120,-198720,45519127,1,-198813,1280815135008625474438,2795162734957,1519320314,2278980470,493841,
0,-201120,-198720,45520927,1,-198813,1176532419007437744873,2574745184112,1519320314,2278980470,493842,
1,-201120,-198720,45520927,1,-198813,1281227183765477376982,2795162734957,1519320314,2278980470,493842,
0,-201120,-198720,45522727,1,-198813,1176736657410792685377,2574745184112,1519320314,2278980470,493843,
1,-201120,-198720,45522727,1,-198813,1281431422168832317486,2795162734957,1519320314,2278980470,493843,
0,-201120,-198720,45524527,1,-198813,1176982299425633878569,2574745184112,1519320314,2278980470,493844,
1,-201120,-198720,45524527,1,-198813,1281677064183673510678,2795162734957,1519320314,2278980470,493844,
0,-201120,-198720,45526327,1,-198813,1178085733062994252679,2574745184112,1519320314,2278980470,493845,
1,-201120,-198720,45526327,1,-198813,1282780497821033884788,2795162734957,1519320314,2278980470,493845,
0,-201120,-198720,45528127,1,-198813,1179386392752946987206,2574745184112,1519320314,2278980470,493846,
1,-201120,-198720,45528127,1,-198813,1284081157510986619315,2795162734957,1519320314,2278980470,493846,
0,-201120,-198720,45529927,1,-198813,1180890150601416334724,2574745184112,1519320314,2278980470,493847,
1,-201120,-198720,45529927,1,-198813,1285584915359455966833,2795162734957,1519320314,2278980470,493847,
0,-201120,-198720,45531727,1,-198684,992637414854159374192,2156624171133,1519320314,2278980470,493848,
1,-201120,-198720,45531727,1,-198684,1097332179612199006301,2377041721978,1519320314,2278980470,493848,
0,-201120,-198720,45533527,1,-198684,992637414854159374192,2156624171133,1519320314,2278980470,493849,
1,-201120,-198720,45533527,1,-198684,1097332179612199006301,2377041721978,1519320314,2278980470,493849,
0,-201120,-198720,45535327,1,-198684,1185716367773141546964,2589163150077,1519320314,2278980470,493850,
1,-201120,-198720,45535327,1,-198684,1290411132531181179073,2809580700922,1519320314,2278980470,493850,
0,-201120,-198720,45537127,1,-198684,1185716367773141546964,2589163150077,1519320314,2278980470,493851,
1,-201120,-198720,45537127,1,-198684,1290411132531181179073,2809580700922,1519320314,2278980470,493851,
0,-201120,-198720,45538927,1,-198684,1185716367773141546964,2589163150077,1519320314,2278980470,493852,
1,-201120,-198720,45538927,1,-198684,1290411132531181179073,2809580700922,1519320314,2278980470,493852,
0,-201120,-198720,45540727,1,-198684,1185716367773141546964,2589163150077,1519320314,2278980470,493853,
1,-201120,-198720,45540727,1,-198684,1290411132531181179073,2809580700922,1519320314,2278980470,493853,
0,-201120,-198720,45542527,1,-198684,1185716367773141546964,2589163150077,1519320314,2278980470,493854,
1,-201120,-198720,45542527,1,-198684,1290411132531181179073,2809580700922,1519320314,2278980470,493854,
0,-201120,-198720,45544327,1,-198684,1185716367773141546964,2589163150077,1519320314,2278980470,493855,
1,-201120,-198720,45544327,1,-198684,1290411132531181179073,2809580700922,1519320314,2278980470,493855,
0,-201120,-198720,45546127,1,-198684,1185716367773141546964,2589163150077,1519320314,2278980470,493856,
1,-201120,-198720,45546127,1,-198684,1290411132531181179073,2809580700922,1519320314,2278980470,493856,
0,-201120,-198720,45547927,1,-198684,1185716367773141546964,2589163150077,1519320314,2278980470,493857,
1,-201120,-198720,45547927,1,-198684,1290411132531181179073,2809580700922,1519320314,2278980470,493857,
0,-201120,-198720,45549727,1,-198684,1185716367773141546964,2589163150077,1519320314,2278980470,493858,
1,-201120,-198720,45549727,1,-198684,1290411132531181179073,2809580700922,1519320314,2278980470,493858,
0,-201120,-198720,45551527,1,-198684,992637414854159374192,2156624171133,1519320314,2278980470,493859,
1,-201120,-198720,45551527,1,-198684,1097332179612199006301,2377041721978,1519320314,2278980470,493859,
0,-201120,-198720,45553327,1,-198684,992637414854159374192,2156624171133,1519320314,2278980470,493860,
1,-201120,-198720,45553327,1,-198684,1097332179612199006301,2377041721978,1519320314,2278980470,493860,
0,-201120,-198720,45555127,1,-198684,992637414854159374192,2156624171133,1519320314,2278980470,493861,
1,-201120,-198720,45555127,1,-198684,1097332179612199006301,2377041721978,1519320314,2278980470,493861,
0,-201120,-198720,45556927,1,-198684,992637414854159374192,2156624171133,1519320314,2278980470,493862,
1,-201120,-198720,45556927,1,-198684,1097332179612199006301,2377041721978,1519320314,2278980470,493862,
0,-201120,-198720,45558727,1,-198684,1195314751973693237500,2617999082006,1519320314,2278980470,493863,
1,-201120,-198720,45558727,1,-198684,1300009516731732869609,2838416632851,1519320314,2278980470,493863,
0,-201120,-198720,45560527,1,-198684,1196058578918102489131,2617999082006,1519320314,2278980470,493864,
1,-201120,-198720,45560527,1,-198684,1300753343676142121240,2838416632851,1519320314,2278980470,493864,
0,-201120,-198720,45562327,1,-198684,1196859842064717311865,2617999082006,1519320314,2278980470,493865,
1,-201120,-198720,45562327,1,-198684,1301554606822756943974,2838416632851,1519320314,2278980470,493865,
0,-201120,-198720,45564127,1,-198684,1196859842064717311865,2617999082006,1519320314,2278980470,493866,
1,-201120,-198720,45564127,1,-198684,1301554606822756943974,2838416632851,1519320314,2278980470,493866,
0,-201120,-198720,45565927,1,-198684,1196859842064717311865,2617999082006,1519320314,2278980470,493867,
1,-201120,-198720,45565927,1,-198684,1301554606822756943974,2838416632851,1519320314,2278980470,493867,
0,-201120,-198720,45567727,1,-198684,1196859842064717311865,2617999082006,1519320314,2278980470,493868,
1,-201120,-198720,45567727,1,-198684,1301554606822756943974,2838416632851,1519320314,2278980470,493868,
0,-201120,-198720,45569527,1,-198684,1196859842064717311865,2617999082006,1519320314,2278980470,493869,
1,-201120,-198720,45569527,1,-198684,1301554606822756943974,2838416632851,1519320314,2278980470,493869,
0,-201120,-198720,45571327,1,-198684,1196859842064717311865,2617999082006,1519320314,2278980470,493870,
1,-201120,-198720,45571327,1,-198684,1301554606822756943974,2838416632851,1519320314,2278980470,493870,
0,-201120,-198720,45573127,1,-198684,1196859842064717311865,2617999082006,1519320314,2278980470,493871,
1,-201120,-198720,45573127,1,-198684,1301554606822756943974,2838416632851,1519320314,2278980470,493871,
0,-201120,-198720,45574927,1,-198594,1196859842064717311865,2617999082006,1519320314,2278980470,493872,
1,-201120,-198720,45574927,1,-198594,1301554606822756943974,2838416632851,1519320314,2278980470,493872,
0,-201120,-198720,45576727,1,-198594,1196859842064717311865,2617999082006,1519320314,2278980470,493873,
1,-201120,-198720,45576727,1,-198594,1301554606822756943974,2838416632851,1519320314,2278980470,493873,
0,-201120,-198720,45578527,1,-198594,1196859842064717311865,2617999082006,1519320314,2278980470,493874,
1,-201120,-198720,45578527,1,-198594,1301554606822756943974,2838416632851,1519320314,2278980470,493874,
0,-201120,-198720,45580327,1,-198594,1196859842064717311865,2617999082006,1519320314,2278980470,493875,
1,-201120,-198720,45580327,1,-198594,1301554606822756943974,2838416632851,1519320314,2278980470,493875,
0,-201120,-198720,45582127,1,-198594,1196859842064717311865,2617999082006,1519320314,2278980470,493876,
1,-201120,-198720,45582127,1,-198594,1301554606822756943974,2838416632851,1519320314,2278980470,493876,
0,-201120,-198720,45583927,1,-198594,1196859842064717311865,2617999082006,1519320314,2278980470,493877,
1,-201120,-198720,45583927,1,-198594,1301554606822756943974,2838416632851,1519320314,2278980470,493877,
0,-201120,-198720,45585727,1,-198594,1196859842064717311865,2617999082006,1519320314,2278980470,493878,
1,-201120,-198720,45585727,1,-198594,1301554606822756943974,2838416632851,1519320314,2278980470,493878,
0,-201120,-198720,45587527,1,-198594,1196859842064717311865,2617999082006,1519320314,2278980470,493879,
1,-201120,-198720,45587527,1,-198594,1301554606822756943974,2838416632851,1519320314,2278980470,493879,
0,-201120,-198720,45589327,1,-198594,1196859842064717311865,2617999082006,1519320314,2278980470,493880,
1,-201120,-198720,45589327,1,-198594,1301554606822756943974,2838416632851,1519320314,2278980470,493880,
0,-201120,-198720,45591127,1,-198594,1196859842064717311865,2617999082006,1519320314,2278980470,493881,
1,-201120,-198720,45591127,1,-198594,1301554606822756943974,2838416632851,1519320314,2278980470,493881,
0,-201120,-198720,45592927,1,-198594,1196859842064717311865,2617999082006,1519320314,2278980470,493882,
1,-201120,-198720,45592927,1,-198594,1301554606822756943974,2838416632851,1519320314,2278980470,493882,
0,-201120,-198720,45594727,1,-198594,1196859842064717311865,2617999082006,1519320314,2278980470,493883,
1,-201120,-198720,45594727,1,-198594,1301554606822756943974,2838416632851,1519320314,2278980470,493883,
0,-201120,-198720,45596527,1,-198594,1196859842064717311865,2617999082006,1519320314,2278980470,493884,
1,-201120,-198720,45596527,1,-198594,1301554606822756943974,2838416632851,1519320314,2278980470,493884,
0,-201120,-198720,45598327,1,-198594,1196859842064717311865,2617999082006,1519320314,2278980470,493885,
1,-201120,-198720,45598327,1,-198594,1301554606822756943974,2838416632851,1519320314,2278980470,493885,
0,-201120,-198720,45600127,1,-198594,1196859842064717311865,2617999082006,1519320314,2278980470,493886,
1,-201120,-198720,45600127,1,-198594,1301554606822756943974,2838416632851,1519320314,2278980470,493886,
0,-201120,-198720,45601927,1,-198594,1196859842064717311865,2617999082006,1519320314,2278980470,493887,
1,-201120,-198720,45601927,1,-198594,1301554606822756943974,2838416632851,1519320314,2278980470,493887,
0,-201120,-198720,45603727,1,-198594,1196859842064717311865,2617999082006,1519320314,2278980470,493888,
1,-201120,-198720,45603727,1,-198594,1301554606822756943974,2838416632851,1519320314,2278980470,493888,
0,-201120,-198720,45605527,1,-198594,1196859842064717311865,2617999082006,1519320314,2278980470,493889,
1,-201120,-198720,45605527,1,-198594,1301554606822756943974,2838416632851,1519320314,2278980470,493889,
0,-201120,-198720,45607327,1,-198594,1196859842064717311865,2617999082006,1519320314,2278980470,493890,
1,-201120,-198720,45607327,1,-198594,1301554606822756943974,2838416632851,1519320314,2278980470,493890,
0,-201120,-198720,45609127,1,-198594,1196859842064717311865,2617999082006,1519320314,2278980470,493891,
1,-201120,-198720,45609127,1,-198594,1301554606822756943974,2838416632851,1519320314,2278980470,493891,
0,-201120,-198720,45610927,1,-198594,1196859842064717311865,2617999082006,1519320314,2278980470,493892,
1,-201120,-198720,45610927,1,-198594,1301554606822756943974,2838416632851,1519320314,2278980470,493892,
0,-201120,-198720,45612727,1,-198594,1196859842064717311865,2617999082006,1519320314,2278980470,493893,
1,-201120,-198720,45612727,1,-198594,1301554606822756943974,2838416632851,1519320314,2278980470,493893,
0,-201120,-198720,45614527,1,-198594,1196859842064717311865,2617999082006,1519320314,2278980470,493894,
1,-201120,-198720,45614527,1,-198594,1301554606822756943974,2838416632851,1519320314,2278980470,493894,
0,-201120,-198720,45616327,1,-198594,1196859842064717311865,2617999082006,1519320314,2278980470,493895,
1,-201120,-198720,45616327,1,-198594,1301554606822756943974,2838416632851,1519320314,2278980470,493895,
0,-201120,-198720,45618127,1,-198603,1196859842064717311865,2617999082006,1519320314,2278980470,493896,
1,-201120,-198720,45618127,1,-198603,1301554606822756943974,2838416632851,1519320314,2278980470,493896,
0,-201120,-198720,45619927,1,-198603,1196859842064717311865,2617999082006,1519320314,2278980470,493897,
1,-201120,-198720,45619927,1,-198603,1301554606822756943974,2838416632851,1519320314,2278980470,493897,
0,-201120,-198720,45621727,1,-198603,1196859842064717311865,2617999082006,1519320314,2278980470,493898,
1,-201120,-198720,45621727,1,-198603,1301554606822756943974,2838416632851,1519320314,2278980470,493898,
0,-201120,-198720,45623527,1,-198603,1196859842064717311865,2617999082006,1519320314,2278980470,493899,
1,-201120,-198720,45623527,1,-198603,1301554606822756943974,2838416632851,1519320314,2278980470,493899,
0,-201120,-198720,45625327,1,-198603,1196859842064717311865,2617999082006,1519320314,2278980470,493900,
1,-201120,-198720,45625327,1,-198603,1301554606822756943974,2838416632851,1519320314,2278980470,493900,
0,-201120,-198720,45627127,1,-198603,1196859842064717311865,2617999082006,1519320314,2278980470,493901,
1,-201120,-198720,45627127,1,-198603,1301554606822756943974,2838416632851,1519320314,2278980470,493901,
0,-201120,-198720,45628927,1,-198603,1196859842064717311865,2617999082006,1519320314,2278980470,493902,
1,-201120,-198720,45628927,1,-198603,1301554606822756943974,2838416632851,1519320314,2278980470,493902,
0,-201120,-198720,45630727,1,-198603,1196859842064717311865,2617999082006,1519320314,2278980470,493903,
1,-201120,-198720,45630727,1,-198603,1301554606822756943974,2838416632851,1519320314,2278980470,493903,
0,-201120,-198720,45632527,1,-198603,1196859842064717311865,2617999082006,1519320314,2278980470,493904,
1,-201120,-198720,45632527,1,-198603,1301554606822756943974,2838416632851,1519320314,2278980470,493904,
0,-201120,-198720,45634327,1,-198603,1196859842064717311865,2617999082006,1519320314,2278980470,493905,
1,-201120,-198720,45634327,1,-198603,1301554606822756943974,2838416632851,1519320314,2278980470,493905,
0,-201120,-198720,45636127,1,-198603,1196859842064717311865,2617999082006,1519320314,2278980470,493906,
1,-201120,-198720,45636127,1,-198603,1301554606822756943974,2838416632851,1519320314,2278980470,493906,
0,-201120,-198720,45637927,1,-198603,1196859842064717311865,2617999082006,1519320314,2278980470,493907,
1,-201120,-198720,45637927,1,-198603,1301554606822756943974,2838416632851,1519320314,2278980470,493907,
0,-201120,-198720,45639727,1,-198603,1196859842064717311865,2617999082006,1519320314,2278980470,493908,
1,-201120,-198720,45639727,1,-198603,1301554606822756943974,2838416632851,1519320314,2278980470,493908,
0,-201120,-198720,45641527,1,-198603,1196859842064717311865,2617999082006,1519320314,2278980470,493909,
1,-201120,-198720,45641527,1,-198603,1301554606822756943974,2838416632851,1519320314,2278980470,493909,
0,-201120,-198720,45643327,1,-198603,1196859842064717311865,2617999082006,1519320314,2278980470,493910,
1,-201120,-198720,45643327,1,-198603,1301554606822756943974,2838416632851,1519320314,2278980470,493910,
0,-201120,-198720,45645127,1,-198603,1196859842064717311865,2617999082006,1519320314,2278980470,493911,
1,-201120,-198720,45645127,1,-198603,1301554606822756943974,2838416632851,1519320314,2278980470,493911,
0,-201120,-198720,45646927,1,-198603,1196859842064717311865,2617999082006,1519320314,2278980470,493912,
1,-201120,-198720,45646927,1,-198603,1301554606822756943974,2838416632851,1519320314,2278980470,493912,
0,-201120,-198720,45648727,1,-198603,1196859842064717311865,2617999082006,1519320314,2278980470,493913,
1,-201120,-198720,45648727,1,-198603,1301554606822756943974,2838416632851,1519320314,2278980470,493913,
0,-201120,-198720,45650527,1,-198603,1196859842064717311865,2617999082006,1519320314,2278980470,493914,
1,-201120,-198720,45650527,1,-198603,1301554606822756943974,2838416632851,1519320314,2278980470,493914,
0,-201120,-198720,45652327,1,-198603,1197329090078922119715,2617999082006,1519320314,2278980470,493915,
1,-201120,-198720,45652327,1,-198603,1302023854836961751824,2838416632851,1519320314,2278980470,493915,
0,-201120,-198720,45654127,1,-198603,1197469157561661527538,2617999082006,1519320314,2278980470,493916,
1,-201120,-198720,45654127,1,-198603,1302163922319701159647,2838416632851,1519320314,2278980470,493916,
0,-201120,-198720,45655927,1,-198603,1197469157561661527538,2617999082006,1519320314,2278980470,493917,
1,-201120,-198720,45655927,1,-198603,1302163922319701159647,2838416632851,1519320314,2278980470,493917,
0,-201120,-198720,45657727,1,-198603,1197469157561661527538,2617999082006,1519320314,2278980470,493918,
1,-201120,-198720,45657727,1,-198603,1302163922319701159647,2838416632851,1519320314,2278980470,493918,
0,-201120,-198720,45659527,1,-198603,1197469157561661527538,2617999082006,1519320314,2278980470,493919,
1,-201120,-198720,45659527,1,-198603,1302163922319701159647,2838416632851,1519320314,2278980470,493919,
0,-201120,-198720,45661327,1,-198854,992637414854159374192,2156624171133,1519320314,2278980470,493920,
1,-201120,-198720,45661327,1,-198854,1097332179612199006301,2377041721978,1519320314,2278980470,493920,
0,-201120,-198720,45663127,1,-198854,1198924065063403454290,2617999082006,1519320314,2278980470,493921,
1,-201120,-198720,45663127,1,-198854,1303618829821443086399,2838416632851,1519320314,2278980470,493921,
0,-201120,-198720,45664927,1,-198854,1200720489656172984736,2632417047971,1519320314,2278980470,493922,
1,-201120,-198720,45664927,1,-198854,1305415254414212616845,2852834598816,1519320314,2278980470,493922,
0,-201120,-198720,45666727,1,-198854,1201700158666285279921,2632417047971,1519320314,2278980470,493923,
1,-201120,-198720,45666727,1,-198854,1306394923424324912030,2852834598816,1519320314,2278980470,493923,
0,-201120,-198720,45668527,1,-198854,1202276774461526713159,2632417047971,1519320314,2278980470,493924,
1,-201120,-198720,45668527,1,-198854,1306971539219566345268,2852834598816,1519320314,2278980470,493924,
0,-201120,-198720,45670327,1,-198854,1202656588582585994388,2632417047971,1519320314,2278980470,493925,
1,-201120,-198720,45670327,1,-198854,1307351353340625626497,2852834598816,1519320314,2278980470,493925,
0,-201120,-198720,45672127,1,-198854,1202944114110910579186,2632417047971,1519320314,2278980470,493926,
1,-201120,-198720,45672127,1,-198854,1307638878868950211295,2852834598816,1519320314,2278980470,493926,
0,-201120,-198720,45673927,1,-198854,1203624407019514861977,2632417047971,1519320314,2278980470,493927,
1,-201120,-198720,45673927,1,-198854,1308319171777554494086,2852834598816,1519320314,2278980470,493927,
0,-201120,-198720,45675727,1,-198854,1204136721325040985155,2632417047971,1519320314,2278980470,493928,
1,-201120,-198720,45675727,1,-198854,1308831486083080617264,2852834598816,1519320314,2278980470,493928,
0,-201120,-198720,45677527,1,-198854,1205177699073255307472,2632417047971,1519320314,2278980470,493929,
1,-201120,-198720,45677527,1,-198854,1309872463831294939581,2852834598816,1519320314,2278980470,493929,
0,-201120,-198720,45679327,1,-198854,1205915078591644412458,2632417047971,1519320314,2278980470,493930,
1,-201120,-198720,45679327,1,-198854,1310609843349684044567,2852834598816,1519320314,2278980470,493930,
0,-201120,-198720,45681127,1,-198854,1206803290161505984990,2646835013936,1519320314,2278980470,493931,
1,-201120,-198720,45681127,1,-198854,1311498054919545617099,2867252564781,1519320314,2278980470,493931,
0,-201120,-198720,45682927,1,-198854,1207183140327480178260,2646835013936,1519320314,2278980470,493932,
1,-201120,-198720,45682927,1,-198854,1311877905085519810369,2867252564781,1519320314,2278980470,493932,
0,-201120,-198720,45684727,1,-198854,1207661860873234040732,2646835013936,1519320314,2278980470,493933,
1,-201120,-198720,45684727,1,-198854,1312356625631273672841,2867252564781,1519320314,2278980470,493933,
0,-201120,-198720,45686527,1,-198854,1210000188278028792897,2646835013936,1519320314,2278980470,493934,
1,-201120,-198720,45686527,1,-198854,1314694953036068425006,2867252564781,1519320314,2278980470,493934,
0,-201120,-198720,45688327,1,-198854,1212918078640069880478,2646835013936,1519320314,2278980470,493935,
1,-201120,-198720,45688327,1,-198854,1317612843398109512587,2867252564781,1519320314,2278980470,493935,
0,-201120,-198720,45690127,1,-198854,1214760475364275173265,2661252979901,1519320314,2278980470,493936,
1,-201120,-198720,45690127,1,-198854,1319455240122314805374,2881670530746,1519320314,2278980470,493936,
0,-201120,-198720,45691927,1,-198854,1215996658530405784861,2661252979901,1519320314,2278980470,493937,
1,-201120,-198720,45691927,1,-198854,1320691423288445416970,2881670530746,1519320314,2278980470,493937,
0,-201120,-198720,45693727,1,-198854,1217603070148267697150,2661252979901,1519320314,2278980470,493938,
1,-201120,-198720,45693727,1,-198854,1322297834906307329259,2881670530746,1519320314,2278980470,493938,
0,-201120,-198720,45695527,1,-198854,1218569520464406163300,2661252979901,1519320314,2278980470,493939,
1,-201120,-198720,45695527,1,-198854,1323264285222445795409,2881670530746,1519320314,2278980470,493939,
0,-201120,-198720,45697327,1,-198854,1219639386222243183549,2661252979901,1519320314,2278980470,493940,
1,-201120,-198720,45697327,1,-198854,1324334150980282815658,2881670530746,1519320314,2278980470,493940,
0,-201120,-198720,45699127,1,-198854,1220460297826843675062,2661252979901,1519320314,2278980470,493941,
1,-201120,-198720,45699127,1,-198854,1325155062584883307171,2881670530746,1519320314,2278980470,493941,
0,-201120,-198720,45700927,1,-198854,1221149284826596606065,2675670945866,1519320314,2278980470,493942,
1,-201120,-198720,45700927,1,-198854,1325844049584636238174,2896088496711,1519320314,2278980470,493942,
0,-201120,-198720,45702727,1,-198854,1222011566809271801365,2675670945866,1519320314,2278980470,493943,
1,-201120,-198720,45702727,1,-198854,1326706331567311433474,2896088496711,1519320314,2278980470,493943,
0,-201120,-198720,45704527,1,-198959,1222370274614134847357,2675670945866,1519320314,2278980470,493944,
1,-201120,-198720,45704527,1,-198959,1327065039372174479466,2896088496711,1519320314,2278980470,493944,
0,-201120,-198720,45706327,1,-198959,1222950304035834042481,2675670945866,1519320314,2278980470,493945,
1,-201120,-198720,45706327,1,-198959,1327645068793873674590,2896088496711,1519320314,2278980470,493945,
0,-201120,-198720,45708127,1,-198959,1223582123930298169718,2675670945866,1519320314,2278980470,493946,
1,-201120,-198720,45708127,1,-198959,1328276888688337801827,2896088496711,1519320314,2278980470,493946,
0,-201120,-198720,45709927,1,-198959,1225253490373585121761,2675670945866,1519320314,2278980470,493947,
1,-201120,-198720,45709927,1,-198959,1329948255131624753870,2896088496711,1519320314,2278980470,493947,
0,-201120,-198720,45711727,1,-198959,1226110376273900358870,2675670945866,1519320314,2278980470,493948,
1,-201120,-198720,45711727,1,-198959,1330805141031939990979,2896088496711,1519320314,2278980470,493948,
0,-201120,-198720,45713527,1,-198959,1226406904235993715448,2675670945866,1519320314,2278980470,493949,
1,-201120,-198720,45713527,1,-198959,1331101668994033347557,2896088496711,1519320314,2278980470,493949,
0,-201120,-198720,45715327,1,-198959,1226869586308498145861,2675670945866,1519320314,2278980470,493950,
1,-201120,-198720,45715327,1,-198959,1331564351066537777970,2896088496711,1519320314,2278980470,493950,
0,-201120,-198720,45717127,1,-198959,1227785214592227570658,2675670945866,1519320314,2278980470,493951,
1,-201120,-198720,45717127,1,-198959,1332479979350267202767,2896088496711,1519320314,2278980470,493951,
0,-201120,-198720,45718927,1,-198959,1228285357539245515038,2690088911830,1519320314,2278980470,493952,
1,-201120,-198720,45718927,1,-198959,1332980122297285147147,2910506462675,1519320314,2278980470,493952,
0,-201120,-198720,45720727,1,-198959,1228536495206919619444,2690088911830,1519320314,2278980470,493953,
1,-201120,-198720,45720727,1,-198959,1333231259964959251553,2910506462675,1519320314,2278980470,493953,
0,-201120,-198720,45722527,1,-198959,1229213578979077419341,2690088911830,1519320314,2278980470,493954,
1,-201120,-198720,45722527,1,-198959,1333908343737117051450,2910506462675,1519320314,2278980470,493954,
0,-201120,-198720,45724327,1,-198959,1229647622213246955782,2690088911830,1519320314,2278980470,493955,
1,-201120,-198720,45724327,1,-198959,1334342386971286587891,2910506462675,1519320314,2278980470,493955,
0,-201120,-198720,45726127,1,-198959,1230167453426254597801,2690088911830,1519320314,2278980470,493956,
1,-201120,-198720,45726127,1,-198959,1334862218184294229910,2910506462675,1519320314,2278980470,493956,
0,-201120,-198720,45727927,1,-198959,1231604054566372690717,2690088911830,1519320314,2278980470,493957,
1,-201120,-198720,45727927,1,-198959,1336298819324412322826,2910506462675,1519320314,2278980470,493957,
0,-201120,-198720,45729727,1,-198959,1233069075247563352746,2690088911830,1519320314,2278980470,493958,
1,-201120,-198720,45729727,1,-198959,1337763840005602984855,2910506462675,1519320314,2278980470,493958,
0,-201120,-198720,45731527,1,-198959,1234952948091205735284,2704506877796,1519320314,2278980470,493959,
1,-201120,-198720,45731527,1,-198959,1339647712849245367393,2924924428641,1519320314,2278980470,493959,
0,-201120,-198720,45733327,1,-198959,1236323739694458428159,2704506877796,1519320314,2278980470,493960,
1,-201120,-198720,45733327,1,-198959,1341018504452498060268,2924924428641,1519320314,2278980470,493960,
0,-201120,-198720,45735127,1,-198959,1237169758442212765876,2704506877796,1519320314,2278980470,493961,
1,-201120,-198720,45735127,1,-198959,1341864523200252397985,2924924428641,1519320314,2278980470,493961,
0,-201120,-198720,45736927,1,-198959,1238649562902000703737,2704506877796,1519320314,2278980470,493962,
1,-201120,-198720,45736927,1,-198959,1343344327660040335846,2924924428641,1519320314,2278980470,493962,
0,-201120,-198720,45738727,1,-198959,1239528982295291169409,2718924843760,1519320314,2278980470,493963,
1,-201120,-198720,45738727,1,-198959,1344223747053330801518,2939342394605,1519320314,2278980470,493963,
0,-201120,-198720,45740527,1,-198959,1240086323129955252438,2718924843760,1519320314,2278980470,493964,
1,-201120,-198720,45740527,1,-198959,1344781087887994884547,2939342394605,1519320314,2278980470,493964,
0,-201120,-198720,45742327,1,-198959,1240679074950403835683,2718924843760,1519320314,2278980470,493965,
1,-201120,-198720,45742327,1,-198959,1345373839708443467792,2939342394605,1519320314,2278980470,493965,
0,-201120,-198720,45744127,1,-198959,1241014253831503476217,2718924843760,1519320314,2278980470,493966,
1,-201120,-198720,45744127,1,-198959,1345709018589543108326,2939342394605,1519320314,2278980470,493966,
0,-201120,-198720,45745927,1,-198959,1241504025099360902124,2718924843760,1519320314,2278980470,493967,
1,-201120,-198720,45745927,1,-198959,1346198789857400534233,2939342394605,1519320314,2278980470,493967,
0,-201120,-198720,45747727,1,-198834,1242003371064474209342,2718924843760,1519320314,2278980470,493968,
1,-201120,-198720,45747727,1,-198834,1346698135822513841451,2939342394605,1519320314,2278980470,493968,
0,-201120,-198720,45749527,1,-198834,1242227364359239570901,2718924843760,1519320314,2278980470,493969,
1,-201120,-198720,45749527,1,-198834,1346922129117279203010,2939342394605,1519320314,2278980470,493969,
0,-201120,-198720,45751327,1,-198834,1242521658790971419859,2718924843760,1519320314,2278980470,493970,
1,-201120,-198720,45751327,1,-198834,1347216423549011051968,2939342394605,1519320314,2278980470,493970,
0,-201120,-198720,45753127,1,-198834,1242714800017536458288,2718924843760,1519320314,2278980470,493971,
1,-201120,-198720,45753127,1,-198834,1347409564775576090397,2939342394605,1519320314,2278980470,493971,
0,-201120,-198720,45754927,1,-198834,1243094079491581832191,2718924843760,1519320314,2278980470,493972,
1,-201120,-198720,45754927,1,-198834,1347788844249621464300,2939342394605,1519320314,2278980470,493972,
0,-201120,-198720,45756727,1,-198834,1243760909811900025111,2718924843760,1519320314,2278980470,493973,
1,-201120,-198720,45756727,1,-198834,1348455674569939657220,2939342394605,1519320314,2278980470,493973,
0,-201120,-198720,45758527,1,-198834,1243980589957729045848,2718924843760,1519320314,2278980470,493974,
1,-201120,-198720,45758527,1,-198834,1348675354715768677957,2939342394605,1519320314,2278980470,493974,
0,-201120,-198720,45760327,1,-198834,1244314048025754853601,2718924843760,1519320314,2278980470,493975,
1,-201120,-198720,45760327,1,-198834,1349008812783794485710,2939342394605,1519320314,2278980470,493975,
0,-201120,-198720,45762127,1,-198834,1244564371842504142009,2718924843760,1519320314,2278980470,493976,
1,-201120,-198720,45762127,1,-198834,1349259136600543774118,2939342394605,1519320314,2278980470,493976,
0,-201120,-198720,45763927,1,-198834,1244723921111542665334,2733342809725,1519320314,2278980470,493977,
1,-201120,-198720,45763927,1,-198834,1349418685869582297443,2953760360570,1519320314,2278980470,493977,
0,-201120,-198720,45765727,1,-198834,1245121407535336545663,2733342809725,1519320314,2278980470,493978,
1,-201120,-198720,45765727,1,-198834,1349816172293376177772,2953760360570,1519320314,2278980470,493978,
0,-201120,-198720,45767527,1,-198834,1245351793669702911072,2733342809725,1519320314,2278980470,493979,
1,-201120,-198720,45767527,1,-198834,1350046558427742543181,2953760360570,1519320314,2278980470,493979,
0,-201120,-198720,45769327,1,-198834,1245386358897603915151,2733342809725,1519320314,2278980470,493980,
1,-201120,-198720,45769327,1,-198834,1350081123655643547260,2953760360570,1519320314,2278980470,493980,
0,-201120,-198720,45771127,1,-198834,1245547902690382147331,2733342809725,1519320314,2278980470,493981,
1,-201120,-198720,45771127,1,-198834,1350242667448421779440,2953760360570,1519320314,2278980470,493981,
0,-201120,-198720,45772927,1,-198834,1245706338214803786475,2733342809725,1519320314,2278980470,493982,
1,-201120,-198720,45772927,1,-198834,1350401102972843418584,2953760360570,1519320314,2278980470,493982,
0,-201120,-198720,45774727,1,-198834,1246321823894700611337,2733342809725,1519320314,2278980470,493983,
1,-201120,-198720,45774727,1,-198834,1351016588652740243446,2953760360570,1519320314,2278980470,493983,
0,-201120,-198720,45776527,1,-198834,1246792471778056875152,2733342809725,1519320314,2278980470,493984,
1,-201120,-198720,45776527,1,-198834,1351487236536096507261,2953760360570,1519320314,2278980470,493984,
0,-201120,-198720,45778327,1,-198834,1247162745689634862911,2733342809725,1519320314,2278980470,493985,
1,-201120,-198720,45778327,1,-198834,1351857510447674495020,2953760360570,1519320314,2278980470,493985,
0,-201120,-198720,45780127,1,-198834,1247759738410592337284,2733342809725,1519320314,2278980470,493986,
1,-201120,-198720,45780127,1,-198834,1352454503168631969393,2953760360570,1519320314,2278980470,493986,
0,-201120,-198720,45781927,1,-198834,1248177573572978797530,2733342809725,1519320314,2278980470,493987,
1,-201120,-198720,45781927,1,-198834,1352872338331018429639,2953760360570,1519320314,2278980470,493987,
0,-201120,-198720,45783727,1,-198834,1248458319946722317185,2733342809725,1519320314,2278980470,493988,
1,-201120,-198720,45783727,1,-198834,1353153084704761949294,2953760360570,1519320314,2278980470,493988,
0,-201120,-198720,45785527,1,-198834,1248638603461927387690,2733342809725,1519320314,2278980470,493989,
1,-201120,-198720,45785527,1,-198834,1353333368219967019799,2953760360570,1519320314,2278980470,493989,
0,-201120,-198720,45787327,1,-198834,1248676940833427834782,2733342809725,1519320314,2278980470,493990,
1,-201120,-198720,45787327,1,-198834,1353371705591467466891,2953760360570,1519320314,2278980470,493990,
0,-201120,-198720,45789127,1,-198834,1248899753599557963130,2733342809725,1519320314,2278980470,493991,
1,-201120,-198720,45789127,1,-198834,1353594518357597595239,2953760360570,1519320314,2278980470,493991,
0,-201120,-198720,45790927,1,-198723,1249166730267922376358,2733342809725,1519320314,2278980470,493992,
1,-201120,-198720,45790927,1,-198723,1353861495025962008467,2953760360570,1519320314,2278980470,493992,
0,-201120,-198720,45792727,1,-198723,1249678686935802742263,2733342809725,1519320314,2278980470,493993,
1,-201120,-198720,45792727,1,-198723,1354373451693842374372,2953760360570,1519320314,2278980470,493993,
0,-201120,-198720,45794527,1,-198723,1249943428386903629988,2733342809725,1519320314,2278980470,493994,
1,-201120,-198720,45794527,1,-198723,1354638193144943262097,2953760360570,1519320314,2278980470,493994,
0,-201120,-198720,45796327,1,-198723,1250116318758447023639,2733342809725,1519320314,2278980470,493995,
1,-201120,-198720,45796327,1,-198723,1354811083516486655748,2953760360570,1519320314,2278980470,493995,
0,-201120,-198720,45798127,1,-198723,1250478997732511690972,2747760775690,1519320314,2278980470,493996,
1,-201120,-198720,45798127,1,-198723,1355173762490551323081,2968178326535,1519320314,2278980470,493996,
0,-201120,-198720,45799927,1,-198723,1250674308704356808673,2747760775690,1519320314,2278980470,493997,
1,-201120,-198720,45799927,1,-198723,1355369073462396440782,2968178326535,1519320314,2278980470,493997,
0,-201120,-198720,45801727,1,-198723,1250821373845951478433,2747760775690,1519320314,2278980470,493998,
1,-201120,-198720,45801727,1,-198723,1355516138603991110542,2968178326535,1519320314,2278980470,493998,
0,-201120,-198720,45803527,1,-198723,1250826286335315010714,2747760775690,1519320314,2278980470,493999,
1,-201120,-198720,45803527,1,-198723,1355521051093354642823,2968178326535,1519320314,2278980470,493999,
0,-201120,-198720,45805327,1,-198723,1250988184190083440893,2747760775690,1519320314,2278980470,494000,
1,-201120,-198720,45805327,1,-198723,1355682948948123073002,2968178326535,1519320314,2278980470,494000,
0,-201120,-198720,45807127,1,-198723,1251199720117149779589,2747760775690,1519320314,2278980470,494001,
1,-201120,-198720,45807127,1,-198723,1355894484875189411698,2968178326535,1519320314,2278980470,494001,
0,-201120,-198720,45808927,1,-198723,1251434457262031109429,2747760775690,1519320314,2278980470,494002,
1,-201120,-198720,45808927,1,-198723,1356129222020070741538,2968178326535,1519320314,2278980470,494002,
0,-201120,-198720,45810727,1,-198723,1251806120171614215681,2747760775690,1519320314,2278980470,494003,
1,-201120,-198720,45810727,1,-198723,1356500884929653847790,2968178326535,1519320314,2278980470,494003,
0,-201120,-198720,45812527,1,-198723,1252174936268235534879,2747760775690,1519320314,2278980470,494004,
1,-201120,-198720,45812527,1,-198723,1356869701026275166988,2968178326535,1519320314,2278980470,494004,
0,-201120,-198720,45814327,1,-198723,1252266968653715036520,2747760775690,1519320314,2278980470,494005,
1,-201120,-198720,45814327,1,-198723,1356961733411754668629,2968178326535,1519320314,2278980470,494005,
0,-201120,-198720,45816127,1,-198723,1252391076010432065098,2747760775690,1519320314,2278980470,494006,
1,-201120,-198720,45816127,1,-198723,1357085840768471697207,2968178326535,1519320314,2278980470,494006,
0,-201120,-198720,45817927,1,-198723,1252813102288090939961,2747760775690,1519320314,2278980470,494007,
1,-201120,-198720,45817927,1,-198723,1357507867046130572070,2968178326535,1519320314,2278980470,494007,
0,-201120,-198720,45819727,1,-198723,992637414854159374192,2156624171133,1519320314,2278980470,494008,
1,-201120,-198720,45819727,1,-198723,1097332179612199006301,2377041721978,1519320314,2278980470,494008,
0,-201120,-198720,45821527,1,-198723,992637414854159374192,2156624171133,1519320314,2278980470,494009,
1,-201120,-198720,45821527,1,-198723,1097332179612199006301,2377041721978,1519320314,2278980470,494009,
0,-201120,-198720,45823327,1,-198723,992637414854159374192,2156624171133,1519320314,2278980470,494010,
1,-201120,-198720,45823327,1,-198723,1097332179612199006301,2377041721978,1519320314,2278980470,494010,
0,-201120,-198720,45825127,1,-198723,992637414854159374192,2156624171133,1519320314,2278980470,494011,
1,-201120,-198720,45825127,1,-198723,1097332179612199006301,2377041721978,1519320314,2278980470,494011,
0,-201120,-198720,45826927,1,-198723,992637414854159374192,2156624171133,1519320314,2278980470,494012,
1,-201120,-198720,45826927,1,-198723,1097332179612199006301,2377041721978,1519320314,2278980470,494012,
0,-201120,-198720,45828727,1,-198723,1255525247035869023014,2747760775690,1519320314,2278980470,494013,
1,-201120,-198720,45828727,1,-198723,1360220011793908655123,2968178326535,1519320314,2278980470,494013,
0,-201120,-198720,45830527,1,-198723,1256927194796642202964,2762178741654,1519320314,2278980470,494014,
1,-201120,-198720,45830527,1,-198723,1361621959554681835073,2982596292499,1519320314,2278980470,494014,
0,-201120,-198720,45832327,1,-198723,992637414854159374192,2156624171133,1519320314,2278980470,494015,
1,-201120,-198720,45832327,1,-198723,1097332179612199006301,2377041721978,1519320314,2278980470,494015,
0,-201120,-198720,45834127,1,-198746,992637414854159374192,2156624171133,1519320314,2278980470,494016,
1,-201120,-198720,45834127,1,-198746,1097332179612199006301,2377041721978,1519320314,2278980470,494016,
0,-201120,-198720,45835927,1,-198746,992637414854159374192,2156624171133,1519320314,2278980470,494017,
1,-201120,-198720,45835927,1,-198746,1097332179612199006301,2377041721978,1519320314,2278980470,494017,
0,-201120,-198720,45837727,1,-198746,992637414854159374192,2156624171133,1519320314,2278980470,494018,
1,-201120,-198720,45837727,1,-198746,1097332179612199006301,2377041721978,1519320314,2278980470,494018,
0,-201120,-198720,45839527,1,-198746,992637414854159374192,2156624171133,1519320314,2278980470,494019,
1,-201120,-198720,45839527,1,-198746,1097332179612199006301,2377041721978,1519320314,2278980470,494019,
0,-201120,-198720,45841327,1,-198746,1259523603907550898320,2762178741654,1519320314,2278980470,494020,
1,-201120,-198720,45841327,1,-198746,1364218368665590530429,2982596292499,1519320314,2278980470,494020,
0,-201120,-198720,45843127,1,-198746,1259917396707987980027,2762178741654,1519320314,2278980470,494021,
1,-201120,-198720,45843127,1,-198746,1364612161466027612136,2982596292499,1519320314,2278980470,494021,
0,-201120,-198720,45844927,1,-198746,1260274352182103594151,2762178741654,1519320314,2278980470,494022,
1,-201120,-198720,45844927,1,-198746,1364969116940143226260,2982596292499,1519320314,2278980470,494022,
0,-201120,-198720,45846727,1,-198746,1260973033533811948477,2762178741654,1519320314,2278980470,494023,
1,-201120,-198720,45846727,1,-198746,1365667798291851580586,2982596292499,1519320314,2278980470,494023,
0,-201120,-198720,45848527,1,-198746,1261347238071271264513,2762178741654,1519320314,2278980470,494024,
1,-201120,-198720,45848527,1,-198746,1366042002829310896622,2982596292499,1519320314,2278980470,494024,
0,-201120,-198720,45850327,1,-198746,1261908283054407300481,2762178741654,1519320314,2278980470,494025,
1,-201120,-198720,45850327,1,-198746,1366603047812446932590,2982596292499,1519320314,2278980470,494025,
0,-201120,-198720,45852127,1,-198746,1262193424456715875151,2762178741654,1519320314,2278980470,494026,
1,-201120,-198720,45852127,1,-198746,1366888189214755507260,2982596292499,1519320314,2278980470,494026,
0,-201120,-198720,45853927,1,-198746,1262801490910850592806,2776596707619,1519320314,2278980470,494027,
1,-201120,-198720,45853927,1,-198746,1367496255668890224915,2997014258464,1519320314,2278980470,494027,
0,-201120,-198720,45855727,1,-198746,1263058803360808449177,2776596707619,1519320314,2278980470,494028,
1,-201120,-198720,45855727,1,-198746,1367753568118848081286,2997014258464,1519320314,2278980470,494028,
0,-201120,-198720,45857527,1,-198746,1264574800274554146272,2776596707619,1519320314,2278980470,494029,
1,-201120,-198720,45857527,1,-198746,1369269565032593778381,2997014258464,1519320314,2278980470,494029,
0,-201120,-198720,45859327,1,-198746,1266317931552294367921,2776596707619,1519320314,2278980470,494030,
1,-201120,-198720,45859327,1,-198746,1371012696310334000030,2997014258464,1519320314,2278980470,494030,
0,-201120,-198720,45861127,1,-198746,1268581901397488261388,2776596707619,1519320314,2278980470,494031,
1,-201120,-198720,45861127,1,-198746,1373276666155527893497,2997014258464,1519320314,2278980470,494031,
0,-201120,-198720,45862927,1,-198746,1269433418133785996619,2791014673584,1519320314,2278980470,494032,
1,-201120,-198720,45862927,1,-198746,1374128182891825628728,3011432224429,1519320314,2278980470,494032,
0,-201120,-198720,45864727,1,-198746,1270517629940773600869,2791014673584,1519320314,2278980470,494033,
1,-201120,-198720,45864727,1,-198746,1375212394698813232978,3011432224429,1519320314,2278980470,494033,
0,-201120,-198720,45866527,1,-198746,1271353156677023477754,2791014673584,1519320314,2278980470,494034,
1,-201120,-198720,45866527,1,-198746,1376047921435063109863,3011432224429,1519320314,2278980470,494034,
0,-201120,-198720,45868327,1,-198746,1272292377943539089691,2791014673584,1519320314,2278980470,494035,
1,-201120,-198720,45868327,1,-198746,1376987142701578721800,3011432224429,1519320314,2278980470,494035,
0,-201120,-198720,45870127,1,-198746,1272813350266463017112,2791014673584,1519320314,2278980470,494036,
1,-201120,-198720,45870127,1,-198746,1377508115024502649221,3011432224429,1519320314,2278980470,494036,
0,-201120,-198720,45871927,1,-198746,1273462748357597891091,2791014673584,1519320314,2278980470,494037,
1,-201120,-198720,45871927,1,-198746,1378157513115637523200,3011432224429,1519320314,2278980470,494037,
0,-201120,-198720,45873727,1,-198746,1273708772780150369112,2791014673584,1519320314,2278980470,494038,
1,-201120,-198720,45873727,1,-198746,1378403537538190001221,3011432224429,1519320314,2278980470,494038,
0,-201120,-198720,45875527,1,-198746,1274256404498861880846,2791014673584,1519320314,2278980470,494039,
1,-201120,-198720,45875527,1,-198746,1378951169256901512955,3011432224429,1519320314,2278980470,494039,
0,-201120,-198720,45877327,1,-198960,1274578687201468359326,2805432639549,1519320314,2278980470,494040,
1,-201120,-198720,45877327,1,-198960,1379273451959507991435,3025850190394,1519320314,2278980470,494040,
0,-201120,-198720,45879127,1,-198960,1275156178686290631659,2805432639549,1519320314,2278980470,494041,
1,-201120,-198720,45879127,1,-198960,1379850943444330263768,3025850190394,1519320314,2278980470,494041,
0,-201120,-198720,45880927,1,-198960,1277937284262501146804,2805432639549,1519320314,2278980470,494042,
1,-201120,-198720,45880927,1,-198960,1382632049020540778913,3025850190394,1519320314,2278980470,494042,
0,-201120,-198720,45882727,1,-198960,1278651794623249396334,2805432639549,1519320314,2278980470,494043,
1,-201120,-198720,45882727,1,-198960,1383346559381289028443,3025850190394,1519320314,2278980470,494043,
0,-201120,-198720,45884527,1,-198960,1279265042447394924132,2805432639549,1519320314,2278980470,494044,
1,-201120,-198720,45884527,1,-198960,1383959807205434556241,3025850190394,1519320314,2278980470,494044,
0,-201120,-198720,45886327,1,-198960,1279557701132052132727,2805432639549,1519320314,2278980470,494045,
1,-201120,-198720,45886327,1,-198960,1384252465890091764836,3025850190394,1519320314,2278980470,494045,
0,-201120,-198720,45888127,1,-198960,1280111471213265369301,2805432639549,1519320314,2278980470,494046,
1,-201120,-198720,45888127,1,-198960,1384806235971305001410,3025850190394,1519320314,2278980470,494046,
0,-201120,-198720,45889927,1,-198960,1280706893197756738668,2805432639549,1519320314,2278980470,494047,
1,-201120,-198720,45889927,1,-198960,1385401657955796370777,3025850190394,1519320314,2278980470,494047,
0,-201120,-198720,45891727,1,-198960,1282134051103632617471,2805432639549,1519320314,2278980470,494048,
1,-201120,-198720,45891727,1,-198960,1386828815861672249580,3025850190394,1519320314,2278980470,494048,
0,-201120,-198720,45893527,1,-198960,1283553905415833426894,2819850605514,1519320314,2278980470,494049,
1,-201120,-198720,45893527,1,-198960,1388248670173873059003,3040268156359,1519320314,2278980470,494049,
0,-201120,-198720,45895327,1,-198960,1284122698166922010343,2819850605514,1519320314,2278980470,494050,
1,-201120,-198720,45895327,1,-198960,1388817462924961642452,3040268156359,1519320314,2278980470,494050,
0,-201120,-198720,45897127,1,-198960,1284790660499419964866,2819850605514,1519320314,2278980470,494051,
1,-201120,-198720,45897127,1,-198960,1389485425257459596975,3040268156359,1519320314,2278980470,494051,
0,-201120,-198720,45898927,1,-198960,1285582072080578483917,2819850605514,1519320314,2278980470,494052,
1,-201120,-198720,45898927,1,-198960,1390276836838618116026,3040268156359,1519320314,2278980470,494052,
0,-201120,-198720,45900727,1,-198960,1286903632587458557151,2819850605514,1519320314,2278980470,494053,
1,-201120,-198720,45900727,1,-198960,1391598397345498189260,3040268156359,1519320314,2278980470,494053,
0,-201120,-198720,45902527,1,-198960,1289229239265987973114,2819850605514,1519320314,2278980470,494054,
1,-201120,-198720,45902527,1,-198960,1393924004024027605223,3040268156359,1519320314,2278980470,494054,
0,-201120,-198720,45904327,1,-198960,1291845317366065871150,2834268571479,1519320314,2278980470,494055,
1,-201120,-198720,45904327,1,-198960,1396540082124105503259,3054686122324,1519320314,2278980470,494055,
0,-201120,-198720,45906127,1,-198960,1293611761990142392322,2834268571479,1519320314,2278980470,494056,
1,-201120,-198720,45906127,1,-198960,1398306526748182024431,3054686122324,1519320314,2278980470,494056,
0,-201120,-198720,45907927,1,-198960,1295139385969763130427,2834268571479,1519320314,2278980470,494057,
1,-201120,-198720,45907927,1,-198960,1399834150727802762536,3054686122324,1519320314,2278980470,494057,
0,-201120,-198720,45909727,1,-198960,1295397578348183819550,2834268571479,1519320314,2278980470,494058,
1,-201120,-198720,45909727,1,-198960,1400092343106223451659,3054686122324,1519320314,2278980470,494058,
0,-201120,-198720,45911527,1,-198960,1295951371772083953161,2834268571479,1519320314,2278980470,494059,
1,-201120,-198720,45911527,1,-198960,1400646136530123585270,3054686122324,1519320314,2278980470,494059,
0,-201120,-198720,45913327,1,-198960,1296348883585915897532,2848686537443,1519320314,2278980470,494060,
1,-201120,-198720,45913327,1,-198960,1401043648343955529641,3069104088288,1519320314,2278980470,494060,
0,-201120,-198720,45915127,1,-198960,1296722906312824397232,2848686537443,1519320314,2278980470,494061,
1,-201120,-198720,45915127,1,-198960,1401417671070864029341,3069104088288,1519320314,2278980470,494061,
0,-201120,-198720,45916927,1,-198960,1296978026309205779746,2848686537443,1519320314,2278980470,494062,
1,-201120,-198720,45916927,1,-198960,1401672791067245411855,3069104088288,1519320314,2278980470,494062,
0,-201120,-198720,45918727,1,-198960,1297509445212623412861,2848686537443,1519320314,2278980470,494063,
1,-201120,-198720,45918727,1,-198960,1402204209970663044970,3069104088288,1519320314,2278980470,494063,
0,-201120,-198720,45920527,1,-199011,1298328197582641013454,2848686537443,1519320314,2278980470,494064,
1,-201120,-198720,45920527,1,-199011,1403022962340680645563,3069104088288,1519320314,2278980470,494064,
0,-201120,-198720,45922327,1,-199011,1298862287212402105320,2848686537443,1519320314,2278980470,494065,
1,-201120,-198720,45922327,1,-199011,1403557051970441737429,3069104088288,1519320314,2278980470,494065,
0,-201120,-198720,45924127,1,-199011,1299669591083053139155,2848686537443,1519320314,2278980470,494066,
1,-201120,-198720,45924127,1,-199011,1404364355841092771264,3069104088288,1519320314,2278980470,494066,
0,-201120,-198720,45925927,1,-199011,1300260810504407117842,2848686537443,1519320314,2278980470,494067,
1,-201120,-198720,45925927,1,-199011,1404955575262446749951,3069104088288,1519320314,2278980470,494067,
0,-201120,-198720,45927727,1,-199011,1300465870140685448329,2848686537443,1519320314,2278980470,494068,
1,-201120,-198720,45927727,1,-199011,1405160634898725080438,3069104088288,1519320314,2278980470,494068,
0,-201120,-198720,45929527,1,-199011,1300832679443878022611,2848686537443,1519320314,2278980470,494069,
1,-201120,-198720,45929527,1,-199011,1405527444201917654720,3069104088288,1519320314,2278980470,494069,
0,-201120,-198720,45931327,1,-199011,1301482717346670551288,2848686537443,1519320314,2278980470,494070,
1,-201120,-198720,45931327,1,-199011,1406177482104710183397,3069104088288,1519320314,2278980470,494070,
0,-201120,-198720,45933127,1,-199011,1301813784598744141239,2863104503408,1519320314,2278980470,494071,
1,-201120,-198720,45933127,1,-199011,1406508549356783773348,3083522054253,1519320314,2278980470,494071,
0,-201120,-198720,45934927,1,-199011,1302102063307192762087,2863104503408,1519320314,2278980470,494072,
1,-201120,-198720,45934927,1,-199011,1406796828065232394196,3083522054253,1519320314,2278980470,494072,
0,-201120,-198720,45936727,1,-199011,1302554697874083426962,2863104503408,1519320314,2278980470,494073,
1,-201120,-198720,45936727,1,-199011,1407249462632123059071,3083522054253,1519320314,2278980470,494073,
0,-201120,-198720,45938527,1,-199011,1303016990430819351893,2863104503408,1519320314,2278980470,494074,
1,-201120,-198720,45938527,1,-199011,1407711755188858984002,3083522054253,1519320314,2278980470,494074,
0,-201120,-198720,45940327,1,-199011,1303749510085420696179,2863104503408,1519320314,2278980470,494075,
1,-201120,-198720,45940327,1,-199011,1408444274843460328288,3083522054253,1519320314,2278980470,494075,
0,-201120,-198720,45942127,1,-199011,1304683073208626973420,2863104503408,1519320314,2278980470,494076,
1,-201120,-198720,45942127,1,-199011,1409377837966666605529,3083522054253,1519320314,2278980470,494076,
0,-201120,-198720,45943927,1,-199011,1307577521616075355314,2863104503408,1519320314,2278980470,494077,
1,-201120,-198720,45943927,1,-199011,1412272286374114987423,3083522054253,1519320314,2278980470,494077,
0,-201120,-198720,45945727,1,-199011,1310713354831136533067,2877522469373,1519320314,2278980470,494078,
1,-201120,-198720,45945727,1,-199011,1415408119589176165176,3097940020218,1519320314,2278980470,494078,
0,-201120,-198720,45947527,1,-199011,1312451980278243260084,2877522469373,1519320314,2278980470,494079,
1,-201120,-198720,45947527,1,-199011,1417146745036282892193,3097940020218,1519320314,2278980470,494079,
0,-201120,-198720,45949327,1,-199011,1314924520966966895802,2877522469373,1519320314,2278980470,494080,
1,-201120,-198720,45949327,1,-199011,1419619285725006527911,3097940020218,1519320314,2278980470,494080,
0,-201120,-198720,45951127,1,-199011,1315795671440507049736,2877522469373,1519320314,2278980470,494081,
1,-201120,-198720,45951127,1,-199011,1420490436198546681845,3097940020218,1519320314,2278980470,494081,
0,-201120,-198720,45952927,1,-199011,1316186783595040088898,2877522469373,1519320314,2278980470,494082,
1,-201120,-198720,45952927,1,-199011,1420881548353079721007,3097940020218,1519320314,2278980470,494082,
0,-201120,-198720,45954727,1,-199011,1316840594679525610054,2891940435338,1519320314,2278980470,494083,
1,-201120,-198720,45954727,1,-199011,1421535359437565242163,3112357986183,1519320314,2278980470,494083,
0,-201120,-198720,45956527,1,-199011,1317694331076101594751,2891940435338,1519320314,2278980470,494084,
1,-201120,-198720,45956527,1,-199011,1422389095834141226860,3112357986183,1519320314,2278980470,494084,
0,-201120,-198720,45958327,1,-199011,1317860069170522719772,2891940435338,1519320314,2278980470,494085,
1,-201120,-198720,45958327,1,-199011,1422554833928562351881,3112357986183,1519320314,2278980470,494085,
0,-201120,-198720,45960127,1,-199011,1318605544146113613789,2891940435338,1519320314,2278980470,494086,
1,-201120,-198720,45960127,1,-199011,1423300308904153245898,3112357986183,1519320314,2278980470,494086,
0,-201120,-198720,45961927,1,-199011,1319108562713189342928,2891940435338,1519320314,2278980470,494087,
1,-201120,-198720,45961927,1,-199011,1423803327471228975037,3112357986183,1519320314,2278980470,494087,
0,-201120,-198720,45963727,1,-199012,1319697532225372477964,2891940435338,1519320314,2278980470,494088,
1,-201120,-198720,45963727,1,-199012,1424392296983412110073,3112357986183,1519320314,2278980470,494088,
0,-201120,-198720,45965527,1,-199012,1320020364353407977705,2891940435338,1519320314,2278980470,494089,
1,-201120,-198720,45965527,1,-199012,1424715129111447609814,3112357986183,1519320314,2278980470,494089,
0,-201120,-198720,45967327,1,-199012,1320639676359620341362,2891940435338,1519320314,2278980470,494090,
1,-201120,-198720,45967327,1,-199012,1425334441117659973471,3112357986183,1519320314,2278980470,494090,
0,-201120,-198720,45969127,1,-199012,1321659008372277786762,2891940435338,1519320314,2278980470,494091,
1,-201120,-198720,45969127,1,-199012,1426353773130317418871,3112357986183,1519320314,2278980470,494091,
0,-201120,-198720,45970927,1,-199012,1323733785192288481187,2891940435338,1519320314,2278980470,494092,
1,-201120,-198720,45970927,1,-199012,1428428549950328113296,3112357986183,1519320314,2278980470,494092,
0,-201120,-198720,45972727,1,-199012,1323986306811679616400,2906358401303,1519320314,2278980470,494093,
1,-201120,-198720,45972727,1,-199012,1428681071569719248509,3126775952148,1519320314,2278980470,494093,
0,-201120,-198720,45974527,1,-199012,1324286174580244995002,2906358401303,1519320314,2278980470,494094,
1,-201120,-198720,45974527,1,-199012,1428980939338284627111,3126775952148,1519320314,2278980470,494094,
0,-201120,-198720,45976327,1,-199012,1324818655554289494396,2906358401303,1519320314,2278980470,494095,
1,-201120,-198720,45976327,1,-199012,1429513420312329126505,3126775952148,1519320314,2278980470,494095,
0,-201120,-198720,45978127,1,-199012,1325316852998652010296,2906358401303,1519320314,2278980470,494096,
1,-201120,-198720,45978127,1,-199012,1430011617756691642405,3126775952148,1519320314,2278980470,494096,
0,-201120,-198720,45979927,1,-199012,1325784714566831675426,2906358401303,1519320314,2278980470,494097,
1,-201120,-198720,45979927,1,-199012,1430479479324871307535,3126775952148,1519320314,2278980470,494097,
0,-201120,-198720,45981727,1,-199012,1326514638641528169586,2906358401303,1519320314,2278980470,494098,
1,-201120,-198720,45981727,1,-199012,1431209403399567801695,3126775952148,1519320314,2278980470,494098,
0,-201120,-198720,45983527,1,-199012,1327210170244391850098,2906358401303,1519320314,2278980470,494099,
1,-201120,-198720,45983527,1,-199012,1431904935002431482207,3126775952148,1519320314,2278980470,494099,
0,-201120,-198720,45985327,1,-199012,1328027984927574962885,2906358401303,1519320314,2278980470,494100,
1,-201120,-198720,45985327,1,-199012,1432722749685614594994,3126775952148,1519320314,2278980470,494100,
0,-201120,-198720,45987127,1,-199012,1328726470670739072545,2906358401303,1519320314,2278980470,494101,
1,-201120,-198720,45987127,1,-199012,1433421235428778704654,3126775952148,1519320314,2278980470,494101,
0,-201120,-198720,45988927,1,-199012,1331122150019146297424,2920776367267,1519320314,2278980470,494102,
1,-201120,-198720,45988927,1,-199012,1435816914777185929533,3141193918112,1519320314,2278980470,494102,
0,-201120,-198720,45990727,1,-199012,1332427830434133062110,2920776367267,1519320314,2278980470,494103,
1,-201120,-198720,45990727,1,-199012,1437122595192172694219,3141193918112,1519320314,2278980470,494103,
0,-201120,-198720,45992527,1,-199012,1333951054093795236112,2935194333232,1519320314,2278980470,494104,
1,-201120,-198720,45992527,1,-199012,1438645818851834868221,3155611884077,1519320314,2278980470,494104,
0,-201120,-198720,45994327,1,-199012,1336196631127241370704,2935194333232,1519320314,2278980470,494105,
1,-201120,-198720,45994327,1,-199012,1440891395885281002813,3155611884077,1519320314,2278980470,494105,
0,-201120,-198720,45996127,1,-199012,1338518513097279367900,2935194333232,1519320314,2278980470,494106,
1,-201120,-198720,45996127,1,-199012,1443213277855319000009,3155611884077,1519320314,2278980470,494106,
0,-201120,-198720,45997927,1,-199012,1339511564474115124717,2949612299197,1519320314,2278980470,494107,
1,-201120,-198720,45997927,1,-199012,1444206329232154756826,3170029850042,1519320314,2278980470,494107,
0,-201120,-198720,45999727,1,-199012,1340522159516593142541,2949612299197,1519320314,2278980470,494108,
1,-201120,-198720,45999727,1,-199012,1445216924274632774650,3170029850042,1519320314,2278980470,494108,
0,-201120,-198720,46001527,1,-199012,1341329452674695464517,2949612299197,1519320314,2278980470,494109,
1,-201120,-198720,46001527,1,-199012,1446024217432735096626,3170029850042,1519320314,2278980470,494109,
0,-201120,-198720,46003327,1,-199012,1341814841154840939537,2949612299197,1519320314,2278980470,494110,
1,-201120,-198720,46003327,1,-199012,1446509605912880571646,3170029850042,1519320314,2278980470,494110,
0,-201120,-198720,43889092,1,-200023,560684695280598374,0,1519320314,2278980470,492935,mint
1,-201120,-198720,43889092,1,-200023,109715524669852511746,221701343711,381349398759,2278980470,492935,mint
0,-201120,-198720,46005003,1,-198918,1342170372912489391891,2949612299197,3798300784,0,494110,burn
1,-201120,-198720,46005003,1,-198918,1446865137670529024000,3170029850042,3798300784,0,494110,burn
0,-201120,-198720,43890127,0,-200234,1014163173077425194,0,1519320314,2278980470,492936,
0,-201120,-198720,43891927,0,-200234,2394391086131038693,0,1519320314,2278980470,492937,
0,-201120,-198720,43893727,0,-200234,3352771146408034399,0,1519320314,2278980470,492938,
0,-201120,-198720,43895527,0,-200234,4307411181455597186,0,1519320314,2278980470,492939,
0,-201120,-198720,43897327,0,-200234,5341887169451284944,0,1519320314,2278980470,492940,
0,-201120,-198720,43899127,0,-200234,7192889245435716599,0,1519320314,2278980470,492941,
0,-201120,-198720,43900927,0,-200234,8096964852029532972,13507357593,1519320314,2278980470,492942,
0,-201120,-198720,43902727,0,-200234,8667326628336960663,13507357593,1519320314,2278980470,492943,
0,-201120,-198720,43904527,0,-200234,10036762095136337613,13507357593,1519320314,2278980470,492944,
0,-201120,-198720,43906327,0,-200234,13142529492936574780,13507357593,1519320314,2278980470,492945,
0,-201120,-198720,43908127,0,-200234,14856661352334709738,27014715187,1519320314,2278980470,492946,
0,-201120,-198720,43909927,0,-200234,21982835345623525190,27014715187,1519320314,2278980470,492947,
0,-201120,-198720,43911727,0,-200234,25079703731542309924,40522072781,1519320314,2278980470,492948,
0,-201120,-198720,43913527,0,-200234,26813509908239347328,40522072781,1519320314,2278980470,492949,
0,-201120,-198720,43915327,0,-200234,29468625958709213419,40522072781,1519320314,2278980470,492950,
1,-201120,-198720,43915327,0,-200234,135936822599227158454,263640306083,1519320314,2278980470,492950,
0,-201120,-198720,43917127,0,-200234,33341635040786824810,54029430374,1519320314,2278980470,492951,
1,-201120,-198720,43917127,0,-200234,139809831667797412251,263640306083,1519320314,2278980470,492951,
0,-201120,-198720,43918927,0,-200234,37723690964809209687,54029430374,1519320314,2278980470,492952,
1,-201120,-198720,43918927,0,-200234,144191887605327154722,277147663676,1519320314,2278980470,492952,
0,-201120,-198720,43920727,0,-200234,40329572426702512048,67536787968,1519320314,2278980470,492953,
1,-201120,-198720,43920727,0,-200234,146797769053713099489,277147663676,1519320314,2278980470,492953,
0,-201120,-198720,43922527,0,-200234,42727021461852470441,67536787968,1519320314,2278980470,492954,
1,-201120,-198720,43922527,0,-200234,149195218102370415476,290655021270,1519320314,2278980470,492954,
0,-201120,-198720,43924327,0,-200234,44222758867090534296,67536787968,1519320314,2278980470,492955,
1,-201120,-198720,43924327,0,-200234,150690955507608479331,290655021270,1519320314,2278980470,492955,
0,-201120,-198720,43926127,0,-200234,45692117915771951441,81044145562,1519320314,2278980470,492956,
1,-201120,-198720,43926127,0,-200234,152160314556289896476,290655021270,1519320314,2278980470,492956,
0,-201120,-198720,43927927,0,-200234,46756421620725657780,81044145562,1519320314,2278980470,492957,
1,-201120,-198720,43927927,0,-200234,153224618261243602816,290655021270,1519320314,2278980470,492957,
0,-201120,-198720,43929727,0,-200234,47280256493359775486,81044145562,1519320314,2278980470,492958,
1,-201120,-198720,43929727,0,-200234,153748453133877720522,290655021270,1519320314,2278980470,492958,
0,-201120,-198720,43931527,0,-200234,47688544674546629503,81044145562,1519320314,2278980470,492959,
1,-201120,-198720,43931527,0,-200234,154156741315064574538,290655021270,1519320314,2278980470,492959,
0,-201120,-198720,43933327,0,-200275,48004336686137766112,81044145562,1519320314,2278980470,492960,
1,-201120,-198720,43933327,0,-200275,154472533326655711148,304162378864,1519320314,2278980470,492960,
0,-201120,-198720,43935127,0,-200275,48332706817379311351,81044145562,1139490236,2658810548,492961,
1,-201120,-198720,43935127,0,-200275,154800903457897256386,304162378864,1139490236,2658810548,492961,
0,-201120,-198720,43936927,0,-200275,49099778204818045906,81044145562,1139490236,2658810548,492962,
1,-201120,-198720,43936927,0,-200275,155567974845335990941,304162378864,1139490236,2658810548,492962,
0,-201120,-198720,43938727,0,-200275,49630948081860937682,81044145562,1139490236,2658810548,492963,
1,-201120,-198720,43938727,0,-200275,156099144722378882717,304162378864,1139490236,2658810548,492963,
0,-201120,-198720,43940527,0,-200275,49694757761980648562,81044145562,1139490236,2658810548,492964,
1,-201120,-198720,43940527,0,-200275,156162954402498593597,304162378864,1139490236,2658810548,492964,
0,-201120,-198720,43942327,0,-200275,49922257440380750140,81044145562,1139490236,2658810548,492965,
1,-201120,-198720,43942327,0,-200275,156390454080898695175,304162378864,1139490236,2658810548,492965,
0,-201120,-198720,43944127,0,-200275,50021258082924343647,81044145562,1139490236,2658810548,492966,
1,-201120,-198720,43944127,0,-200275,156489454723442288682,304162378864,1139490236,2658810548,492966,
0,-201120,-198720,43945927,0,-200275,50609564476140045681,81044145562,1139490236,2658810548,492967,
1,-201120,-198720,43945927,0,-200275,157077761116657990716,304162378864,1139490236,2658810548,492967,
0,-201120,-198720,43947727,0,-200275,50681016199290121790,81044145562,1139490236,2658810548,492968,
1,-201120,-198720,43947727,0,-200275,157149212839808066825,304162378864,1139490236,2658810548,492968,
0,-201120,-198720,43949527,0,-200275,51224528631304884917,81044145562,1139490236,2658810548,492969,
1,-201120,-198720,43949527,0,-200275,157692725271822829952,304162378864,1139490236,2658810548,492969,
0,-201120,-198720,43951327,0,-200275,51722982064896489008,81044145562,1139490236,2658810548,492970,
1,-201120,-198720,43951327,0,-200275,158191178705414434043,304162378864,1139490236,2658810548,492970,
0,-201120,-198720,43953127,0,-200275,52547823808260938164,81044145562,1139490236,2658810548,492971,
1,-201120,-198720,43953127,0,-200275,159016020448778883199,304162378864,1139490236,2658810548,492971,
0,-201120,-198720,43954927,0,-200275,52674279585697011922,81044145562,1139490236,2658810548,492972,
1,-201120,-198720,43954927,0,-200275,159142476226214956957,304162378864,1139490236,2658810548,492972,
0,-201120,-198720,43956727,0,-200275,53511991170869448363,81044145562,1139490236,2658810548,492973,
1,-201120,-198720,43956727,0,-200275,159980187811387393398,304162378864,1139490236,2658810548,492973,
0,-201120,-198720,43958527,0,-200275,56847740858044186421,100537910067,1139490236,2658810548,492974,
1,-201120,-198720,43958527,0,-200275,163315937498562131456,323656143369,1139490236,2658810548,492974,
0,-201120,-198720,43960327,0,-200275,59021216299800899639,100537910067,1139490236,2658810548,492975,
1,-201120,-198720,43960327,0,-200275,165489412940318844674,323656143369,1139490236,2658810548,492975,
0,-201120,-198720,43962127,0,-200275,60874133003072682239,100537910067,1139490236,2658810548,492976,
1,-201120,-198720,43962127,0,-200275,167342329643590627274,323656143369,1139490236,2658810548,492976,
0,-201120,-198720,43963927,0,-200275,61738553911201373580,100537910067,1139490236,2658810548,492977,
1,-201120,-198720,43963927,0,-200275,168206750551719318615,323656143369,1139490236,2658810548,492977,
0,-201120,-198720,43965727,0,-200275,62501762726165881522,100537910067,1139490236,2658810548,492978,
1,-201120,-198720,43965727,0,-200275,168969959366683826557,323656143369,1139490236,2658810548,492978,
0,-201120,-198720,43967527,0,-200275,62621339972845986620,100537910067,1139490236,2658810548,492979,
1,-201120,-198720,43967527,0,-200275,169089536613363931655,323656143369,1139490236,2658810548,492979,
0,-201120,-198720,43969327,0,-200275,62888901033262909031,100537910067,1139490236,2658810548,492980,
1,-201120,-198720,43969327,0,-200275,169357097673780854066,323656143369,1139490236,2658810548,492980,
0,-201120,-198720,43971127,0,-200275,63301529874171763165,100537910067,1139490236,2658810548,492981,
1,-201120,-198720,43971127,0,-200275,169769726514689708200,323656143369,1139490236,2658810548,492981,
0,-201120,-198720,43972927,0,-200275,64724826678985015490,100537910067,1139490236,2658810548,492982,
1,-201120,-198720,43972927,0,-200275,171193023319502960525,323656143369,1139490236,2658810548,492982,
0,-201120,-198720,43974727,0,-200275,65417509373725709173,100537910067,1139490236,2658810548,492983,
1,-201120,-198720,43974727,0,-200275,171885706014243654208,323656143369,1139490236,2658810548,492983,
0,-201120,-198720,43976527,0,-200341,67563268854020855253,120031674573,1139490236,2658810548,492984,
1,-201120,-198720,43976527,0,-200341,174031465494538800288,343149907875,1139490236,2658810548,492984,
0,-201120,-198720,43978327,0,-200341,68227936474977405625,120031674573,1139490236,2658810548,492985,
1,-201120,-198720,43978327,0,-200341,174696133115495350660,343149907875,1139490236,2658810548,492985,
0,-201120,-198720,43980127,0,-200341,68925141235739319827,120031674573,1139490236,2658810548,492986,
1,-201120,-198720,43980127,0,-200341,175393337876257264862,343149907875,1139490236,2658810548,492986,
0,-201120,-198720,43981927,0,-200341,69275924178871007466,120031674573,1139490236,2658810548,492987,
1,-201120,-198720,43981927,0,-200341,175744120819388952501,343149907875,1139490236,2658810548,492987,
0,-201120,-198720,43983727,0,-200341,70030966081195832957,120031674573,1139490236,2658810548,492988,
1,-201120,-198720,43983727,0,-200341,176499162721713777992,343149907875,1139490236,2658810548,492988,
0,-201120,-198720,43985527,0,-200341,70619385148370378206,120031674573,1139490236,2658810548,492989,
1,-201120,-198720,43985527,0,-200341,177087581788888323241,343149907875,1139490236,2658810548,492989,
0,-201120,-198720,43987327,0,-200341,71356858724297218889,120031674573,1139490236,2658810548,492990,
1,-201120,-198720,43987327,0,-200341,177825055364815163924,343149907875,1139490236,2658810548,492990,
0,-201120,-198720,43989127,0,-200341,71926723938315426814,120031674573,1139490236,2658810548,492991,
1,-201120,-198720,43989127,0,-200341,178394920578833371849,343149907875,1139490236,2658810548,492991,
0,-201120,-198720,43990927,0,-200341,73183464732603124596,120031674573,1139490236,2658810548,492992,
1,-201120,-198720,43990927,0,-200341,179651661373121069631,343149907875,1139490236,2658810548,492992,
0,-201120,-198720,43992727,0,-200341,73445414551894596920,120031674573,1139490236,2658810548,492993,
1,-201120,-198720,43992727,0,-200341,179913611192412541955,343149907875,1139490236,2658810548,492993,
0,-201120,-198720,43994527,0,-200341,74194634154105668608,120031674573,1139490236,2658810548,492994,
1,-201120,-198720,43994527,0,-200341,180662830794623613643,343149907875,1139490236,2658810548,492994,
0,-201120,-198720,43996327,0,-200341,74737748425980401864,120031674573,1139490236,2658810548,492995,
1,-201120,-198720,43996327,0,-200341,181205945066498346899,343149907875,1139490236,2658810548,492995,
0,-201120,-198720,43998127,0,-200341,75318525001767998252,120031674573,1139490236,2658810548,492996,
1,-201120,-198720,43998127,0,-200341,181786721642285943287,343149907875,1139490236,2658810548,492996,
0,-201120,-198720,43999927,0,-200341,75798313974583459415,120031674573,1139490236,2658810548,492997,
1,-201120,-198720,43999927,0,-200341,182266510615101404450,343149907875,1139490236,2658810548,492997,
0,-201120,-198720,44001727,0,-200341,77838242801558898131,139525439078,1139490236,2658810548,492998,
1,-201120,-198720,44001727,0,-200341,184306439442076843166,362643672380,1139490236,2658810548,492998,
0,-201120,-198720,44003527,0,-200341,79483210590703740346,139525439078,1139490236,2658810548,492999,
1,-201120,-198720,44003527,0,-200341,185951407231221685381,362643672380,1139490236,2658810548,492999,
0,-201120,-198720,44005327,0,-200341,80988673028095778537,139525439078,1139490236,2658810548,493000,
1,-201120,-198720,44005327,0,-200341,187456869668613723572,362643672380,1139490236,2658810548,493000,
0,-201120,-198720,44007127,0,-200341,81693768942704676901,139525439078,1139490236,2658810548,493001,
1,-201120,-198720,44007127,0,-200341,188161965583222621936,362643672380,1139490236,2658810548,493001,
0,-201120,-198720,44008927,0,-200341,82692622145311196826,139525439078,1139490236,2658810548,493002,
1,-201120,-198720,44008927,0,-200341,189160818785829141861,362643672380,1139490236,2658810548,493002,
0,-201120,-198720,44010727,0,-200341,83367512023461857525,139525439078,1139490236,2658810548,493003,
1,-201120,-198720,44010727,0,-200341,189835708663979802560,362643672380,1139490236,2658810548,493003,
0,-201120,-198720,44012527,0,-200341,84229027385990967367,139525439078,1139490236,2658810548,493004,
1,-201120,-198720,44012527,0,-200341,190697224026508912402,362643672380,1139490236,2658810548,493004,
0,-201120,-198720,44014327,0,-200341,84915826336272185133,139525439078,1139490236,2658810548,493005,
1,-201120,-198720,44014327,0,-200341,191384022976790130168,362643672380,1139490236,2658810548,493005,
0,-201120,-198720,44016127,0,-200341,85098916353544814088,139525439078,1139490236,2658810548,493006,
1,-201120,-198720,44016127,0,-200341,191567112994062759123,362643672380,1139490236,2658810548,493006,
0,-201120,-198720,44017927,0,-200341,95976132786543717096,159019203584,1139490236,2658810548,493007,
1,-201120,-198720,44017927,0,-200341,202444329427061662131,382137436886,1139490236,2658810548,493007,
0,-201120,-198720,44019727,0,-200099,101393742719539750955,178512968090,1139490236,2658810548,493008,
1,-201120,-198720,44019727,0,-200099,207861939360057695990,401631201392,1139490236,2658810548,493008,
0,-201120,-198720,44021527,0,-200099,108266582134504606785,198006732596,1139490236,2658810548,493009,
1,-201120,-198720,44021527,0,-200099,214734778775022551820,421124965898,1139490236,2658810548,493009,
0,-201120,-198720,44023327,0,-200099,110819539882792596169,198006732596,1139490236,2658810548,493010,
1,-201120,-198720,44023327,0,-200099,217287736523310541204,421124965898,1139490236,2658810548,493010,
0,-201120,-198720,44025127,0,-200099,114469972673398823321,217500497102,1139490236,2658810548,493011,
1,-201120,-198720,44025127,0,-200099,220938169313916768356,440618730404,1139490236,2658810548,493011,
0,-201120,-198720,44026927,0,-200099,115435421867986173379,217500497102,1139490236,2658810548,493012,
1,-201120,-198720,44026927,0,-200099,221903618508504118414,440618730404,1139490236,2658810548,493012,
0,-201120,-198720,44028727,0,-200099,117030728200401814342,217500497102,1139490236,2658810548,493013,
1,-201120,-198720,44028727,0,-200099,223498924840919759377,440618730404,1139490236,2658810548,493013,
0,-201120,-198720,44030527,0,-200099,118841870780013536724,217500497102,1139490236,2658810548,493014,
1,-201120,-198720,44030527,0,-200099,225310067420531481759,440618730404,1139490236,2658810548,493014,
0,-201120,-198720,44032327,0,-200099,119879894031748616734,217500497102,1139490236,2658810548,493015,
1,-201120,-198720,44032327,0,-200099,226348090672266561769,440618730404,1139490236,2658810548,493015,
0,-201120,-198720,44034127,0,-200099,121564736199227376158,217500497102,1139490236,2658810548,493016,
1,-201120,-198720,44034127,0,-200099,228032932839745321193,440618730404,1139490236,2658810548,493016,
0,-201120,-198720,44035927,0,-200099,123459378525673128677,236994261607,1139490236,2658810548,493017,
1,-201120,-198720,44035927,0,-200099,229927575166191073712,460112494909,1139490236,2658810548,493017,
0,-201120,-198720,44037727,0,-200099,124564755404421299756,236994261607,1139490236,2658810548,493018,
1,-201120,-198720,44037727,0,-200099,231032952044939244791,460112494909,1139490236,2658810548,493018,
0,-201120,-198720,44039527,0,-200099,125299553968007603895,236994261607,1139490236,2658810548,493019,
1,-201120,-198720,44039527,0,-200099,231767750608525548930,460112494909,1139490236,2658810548,493019,
0,-201120,-198720,44041327,0,-200099,128753580453338504204,236994261607,1139490236,2658810548,493020,
1,-201120,-198720,44041327,0,-200099,235221777093856449239,460112494909,1139490236,2658810548,493020,
0,-201120,-198720,44043127,0,-200099,130121509391738788135,236994261607,1139490236,2658810548,493021,
1,-201120,-198720,44043127,0,-200099,236589706032256733170,460112494909,1139490236,2658810548,493021,
0,-201120,-198720,44044927,0,-200099,134739609279989006641,256488026113,1139490236,2658810548,493022,
1,-201120,-198720,44044927,0,-200099,241207805920506951676,479606259415,1139490236,2658810548,493022,
0,-201120,-198720,44046727,0,-200099,139331381104329173634,256488026113,1139490236,2658810548,493023,
1,-201120,-198720,44046727,0,-200099,245799577744847118669,479606259415,1139490236,2658810548,493023,
0,-201120,-198720,44048527,0,-200099,142117665041784151641,275981790619,1139490236,2658810548,493024,
1,-201120,-198720,44048527,0,-200099,248585861682302096676,499100023921,1139490236,2658810548,493024,
0,-201120,-198720,44050327,0,-200099,144256310623610686679,275981790619,1139490236,2658810548,493025,
1,-201120,-198720,44050327,0,-200099,250724507264128631714,499100023921,1139490236,2658810548,493025,
0,-201120,-198720,44052127,0,-200099,148515996110812978936,275981790619,1139490236,2658810548,493026,
1,-201120,-198720,44052127,0,-200099,254984192751330923971,499100023921,1139490236,2658810548,493026,
0,-201120,-198720,44053927,0,-200099,151565502478987657909,275981790619,1139490236,2658810548,493027,
1,-201120,-198720,44053927,0,-200099,258033699119505602944,499100023921,1139490236,2658810548,493027,
0,-201120,-198720,44055727,0,-200099,154251696072463171185,295475555124,1139490236,2658810548,493028,
1,-201120,-198720,44055727,0,-200099,260719892712981116220,518593788426,1139490236,2658810548,493028,
0,-201120,-198720,44057527,0,-200099,155321942692370130532,295475555124,1139490236,2658810548,493029,
1,-201120,-198720,44057527,0,-200099,261790139332888075567,518593788426,1139490236,2658810548,493029,
0,-201120,-198720,44059327,0,-200099,157394538877497831464,295475555124,1139490236,2658810548,493030,
1,-201120,-198720,44059327,0,-200099,263862735518015776499,518593788426,1139490236,2658810548,493030,
0,-201120,-198720,44061127,0,-200099,159840987491992490981,295475555124,1139490236,2658810548,493031,
1,-201120,-198720,44061127,0,-200099,266309184132510436016,518593788426,1139490236,2658810548,493031,
0,-201120,-198720,44062927,0,-199970,162115760838464741895,314969319630,1139490236,2658810548,493032,
1,-201120,-198720,44062927,0,-199970,268583957478982686930,538087552932,1139490236,2658810548,493032,
0,-201120,-198720,44064727,0,-199970,165297052832710304263,314969319630,1139490236,2658810548,493033,
1,-201120,-198720,44064727,0,-199970,271765249473228249298,538087552932,1139490236,2658810548,493033,
0,-201120,-198720,44066527,0,-199970,170562601850616908457,334463084136,1139490236,2658810548,493034,
1,-201120,-198720,44066527,0,-199970,277030798491134853492,557581317438,1139490236,2658810548,493034,
0,-201120,-198720,44068327,0,-199970,172819413174623216508,334463084136,1139490236,2658810548,493035,
1,-201120,-198720,44068327,0,-199970,279287609815141161543,557581317438,1139490236,2658810548,493035,
0,-201120,-198720,44070127,0,-199970,174337126858194181134,334463084136,1139490236,2658810548,493036,
1,-201120,-198720,44070127,0,-199970,280805323498712126169,557581317438,1139490236,2658810548,493036,
0,-201120,-198720,44071927,0,-199970,176414375425158823500,334463084136,1139490236,2658810548,493037,
1,-201120,-198720,44071927,0,-199970,282882572065676768535,557581317438,1139490236,2658810548,493037,
0,-201120,-198720,44073727,0,-199970,177534659789931238521,334463084136,1139490236,2658810548,493038,
1,-201120,-198720,44073727,0,-199970,284002856430449183556,557581317438,1139490236,2658810548,493038,
0,-201120,-198720,44075527,0,-199970,178475373541674892042,334463084136,1139490236,2658810548,493039,
1,-201120,-198720,44075527,0,-199970,284943570182192837077,557581317438,1139490236,2658810548,493039,
0,-201120,-198720,44077327,0,-199970,180539910341767924221,353956848642,1139490236,2658810548,493040,
1,-201120,-198720,44077327,0,-199970,287008106982285869256,577075081944,1139490236,2658810548,493040,
0,-201120,-198720,44079127,0,-199970,183123051747672498673,353956848642,1139490236,2658810548,493041,
1,-201120,-198720,44079127,0,-199970,289591248388190443708,577075081944,1139490236,2658810548,493041,
0,-201120,-198720,44080927,0,-199970,187026043704369902962,353956848642,1139490236,2658810548,493042,
1,-201120,-198720,44080927,0,-199970,293494240344887847997,577075081944,1139490236,2658810548,493042,
0,-201120,-198720,44082727,0,-199970,187951695462511839994,353956848642,1139490236,2658810548,493043,
1,-201120,-198720,44082727,0,-199970,294419892103029785029,577075081944,1139490236,2658810548,493043,
0,-201120,-198720,44084527,0,-199970,191023158749300153448,373450613148,1139490236,2658810548,493044,
1,-201120,-198720,44084527,0,-199970,297491355389818098483,596568846450,1139490236,2658810548,493044,
0,-201120,-198720,44086327,0,-199970,193840870514397531280,373450613148,1139490236,2658810548,493045,
1,-201120,-198720,44086327,0,-199970,300309067154915476315,596568846450,1139490236,2658810548,493045,
0,-201120,-198720,44088127,0,-199970,196984670736182126787,392944377653,1139490236,2658810548,493046,
1,-201120,-198720,44088127,0,-199970,303452867376700071822,616062610955,1139490236,2658810548,493046,
0,-201120,-198720,44089927,0,-199970,205362514660517016320,392944377653,1139490236,2658810548,493047,
1,-201120,-198720,44089927,0,-199970,311830711301034961355,616062610955,1139490236,2658810548,493047,
0,-201120,-198720,44091727,0,-199970,210780348713323572745,412438142159,1139490236,2658810548,493048,
1,-201120,-198720,44091727,0,-199970,317248545353841517780,635556375461,1139490236,2658810548,493048,
0,-201120,-198720,44093527,0,-199970,218943445760504255484,431931906665,1139490236,2658810548,493049,
1,-201120,-198720,44093527,0,-199970,325411642401022200519,655050139967,1139490236,2658810548,493049,
0,-201120,-198720,44095327,0,-199970,226197285753848917538,451425671170,1139490236,2658810548,493050,
1,-201120,-198720,44095327,0,-199970,332665482394366862573,674543904472,1139490236,2658810548,493050,
0,-201120,-198720,44097127,0,-199970,229893290345847391889,451425671170,1139490236,2658810548,493051,
1,-201120,-198720,44097127,0,-199970,336361486986365336924,674543904472,1139490236,2658810548,493051,
0,-201120,-198720,44098927,0,-199970,233089237323385555267,470919435676,1139490236,2658810548,493052,
1,-201120,-198720,44098927,0,-199970,339557433963903500302,694037668978,1139490236,2658810548,493052,
0,-201120,-198720,44100727,0,-199970,234921037328281430066,470919435676,1139490236,2658810548,493053,
1,-201120,-198720,44100727,0,-199970,341389233968799375101,694037668978,1139490236,2658810548,493053,
0,-201120,-198720,44102527,0,-199970,236594696546863706969,470919435676,1139490236,2658810548,493054,
1,-201120,-198720,44102527,0,-199970,343062893187381652004,694037668978,1139490236,2658810548,493054,
0,-201120,-198720,44104327,0,-199970,238430796232915320731,470919435676,1139490236,2658810548,493055,
1,-201120,-198720,44104327,0,-199970,344898992873433265766,694037668978,1139490236,2658810548,493055,
0,-201120,-198720,44106127,0,-199693,239848743441910319098,470919435676,1139490236,2658810548,493056,
1,-201120,-198720,44106127,0,-199693,346316940082428264133,694037668978,1139490236,2658810548,493056,
0,-201120,-198720,44107927,0,-199693,242208503695016979035,490413200182,1139490236,2658810548,493057,
1,-201120,-198720,44107927,0,-199693,348676700335534924070,713531433484,1139490236,2658810548,493057,
0,-201120,-198720,44109727,0,-199693,244564361043050649970,490413200182,1139490236,2658810548,493058,
1,-201120,-198720,44109727,0,-199693,351032557683568595005,713531433484,1139490236,2658810548,493058,
0,-201120,-198720,44111527,0,-199693,246924974109366907301,490413200182,1139490236,2658810548,493059,
1,-201120,-198720,44111527,0,-199693,353393170749884852336,713531433484,1139490236,2658810548,493059,
0,-201120,-198720,44113327,0,-199693,248261325352063271228,490413200182,1139490236,2658810548,493060,
1,-201120,-198720,44113327,0,-199693,354729521992581216263,713531433484,1139490236,2658810548,493060,
0,-201120,-198720,44115127,0,-199693,249257074913435302259,490413200182,1139490236,2658810548,493061,
1,-201120,-198720,44115127,0,-199693,355725271553953247294,713531433484,1139490236,2658810548,493061,
0,-201120,-198720,44116927,0,-199693,251895723527181532180,509906964688,1139490236,2658810548,493062,
1,-201120,-198720,44116927,0,-199693,358363920167699477215,733025197990,1139490236,2658810548,493062,
0,-201120,-198720,44118727,0,-199693,254200313541659782980,509906964688,1139490236,2658810548,493063,
1,-201120,-198720,44118727,0,-199693,360668510182177728015,733025197990,1139490236,2658810548,493063,
0,-201120,-198720,44120527,0,-199693,256752955471469014767,509906964688,1139490236,2658810548,493064,
1,-201120,-198720,44120527,0,-199693,363221152111986959802,733025197990,1139490236,2658810548,493064,
0,-201120,-198720,44122327,0,-199693,258289442897859941534,529400729194,1139490236,2658810548,493065,
1,-201120,-198720,44122327,0,-199693,364757639538377886569,752518962496,1139490236,2658810548,493065,
0,-201120,-198720,44124127,0,-199693,259605439511916220805,529400729194,1139490236,2658810548,493066,
1,-201120,-198720,44124127,0,-199693,366073636152434165840,752518962496,1139490236,2658810548,493066,
0,-201120,-198720,44125927,0,-199693,260775679006980116149,529400729194,1139490236,2658810548,493067,
1,-201120,-198720,44125927,0,-199693,367243875647498061184,752518962496,1139490236,2658810548,493067,
0,-201120,-198720,44127727,0,-199693,262684031512434169668,529400729194,1139490236,2658810548,493068,
1,-201120,-198720,44127727,0,-199693,369152228152952114703,752518962496,1139490236,2658810548,493068,
0,-201120,-198720,44129527,0,-199693,266119788051794994344,529400729194,1139490236,2658810548,493069,
1,-201120,-198720,44129527,0,-199693,372587984692312939379,752518962496,1139490236,2658810548,493069,
0,-201120,-198720,44131327,0,-199693,270884901451653756636,548894493699,1139490236,2658810548,493070,
1,-201120,-198720,44131327,0,-199693,377353098092171701671,772012727001,1139490236,2658810548,493070,
0,-201120,-198720,44133127,0,-199693,282625781187117599658,568388258205,1139490236,2658810548,493071,
1,-201120,-198720,44133127,0,-199693,389093977827635544693,791506491507,1139490236,2658810548,493071,
0,-201120,-198720,44134927,0,-199693,284264373111718018389,568388258205,1139490236,2658810548,493072,
1,-201120,-198720,44134927,0,-199693,390732569752235963424,791506491507,1139490236,2658810548,493072,
0,-201120,-198720,44136727,0,-199693,286742914115780843132,587882022711,1139490236,2658810548,493073,
1,-201120,-198720,44136727,0,-199693,393211110756298788167,811000256013,1139490236,2658810548,493073,
0,-201120,-198720,44138527,0,-199693,290855466750548287424,587882022711,1139490236,2658810548,493074,
1,-201120,-198720,44138527,0,-199693,397323663391066232459,811000256013,1139490236,2658810548,493074,
0,-201120,-198720,44140327,0,-199693,293148346314862530206,587882022711,1139490236,2658810548,493075,
1,-201120,-198720,44140327,0,-199693,399616542955380475241,811000256013,1139490236,2658810548,493075,
0,-201120,-198720,44142127,0,-199693,294501613271708755564,587882022711,1139490236,2658810548,493076,
1,-201120,-198720,44142127,0,-199693,400969809912226700599,811000256013,1139490236,2658810548,493076,
0,-201120,-198720,44143927,0,-199693,295952475351183945609,607375787216,1139490236,2658810548,493077,
1,-201120,-198720,44143927,0,-199693,402420671991701890644,830494020518,1139490236,2658810548,493077,
0,-201120,-198720,44145727,0,-199693,297394488801580922745,607375787216,1139490236,2658810548,493078,
1,-201120,-198720,44145727,0,-199693,403862685442098867780,830494020518,1139490236,2658810548,493078,
0,-201120,-198720,44147527,0,-199693,299438016196977886751,607375787216,1139490236,2658810548,493079,
1,-201120,-198720,44147527,0,-199693,405906212837495831786,830494020518,1139490236,2658810548,493079,
0,-201120,-198720,44149327,0,-199987,300418401903804829809,607375787216,1139490236,2658810548,493080,
1,-201120,-198720,44149327,0,-199987,406886598544322774844,830494020518,1139490236,2658810548,493080,
0,-201120,-198720,44151127,0,-199987,302162565740988671132,607375787216,1139490236,2658810548,493081,
1,-201120,-198720,44151127,0,-199987,408630762381506616167,830494020518,1139490236,2658810548,493081,
0,-201120,-198720,44152927,0,-199987,317048888340303186380,646363316228,1139490236,2658810548,493082,
1,-201120,-198720,44152927,0,-199987,423517084980821131415,869481549530,1139490236,2658810548,493082,
0,-201120,-198720,44154727,0,-199987,321894586155526615425,646363316228,1139490236,2658810548,493083,
1,-201120,-198720,44154727,0,-199987,428362782796044560460,869481549530,1139490236,2658810548,493083,
0,-201120,-198720,44156527,0,-199987,325322852605751397165,646363316228,1139490236,2658810548,493084,
1,-201120,-198720,44156527,0,-199987,431791049246269342200,869481549530,1139490236,2658810548,493084,
0,-201120,-198720,44158327,0,-199987,327051738945766910973,646363316228,1139490236,2658810548,493085,
1,-201120,-198720,44158327,0,-199987,433519935586284856008,869481549530,1139490236,2658810548,493085,
0,-201120,-198720,44160127,0,-199987,328056772899828916366,665857080734,1139490236,2658810548,493086,
1,-201120,-198720,44160127,0,-199987,434524969540346861401,888975314036,1139490236,2658810548,493086,
0,-201120,-198720,44161927,0,-199987,328795086832449835270,665857080734,1139490236,2658810548,493087,
1,-201120,-198720,44161927,0,-199987,435263283472967780305,888975314036,1139490236,2658810548,493087,
0,-201120,-198720,44163727,0,-199987,329443803563636971623,665857080734,1139490236,2658810548,493088,
1,-201120,-198720,44163727,0,-199987,435912000204154916658,888975314036,1139490236,2658810548,493088,
0,-201120,-198720,44165527,0,-199987,330536745896338568733,665857080734,1139490236,2658810548,493089,
1,-201120,-198720,44165527,0,-199987,437004942536856513768,888975314036,1139490236,2658810548,493089,
0,-201120,-198720,44167327,0,-199987,331499396975462528461,665857080734,1139490236,2658810548,493090,
1,-201120,-198720,44167327,0,-199987,437967593615980473496,888975314036,1139490236,2658810548,493090,
0,-201120,-198720,44169127,0,-199987,332590900453912191925,665857080734,1139490236,2658810548,493091,
1,-201120,-198720,44169127,0,-199987,439059097094430136960,888975314036,1139490236,2658810548,493091,
0,-201120,-198720,44170927,0,-199987,334476083879488114640,665857080734,1139490236,2658810548,493092,
1,-201120,-198720,44170927,0,-199987,440944280520006059675,888975314036,1139490236,2658810548,493092,
0,-201120,-198720,44172727,0,-199987,336891797942581256697,665857080734,1139490236,2658810548,493093,
1,-201120,-198720,44172727,0,-199987,443359994583099201732,888975314036,1139490236,2658810548,493093,
0,-201120,-198720,44174527,0,-199987,340806364243978889882,685350845240,1139490236,2658810548,493094,
1,-201120,-198720,44174527,0,-199987,447274560884496834917,908469078542,1139490236,2658810548,493094,
0,-201120,-198720,44176327,0,-199987,347748453483417839744,704844609745,1139490236,2658810548,493095,
1,-201120,-198720,44176327,0,-199987,454216650123935784779,927962843047,1139490236,2658810548,493095,
0,-201120,-198720,44178127,0,-199987,350892450962605468898,704844609745,1139490236,2658810548,493096,
1,-201120,-198720,44178127,0,-199987,457360647603123413933,927962843047,1139490236,2658810548,493096,
0,-201120,-198720,44179927,0,-199987,352853373491921803561,704844609745,1139490236,2658810548,493097,
1,-201120,-198720,44179927,0,-199987,459321570132439748596,927962843047,1139490236,2658810548,493097,
0,-201120,-198720,44181727,0,-199987,355239406427153554185,704844609745,1139490236,2658810548,493098,
1,-201120,-198720,44181727,0,-199987,461707603067671499220,927962843047,1139490236,2658810548,493098,
0,-201120,-198720,44183527,0,-199987,356456056150421088882,724338374251,1139490236,2658810548,493099,
1,-201120,-198720,44183527,0,-199987,462924252790939033917,947456607553,1139490236,2658810548,493099,
0,-201120,-198720,44185327,0,-199987,357278149117040111751,724338374251,1139490236,2658810548,493100,
1,-201120,-198720,44185327,0,-199987,463746345757558056786,947456607553,1139490236,2658810548,493100,
0,-201120,-198720,44187127,0,-199987,358259241843211913725,724338374251,1139490236,2658810548,493101,
1,-201120,-198720,44187127,0,-199987,464727438483729858760,947456607553,1139490236,2658810548,493101,
0,-201120,-198720,44188927,0,-199987,359453774214183931647,724338374251,1139490236,2658810548,493102,
1,-201120,-198720,44188927,0,-199987,465921970854701876682,947456607553,1139490236,2658810548,493102,
0,-201120,-198720,44190727,0,-199987,360207353148470129883,724338374251,1139490236,2658810548,493103,
1,-201120,-198720,44190727,0,-199987,466675549788988074918,947456607553,1139490236,2658810548,493103,
0,-201120,-198720,44192527,0,-200039,360879923112694490715,724338374251,1139490236,2658810548,493104,
1,-201120,-198720,44192527,0,-200039,467348119753212435750,947456607553,1139490236,2658810548,493104,
0,-201120,-198720,44194327,0,-200039,361808761321582537052,724338374251,1139490236,2658810548,493105,
1,-201120,-198720,44194327,0,-200039,468276957962100482087,947456607553,1139490236,2658810548,493105,
0,-201120,-198720,44196127,0,-200039,363393023266779802339,724338374251,1139490236,2658810548,493106,
1,-201120,-198720,44196127,0,-200039,469861219907297747374,947456607553,1139490236,2658810548,493106,
0,-201120,-198720,44197927,0,-200039,365732831749383653374,743832138757,1139490236,2658810548,493107,
1,-201120,-198720,44197927,0,-200039,472201028389901598409,966950372059,1139490236,2658810548,493107,
0,-201120,-198720,44199727,0,-200039,366334596442676477659,743832138757,1139490236,2658810548,493108,
1,-201120,-198720,44199727,0,-200039,472802793083194422694,966950372059,1139490236,2658810548,493108,
0,-201120,-198720,44201527,0,-200039,366926050513540687069,743832138757,1139490236,2658810548,493109,
1,-201120,-198720,44201527,0,-200039,473394247154058632104,966950372059,1139490236,2658810548,493109,
0,-201120,-198720,44203327,0,-200039,367860301341587634443,743832138757,1139490236,2658810548,493110,
1,-201120,-198720,44203327,0,-200039,474328497982105579478,966950372059,1139490236,2658810548,493110,
0,-201120,-198720,44205127,0,-200039,368508936159976317649,743832138757,1139490236,2658810548,493111,
1,-201120,-198720,44205127,0,-200039,474977132800494262684,966950372059,1139490236,2658810548,493111,
0,-201120,-198720,44206927,0,-200039,369344784004805653195,743832138757,1139490236,2658810548,493112,
1,-201120,-198720,44206927,0,-200039,475812980645323598230,966950372059,1139490236,2658810548,493112,
0,-201120,-198720,44208727,0,-200039,370295860466316680946,743832138757,1139490236,2658810548,493113,
1,-201120,-198720,44208727,0,-200039,476764057106834625981,966950372059,1139490236,2658810548,493113,
0,-201120,-198720,44210527,0,-200039,370764438243770890762,743832138757,1139490236,2658810548,493114,
1,-201120,-198720,44210527,0,-200039,477232634884288835797,966950372059,1139490236,2658810548,493114,
0,-201120,-198720,44212327,0,-200039,371250690179270587083,743832138757,1139490236,2658810548,493115,
1,-201120,-198720,44212327,0,-200039,477718886819788532118,966950372059,1139490236,2658810548,493115,
0,-201120,-198720,44214127,0,-200039,371499215169278593523,743832138757,1139490236,2658810548,493116,
1,-201120,-198720,44214127,0,-200039,477967411809796538558,966950372059,1139490236,2658810548,493116,
0,-201120,-198720,44215927,0,-200039,374751826777432176557,743832138757,1139490236,2658810548,493117,
1,-201120,-198720,44215927,0,-200039,481220023417950121592,966950372059,1139490236,2658810548,493117,
0,-201120,-198720,44217727,0,-200039,375981676021053019720,763325903262,1139490236,2658810548,493118,
1,-201120,-198720,44217727,0,-200039,482449872661570964755,986444136564,1139490236,2658810548,493118,
0,-201120,-198720,44219527,0,-200039,376907063892104842463,763325903262,1139490236,2658810548,493119,
1,-201120,-198720,44219527,0,-200039,483375260532622787498,986444136564,1139490236,2658810548,493119,
0,-201120,-198720,44221327,0,-200039,377514975827071966838,763325903262,1139490236,2658810548,493120,
1,-201120,-198720,44221327,0,-200039,483983172467589911873,986444136564,1139490236,2658810548,493120,
0,-201120,-198720,44223127,0,-200039,377821329283917679510,763325903262,1139490236,2658810548,493121,
1,-201120,-198720,44223127,0,-200039,484289525924435624545,986444136564,1139490236,2658810548,493121,
0,-201120,-198720,44224927,0,-200039,378632907840293944431,763325903262,1139490236,2658810548,493122,
1,-201120,-198720,44224927,0,-200039,485101104480811889466,986444136564,1139490236,2658810548,493122,
0,-201120,-198720,44226727,0,-200039,379092638918552627409,763325903262,1139490236,2658810548,493123,
1,-201120,-198720,44226727,0,-200039,485560835559070572444,986444136564,1139490236,2658810548,493123,
0,-201120,-198720,44228527,0,-200039,379438900010094504092,763325903262,1139490236,2658810548,493124,
1,-201120,-198720,44228527,0,-200039,485907096650612449127,986444136564,1139490236,2658810548,493124,
0,-201120,-198720,44230327,0,-200039,379727593441873996924,763325903262,1139490236,2658810548,493125,
1,-201120,-198720,44230327,0,-200039,486195790082391941959,986444136564,1139490236,2658810548,493125,
0,-201120,-198720,44232127,0,-200039,380136291345676502793,763325903262,1139490236,2658810548,493126,
1,-201120,-198720,44232127,0,-200039,486604487986194447828,986444136564,1139490236,2658810548,493126,
0,-201120,-198720,44233927,0,-200039,380622605466284972445,763325903262,1139490236,2658810548,493127,
1,-201120,-198720,44233927,0,-200039,487090802106802917480,986444136564,1139490236,2658810548,493127,
0,-201120,-198720,44235727,0,-200027,380827324965408832860,763325903262,1139490236,2658810548,493128,
1,-201120,-198720,44235727,0,-200027,487295521605926777895,986444136564,1139490236,2658810548,493128,
0,-201120,-198720,44237527,0,-200027,380888550103749078366,763325903262,1139490236,2658810548,493129,
1,-201120,-198720,44237527,0,-200027,487356746744267023401,986444136564,1139490236,2658810548,493129,
0,-201120,-198720,44239327,0,-200027,381065909344132307996,763325903262,1139490236,2658810548,493130,
1,-201120,-198720,44239327,0,-200027,487534105984650253031,986444136564,1139490236,2658810548,493130,
0,-201120,-198720,44241127,0,-200027,381268792355195846549,763325903262,1139490236,2658810548,493131,
1,-201120,-198720,44241127,0,-200027,487736988995713791584,986444136564,1139490236,2658810548,493131,
0,-201120,-198720,44242927,0,-200027,381333482529670752982,763325903262,1139490236,2658810548,493132,
1,-201120,-198720,44242927,0,-200027,487801679170188698017,986444136564,1139490236,2658810548,493132,
0,-201120,-198720,44244727,0,-200027,381461846376270413702,763325903262,1139490236,2658810548,493133,
1,-201120,-198720,44244727,0,-200027,487930043016788358737,986444136564,1139490236,2658810548,493133,
0,-201120,-198720,44246527,0,-200027,381831190307276247768,763325903262,1139490236,2658810548,493134,
1,-201120,-198720,44246527,0,-200027,488299386947794192803,986444136564,1139490236,2658810548,493134,
0,-201120,-198720,44248327,0,-200027,381932599443412055252,763325903262,1139490236,2658810548,493135,
1,-201120,-198720,44248327,0,-200027,488400796083930000287,986444136564,1139490236,2658810548,493135,
0,-201120,-198720,44250127,0,-200027,382228855754044255477,763325903262,1139490236,2658810548,493136,
1,-201120,-198720,44250127,0,-200027,488697052394562200512,986444136564,1139490236,2658810548,493136,
0,-201120,-198720,44251927,0,-200027,382474045867783205859,763325903262,1139490236,2658810548,493137,
1,-201120,-198720,44251927,0,-200027,488942242508301150894,986444136564,1139490236,2658810548,493137,
0,-201120,-198720,44253727,0,-200027,382543857307612710444,763325903262,1139490236,2658810548,493138,
1,-201120,-198720,44253727,0,-200027,489012053948130655479,986444136564,1139490236,2658810548,493138,
0,-201120,-198720,44255527,0,-200027,382701289203180056872,763325903262,1139490236,2658810548,493139,
1,-201120,-198720,44255527,0,-200027,489169485843698001907,986444136564,1139490236,2658810548,493139,
0,-201120,-198720,44257327,0,-200027,382848073507105542093,763325903262,1139490236,2658810548,493140,
1,-201120,-198720,44257327,0,-200027,489316270147623487128,986444136564,1139490236,2658810548,493140,
0,-201120,-198720,44259127,0,-200027,383139335905146660207,763325903262,1139490236,2658810548,493141,
1,-201120,-198720,44259127,0,-200027,489607532545664605242,986444136564,1139490236,2658810548,493141,
0,-201120,-198720,44260927,0,-200027,383205659598605854671,763325903262,1139490236,2658810548,493142,
1,-201120,-198720,44260927,0,-200027,489673856239123799706,986444136564,1139490236,2658810548,493142,
0,-201120,-198720,44262727,0,-200027,383732075667755081615,763325903262,1139490236,2658810548,493143,
1,-201120,-198720,44262727,0,-200027,490200272308273026650,986444136564,1139490236,2658810548,493143,
0,-201120,-198720,44264527,0,-200027,384329750276848132721,782819667768,1139490236,2658810548,493144,
1,-201120,-198720,44264527,0,-200027,490797946917366077756,1005937901070,1139490236,2658810548,493144,
0,-201120,-198720,44266327,0,-200027,384843535029891864694,782819667768,1139490236,2658810548,493145,
1,-201120,-198720,44266327,0,-200027,491311731670409809729,1005937901070,1139490236,2658810548,493145,
0,-201120,-198720,44268127,0,-200027,385022809805550486987,782819667768,1139490236,2658810548,493146,
1,-201120,-198720,44268127,0,-200027,491491006446068432022,1005937901070,1139490236,2658810548,493146,
0,-201120,-198720,44269927,0,-200027,385498298473409745003,782819667768,1139490236,2658810548,493147,
1,-201120,-198720,44269927,0,-200027,491966495113927690038,1005937901070,1139490236,2658810548,493147,
0,-201120,-198720,44271727,0,-200027,386965906924702535058,782819667768,1139490236,2658810548,493148,
1,-201120,-198720,44271727,0,-200027,493434103565220480093,1005937901070,1139490236,2658810548,493148,
0,-201120,-198720,44273527,0,-200027,387515731613108139418,782819667768,1139490236,2658810548,493149,
1,-201120,-198720,44273527,0,-200027,493983928253626084453,1005937901070,1139490236,2658810548,493149,
0,-201120,-198720,44275327,0,-200027,387640417746602381519,782819667768,1139490236,2658810548,493150,
1,-201120,-198720,44275327,0,-200027,494108614387120326554,1005937901070,1139490236,2658810548,493150,
0,-201120,-198720,44277127,0,-200027,387932454768363664478,782819667768,1139490236,2658810548,493151,
1,-201120,-198720,44277127,0,-200027,494400651408881609513,1005937901070,1139490236,2658810548,493151,
0,-201120,-198720,44278927,0,-200019,388748985520674969212,782819667768,1139490236,2658810548,493152,
1,-201120,-198720,44278927,0,-200019,495217182161192914247,1005937901070,1139490236,2658810548,493152,
0,-201120,-198720,44280727,0,-200019,389408763033336430573,782819667768,1139490236,2658810548,493153,
1,-201120,-198720,44280727,0,-200019,495876959673854375608,1005937901070,1139490236,2658810548,493153,
0,-201120,-198720,44282527,0,-200019,390127755428861011356,782819667768,1139490236,2658810548,493154,
1,-201120,-198720,44282527,0,-200019,496595952069378956391,1005937901070,1139490236,2658810548,493154,
0,-201120,-198720,44284327,0,-200019,390399685041903671533,782819667768,1139490236,2658810548,493155,
1,-201120,-198720,44284327,0,-200019,496867881682421616568,1005937901070,1139490236,2658810548,493155,
0,-201120,-198720,44286127,0,-200019,390706892890953906564,782819667768,1139490236,2658810548,493156,
1,-201120,-198720,44286127,0,-200019,497175089531471851599,1005937901070,1139490236,2658810548,493156,
0,-201120,-198720,44287927,0,-200019,390869477807218231004,782819667768,1139490236,2658810548,493157,
1,-201120,-198720,44287927,0,-200019,497337674447736176039,1005937901070,1139490236,2658810548,493157,
0,-201120,-198720,44289727,0,-200019,391386927582926688356,782819667768,1139490236,2658810548,493158,
1,-201120,-198720,44289727,0,-200019,497855124223444633391,1005937901070,1139490236,2658810548,493158,
0,-201120,-198720,44291527,0,-200019,393078950687930194083,782819667768,1139490236,2658810548,493159,
1,-201120,-198720,44291527,0,-200019,499547147328448139118,1005937901070,1139490236,2658810548,493159,
0,-201120,-198720,44293327,0,-200019,394084044468355467611,782819667768,1139490236,2658810548,493160,
1,-201120,-198720,44293327,0,-200019,500552241108873412646,1005937901070,1139490236,2658810548,493160,
0,-201120,-198720,44295127,0,-200019,394133084853747515784,782819667768,1139490236,2658810548,493161,
1,-201120,-198720,44295127,0,-200019,500601281494265460819,1005937901070,1139490236,2658810548,493161,
0,-201120,-198720,44296927,0,-200019,394268105645482008345,782819667768,1139490236,2658810548,493162,
1,-201120,-198720,44296927,0,-200019,500736302285999953380,1005937901070,1139490236,2658810548,493162,
0,-201120,-198720,44298727,0,-200019,394770712576489322808,802313432274,1139490236,2658810548,493163,
1,-201120,-198720,44298727,0,-200019,501238909217007267843,1025431665576,1139490236,2658810548,493163,
0,-201120,-198720,44300527,0,-200019,395118885635947687604,802313432274,1139490236,2658810548,493164,
1,-201120,-198720,44300527,0,-200019,501587082276465632639,1025431665576,1139490236,2658810548,493164,
0,-201120,-198720,44302327,0,-200019,397183290638698896431,802313432274,1139490236,2658810548,493165,
1,-201120,-198720,44302327,0,-200019,503651487279216841466,1025431665576,1139490236,2658810548,493165,
0,-201120,-198720,44304127,0,-200019,397866799080519073219,802313432274,1139490236,2658810548,493166,
1,-201120,-198720,44304127,0,-200019,504334995721037018254,1025431665576,1139490236,2658810548,493166,
0,-201120,-198720,44305927,0,-200019,398517321577593670377,802313432274,1139490236,2658810548,493167,
1,-201120,-198720,44305927,0,-200019,504985518218111615412,1025431665576,1139490236,2658810548,493167,
0,-201120,-198720,44307727,0,-200019,400804119750170113481,802313432274,1139490236,2658810548,493168,
1,-201120,-198720,44307727,0,-200019,507272316390688058516,1025431665576,1139490236,2658810548,493168,
0,-201120,-198720,44309527,0,-200019,401627179860927559946,802313432274,1139490236,2658810548,493169,
1,-201120,-198720,44309527,0,-200019,508095376501445504981,1025431665576,1139490236,2658810548,493169,
0,-201120,-198720,44311327,0,-200019,402334423988384991562,802313432274,1139490236,2658810548,493170,
1,-201120,-198720,44311327,0,-200019,508802620628902936597,1025431665576,1139490236,2658810548,493170,
0,-201120,-198720,44313127,0,-200019,402897631984355664567,802313432274,1139490236,2658810548,493171,
1,-201120,-198720,44313127,0,-200019,509365828624873609602,1025431665576,1139490236,2658810548,493171,
0,-201120,-198720,44314927,0,-200019,403538306485020897223,821807196780,1139490236,2658810548,493172,
1,-201120,-198720,44314927,0,-200019,510006503125538842258,1044925430082,1139490236,2658810548,493172,
0,-201120,-198720,44316727,0,-200019,404077632143763938669,821807196780,1139490236,2658810548,493173,
1,-201120,-198720,44316727,0,-200019,510545828784281883704,1044925430082,1139490236,2658810548,493173,
0,-201120,-198720,44318527,0,-200019,405130700293069263629,821807196780,1139490236,2658810548,493174,
1,-201120,-198720,44318527,0,-200019,511598896933587208664,1044925430082,1139490236,2658810548,493174,
0,-201120,-198720,44320327,0,-200019,407902333399403480349,821807196780,1139490236,2658810548,493175,
1,-201120,-198720,44320327,0,-200019,514370530039921425384,1044925430082,1139490236,2658810548,493175,
0,-201120,-198720,44322127,0,-199645,412906490080695947554,841300961286,1139490236,2658810548,493176,
1,-201120,-198720,44322127,0,-199645,519374686721213892589,1064419194588,1139490236,2658810548,493176,
0,-201120,-198720,44323927,0,-199645,416216526010961503685,841300961286,1139490236,2658810548,493177,
1,-201120,-198720,44323927,0,-199645,522684722651479448720,1064419194588,1139490236,2658810548,493177,
0,-201120,-198720,44325727,0,-199645,417600322639744291110,841300961286,1139490236,2658810548,493178,
1,-201120,-198720,44325727,0,-199645,524068519280262236145,1064419194588,1139490236,2658810548,493178,
0,-201120,-198720,44327527,0,-199645,420419491173863183370,860794725791,1139490236,2658810548,493179,
1,-201120,-198720,44327527,0,-199645,526887687814381128405,1083912959093,1139490236,2658810548,493179,
0,-201120,-198720,44329327,0,-199645,421593520237253231307,860794725791,1139490236,2658810548,493180,
1,-201120,-198720,44329327,0,-199645,528061716877771176342,1083912959093,1139490236,2658810548,493180,
0,-201120,-198720,44331127,0,-199645,422233508420951510150,860794725791,1139490236,2658810548,493181,
1,-201120,-198720,44331127,0,-199645,528701705061469455185,1083912959093,1139490236,2658810548,493181,
0,-201120,-198720,44332927,0,-199645,422907608938096039660,860794725791,1139490236,2658810548,493182,
1,-201120,-198720,44332927,0,-199645,529375805578613984695,1083912959093,1139490236,2658810548,493182,
0,-201120,-198720,44334727,0,-199645,424377334685126856855,860794725791,1139490236,2658810548,493183,
1,-201120,-198720,44334727,0,-199645,530845531325644801890,1083912959093,1139490236,2658810548,493183,
0,-201120,-198720,44336527,0,-199645,425355457302351034297,860794725791,1139490236,2658810548,493184,
1,-201120,-198720,44336527,0,-199645,531823653942868979332,1083912959093,1139490236,2658810548,493184,
0,-201120,-198720,44338327,0,-199645,426352661410455426100,880288490297,1139490236,2658810548,493185,
1,-201120,-198720,44338327,0,-199645,532820858050973371135,1103406723599,1139490236,2658810548,493185,
0,-201120,-198720,44340127,0,-199645,429369033954186984851,880288490297,1139490236,2658810548,493186,
1,-201120,-198720,44340127,0,-199645,535837230594704929886,1103406723599,1139490236,2658810548,493186,
0,-201120,-198720,44341927,0,-199645,430105004599857961499,880288490297,1139490236,2658810548,493187,
1,-201120,-198720,44341927,0,-199645,536573201240375906534,1103406723599,1139490236,2658810548,493187,
0,-201120,-198720,44343727,0,-199645,430922640921529445134,880288490297,1139490236,2658810548,493188,
1,-201120,-198720,44343727,0,-199645,537390837562047390169,1103406723599,1139490236,2658810548,493188,
0,-201120,-198720,44345527,0,-199645,432151716477130819729,880288490297,1139490236,2658810548,493189,
1,-201120,-198720,44345527,0,-199645,538619913117648764764,1103406723599,1139490236,2658810548,493189,
0,-201120,-198720,44347327,0,-199645,434463121960036863100,880288490297,1139490236,2658810548,493190,
1,-201120,-198720,44347327,0,-199645,540931318600554808135,1103406723599,1139490236,2658810548,493190,
0,-201120,-198720,44349127,0,-199645,439223665163769840186,899782254803,1139490236,2658810548,493191,
1,-201120,-198720,44349127,0,-199645,545691861804287785221,1122900488105,1139490236,2658810548,493191,
0,-201120,-198720,44350927,0,-199645,442155577152002409572,899782254803,1139490236,2658810548,493192,
1,-201120,-198720,44350927,0,-199645,548623773792520354607,1122900488105,1139490236,2658810548,493192,
0,-201120,-198720,44352727,0,-199645,445012576084765498014,919276019308,1139490236,2658810548,493193,
1,-201120,-198720,44352727,0,-199645,551480772725283443049,1142394252610,1139490236,2658810548,493193,
0,-201120,-198720,44354527,0,-199645,447682118046118909206,919276019308,1139490236,2658810548,493194,
1,-201120,-198720,44354527,0,-199645,554150314686636854241,1142394252610,1139490236,2658810548,493194,
0,-201120,-198720,44356327,0,-199645,448759417139642521988,919276019308,1139490236,2658810548,493195,
1,-201120,-198720,44356327,0,-199645,555227613780160467023,1142394252610,1139490236,2658810548,493195,
0,-201120,-198720,44358127,0,-199645,449664354628683007846,919276019308,1139490236,2658810548,493196,
1,-201120,-198720,44358127,0,-199645,556132551269200952881,1142394252610,1139490236,2658810548,493196,
0,-201120,-198720,44359927,0,-199645,450277916733823300284,919276019308,1139490236,2658810548,493197,
1,-201120,-198720,44359927,0,-199645,556746113374341245319,1142394252610,1139490236,2658810548,493197,
0,-201120,-198720,44361727,0,-199645,451125665814289861588,919276019308,1139490236,2658810548,493198,
1,-201120,-198720,44361727,0,-199645,557593862454807806623,1142394252610,1139490236,2658810548,493198,
0,-201120,-198720,44363527,0,-199645,454012145089139932274,919276019308,1139490236,2658810548,493199,
1,-201120,-198720,44363527,0,-199645,560480341729657877309,1142394252610,1139490236,2658810548,493199,
0,-201120,-198720,44365327,0,-199687,457695076792279327487,938769783814,1139490236,2658810548,493200,
1,-201120,-198720,44365327,0,-199687,564163273432797272522,1161888017116,1139490236,2658810548,493200,
0,-201120,-198720,44367127,0,-199687,459759511152639881969,938769783814,1139490236,2658810548,493201,
1,-201120,-198720,44367127,0,-199687,566227707793157827004,1161888017116,1139490236,2658810548,493201,
0,-201120,-198720,44368927,0,-199687,462305221489666160453,938769783814,1139490236,2658810548,493202,
1,-201120,-198720,44368927,0,-199687,568773418130184105488,1161888017116,1139490236,2658810548,493202,
0,-201120,-198720,44370727,0,-199687,463690231507820608063,938769783814,1139490236,2658810548,493203,
1,-201120,-198720,44370727,0,-199687,570158428148338553098,1161888017116,1139490236,2658810548,493203,
0,-201120,-198720,44372527,0,-199687,464080325245060587276,938769783814,1139490236,2658810548,493204,
1,-201120,-198720,44372527,0,-199687,570548521885578532311,1161888017116,1139490236,2658810548,493204,
0,-201120,-198720,44374327,0,-199687,464479664134042590785,958263548320,1139490236,2658810548,493205,
1,-201120,-198720,44374327,0,-199687,570947860774560535820,1181381781622,1139490236,2658810548,493205,
0,-201120,-198720,44376127,0,-199687,465144518524756870713,958263548320,1139490236,2658810548,493206,
1,-201120,-198720,44376127,0,-199687,571612715165274815748,1181381781622,1139490236,2658810548,493206,
0,-201120,-198720,44377927,0,-199687,466058879981841192078,958263548320,1139490236,2658810548,493207,
1,-201120,-198720,44377927,0,-199687,572527076622359137113,1181381781622,1139490236,2658810548,493207,
0,-201120,-198720,44379727,0,-199687,466782368165792439633,958263548320,1139490236,2658810548,493208,
1,-201120,-198720,44379727,0,-199687,573250564806310384668,1181381781622,1139490236,2658810548,493208,
0,-201120,-198720,44381527,0,-199687,467665807794879636832,958263548320,1139490236,2658810548,493209,
1,-201120,-198720,44381527,0,-199687,574134004435397581867,1181381781622,1139490236,2658810548,493209,
0,-201120,-198720,44383327,0,-199687,468575054536514233976,958263548320,1139490236,2658810548,493210,
1,-201120,-198720,44383327,0,-199687,575043251177032179011,1181381781622,1139490236,2658810548,493210,
0,-201120,-198720,44385127,0,-199687,472842673264601078303,958263548320,1139490236,2658810548,493211,
1,-201120,-198720,44385127,0,-199687,579310869905119023338,1181381781622,1139490236,2658810548,493211,
0,-201120,-198720,44386927,0,-199687,474609888010462616595,958263548320,1139490236,2658810548,493212,
1,-201120,-198720,44386927,0,-199687,581078084650980561630,1181381781622,1139490236,2658810548,493212,
0,-201120,-198720,44388727,0,-199687,478408908063779700946,977757312826,1139490236,2658810548,493213,
1,-201120,-198720,44388727,0,-199687,584877104704297645981,1200875546128,1139490236,2658810548,493213,
0,-201120,-198720,44390527,0,-199687,481194293416666022066,977757312826,1139490236,2658810548,493214,
1,-201120,-198720,44390527,0,-199687,587662490057183967101,1200875546128,1139490236,2658810548,493214,
0,-201120,-198720,44392327,0,-199687,485024030165096336614,977757312826,1139490236,2658810548,493215,
1,-201120,-198720,44392327,0,-199687,591492226805614281649,1200875546128,1139490236,2658810548,493215,
0,-201120,-198720,44394127,0,-199687,486318632567545204277,997251077331,1139490236,2658810548,493216,
1,-201120,-198720,44394127,0,-199687,592786829208063149312,1220369310633,1139490236,2658810548,493216,
0,-201120,-198720,44395927,0,-199687,487820619929513861082,997251077331,1139490236,2658810548,493217,
1,-201120,-198720,44395927,0,-199687,594288816570031806117,1220369310633,1139490236,2658810548,493217,
0,-201120,-198720,44397727,0,-199687,489594891320657657039,997251077331,1139490236,2658810548,493218,
1,-201120,-198720,44397727,0,-199687,596063087961175602074,1220369310633,1139490236,2658810548,493218,
0,-201120,-198720,44399527,0,-199687,491034122581996845039,997251077331,1139490236,2658810548,493219,
1,-201120,-198720,44399527,0,-199687,597502319222514790074,1220369310633,1139490236,2658810548,493219,
0,-201120,-198720,44401327,0,-199687,493883864571047379273,1016744841837,1139490236,2658810548,493220,
1,-201120,-198720,44401327,0,-199687,600352061211565324308,1239863075139,1139490236,2658810548,493220,
0,-201120,-198720,44403127,0,-199687,495872502925368929533,1016744841837,1139490236,2658810548,493221,
1,-201120,-198720,44403127,0,-199687,602340699565886874568,1239863075139,1139490236,2658810548,493221,
0,-201120,-198720,44404927,0,-199687,499136007278746798041,1016744841837,1139490236,2658810548,493222,
1,-201120,-198720,44404927,0,-199687,605604203919264743076,1239863075139,1139490236,2658810548,493222,
0,-201120,-198720,44406727,0,-199687,507432479649000043288,1055732370849,1139490236,2658810548,493223,
1,-201120,-198720,44406727,0,-199687,613900676289517988323,1278850604151,1139490236,2658810548,493223,
0,-201120,-198720,44408527,0,-199221,519393300258208062195,1075226135354,1139490236,2658810548,493224,
1,-201120,-198720,44408527,0,-199221,625861496898726007230,1298344368656,1139490236,2658810548,493224,
0,-201120,-198720,44410327,0,-199221,523469506008797726616,1094719899860,1139490236,2658810548,493225,
1,-201120,-198720,44410327,0,-199221,629937702649315671651,1317838133162,1139490236,2658810548,493225,
0,-201120,-198720,44412127,0,-199221,524963236026553158813,1094719899860,1139490236,2658810548,493226,
1,-201120,-198720,44412127,0,-199221,631431432667071103848,1317838133162,1139490236,2658810548,493226,
0,-201120,-198720,44413927,0,-199221,526751586886580052630,1094719899860,1139490236,2658810548,493227,
1,-201120,-198720,44413927,0,-199221,633219783527097997665,1317838133162,1139490236,2658810548,493227,
0,-201120,-198720,44415727,0,-199221,527361921974450299305,1094719899860,1139490236,2658810548,493228,
1,-201120,-198720,44415727,0,-199221,633830118614968244340,1317838133162,1139490236,2658810548,493228,
0,-201120,-198720,44417527,0,-199221,528649137721677591523,1094719899860,1139490236,2658810548,493229,
1,-201120,-198720,44417527,0,-199221,635117334362195536558,1317838133162,1139490236,2658810548,493229,
0,-201120,-198720,44419327,0,-199221,529312575734450412930,1094719899860,1139490236,2658810548,493230,
1,-201120,-198720,44419327,0,-199221,635780772374968357965,1317838133162,1139490236,2658810548,493230,
0,-201120,-198720,44421127,0,-199221,530491900766312559517,1114213664366,1139490236,2658810548,493231,
1,-201120,-198720,44421127,0,-199221,636960097406830504552,1337331897668,1139490236,2658810548,493231,
0,-201120,-198720,44422927,0,-199221,531312785918776570846,1114213664366,1139490236,2658810548,493232,
1,-201120,-198720,44422927,0,-199221,637780982559294515881,1337331897668,1139490236,2658810548,493232,
0,-201120,-198720,44424727,0,-199221,532523802041570767364,1114213664366,1139490236,2658810548,493233,
1,-201120,-198720,44424727,0,-199221,638991998682088712399,1337331897668,1139490236,2658810548,493233,
0,-201120,-198720,44426527,0,-199221,533656700314516973726,1114213664366,1139490236,2658810548,493234,
1,-201120,-198720,44426527,0,-199221,640124896955034918761,1337331897668,1139490236,2658810548,493234,
0,-201120,-198720,44428327,0,-199221,534883415428655641008,1114213664366,1139490236,2658810548,493235,
1,-201120,-198720,44428327,0,-199221,641351612069173586043,1337331897668,1139490236,2658810548,493235,
0,-201120,-198720,44430127,0,-199221,536187581608427379391,1114213664366,1139490236,2658810548,493236,
1,-201120,-198720,44430127,0,-199221,642655778248945324426,1337331897668,1139490236,2658810548,493236,
0,-201120,-198720,44431927,0,-199221,537294593975030053580,1133707428872,1139490236,2658810548,493237,
1,-201120,-198720,44431927,0,-199221,643762790615547998615,1356825662174,1139490236,2658810548,493237,
0,-201120,-198720,44433727,0,-199221,542214537925051692973,1133707428872,1139490236,2658810548,493238,
1,-201120,-198720,44433727,0,-199221,648682734565569638008,1356825662174,1139490236,2658810548,493238,
0,-201120,-198720,44435527,0,-199221,548142066568727150169,1133707428872,1139490236,2658810548,493239,
1,-201120,-198720,44435527,0,-199221,654610263209245095204,1356825662174,1139490236,2658810548,493239,
0,-201120,-198720,44437327,0,-199221,550039197391174648250,1153201193377,1139490236,2658810548,493240,
1,-201120,-198720,44437327,0,-199221,656507394031692593285,1376319426679,1139490236,2658810548,493240,
0,-201120,-198720,44439127,0,-199221,551404130878733450180,1153201193377,1139490236,2658810548,493241,
1,-201120,-198720,44439127,0,-199221,657872327519251395215,1376319426679,1139490236,2658810548,493241,
0,-201120,-198720,44440927,0,-199221,553361722021164575313,1153201193377,1139490236,2658810548,493242,
1,-201120,-198720,44440927,0,-199221,659829918661682520348,1376319426679,1139490236,2658810548,493242,
0,-201120,-198720,44442727,0,-199221,556463435712219141511,1153201193377,1139490236,2658810548,493243,
1,-201120,-198720,44442727,0,-199221,662931632352737086546,1376319426679,1139490236,2658810548,493243,
0,-201120,-198720,44444527,0,-199221,557602342119336134957,1172694957883,1139490236,2658810548,493244,
1,-201120,-198720,44444527,0,-199221,664070538759854079992,1395813191185,1139490236,2658810548,493244,
0,-201120,-198720,44446327,0,-199221,558420498222744399814,1172694957883,1139490236,2658810548,493245,
1,-201120,-198720,44446327,0,-199221,664888694863262344849,1395813191185,1139490236,2658810548,493245,
0,-201120,-198720,44448127,0,-199221,559364836313666255220,1172694957883,1139490236,2658810548,493246,
1,-201120,-198720,44448127,0,-199221,665833032954184200255,1395813191185,1139490236,2658810548,493246,
0,-201120,-198720,44449927,0,-199221,562103464624784615255,1172694957883,1139490236,2658810548,493247,
1,-201120,-198720,44449927,0,-199221,668571661265302560290,1395813191185,1139490236,2658810548,493247,
0,-201120,-198720,44451727,0,-199386,563541254419707425838,1172694957883,1139490236,2658810548,493248,
1,-201120,-198720,44451727,0,-199386,670009451060225370873,1395813191185,1139490236,2658810548,493248,
0,-201120,-198720,44453527,0,-199386,565047382861563802854,1172694957883,1139490236,2658810548,493249,
1,-201120,-198720,44453527,0,-199386,671515579502081747889,1395813191185,1139490236,2658810548,493249,
0,-201120,-198720,44455327,0,-199386,567196284483278336678,1172694957883,1139490236,2658810548,493250,
1,-201120,-198720,44455327,0,-199386,673664481123796281713,1395813191185,1139490236,2658810548,493250,
0,-201120,-198720,44457127,0,-199386,568078161316758872694,1192188722389,1139490236,2658810548,493251,
1,-201120,-198720,44457127,0,-199386,674546357957276817729,1415306955691,1139490236,2658810548,493251,
0,-201120,-198720,44458927,0,-199386,568650436310957751977,1192188722389,1139490236,2658810548,493252,
1,-201120,-198720,44458927,0,-199386,675118632951475697012,1415306955691,1139490236,2658810548,493252,
0,-201120,-198720,44460727,0,-199386,569092713939572682509,1192188722389,1139490236,2658810548,493253,
1,-201120,-198720,44460727,0,-199386,675560910580090627544,1415306955691,1139490236,2658810548,493253,
0,-201120,-198720,44462527,0,-199386,569584426858261018625,1192188722389,1139490236,2658810548,493254,
1,-201120,-198720,44462527,0,-199386,676052623498778963660,1415306955691,1139490236,2658810548,493254,
0,-201120,-198720,44464327,0,-199386,570039180632615978388,1192188722389,1139490236,2658810548,493255,
1,-201120,-198720,44464327,0,-199386,676507377273133923423,1415306955691,1139490236,2658810548,493255,
0,-201120,-198720,44466127,0,-199386,570317610441433079699,1192188722389,1139490236,2658810548,493256,
1,-201120,-198720,44466127,0,-199386,676785807081951024734,1415306955691,1139490236,2658810548,493256,
0,-201120,-198720,44467927,0,-199386,571083657197621863212,1192188722389,1139490236,2658810548,493257,
1,-201120,-198720,44467927,0,-199386,677551853838139808247,1415306955691,1139490236,2658810548,493257,
0,-201120,-198720,44469727,0,-199386,571777547628542510413,1192188722389,1139490236,2658810548,493258,
1,-201120,-198720,44469727,0,-199386,678245744269060455448,1415306955691,1139490236,2658810548,493258,
0,-201120,-198720,44471527,0,-199386,572482171911012956748,1192188722389,1139490236,2658810548,493259,
1,-201120,-198720,44471527,0,-199386,678950368551530901783,1415306955691,1139490236,2658810548,493259,
0,-201120,-198720,44473327,0,-199386,573602821335513270882,1192188722389,1139490236,2658810548,493260,
1,-201120,-198720,44473327,0,-199386,680071017976031215917,1415306955691,1139490236,2658810548,493260,
0,-201120,-198720,44475127,0,-199386,574984050343104183921,1192188722389,1139490236,2658810548,493261,
1,-201120,-198720,44475127,0,-199386,681452246983622128956,1415306955691,1139490236,2658810548,493261,
0,-201120,-198720,44476927,0,-199386,578095686243329587998,1211682486895,1139490236,2658810548,493262,
1,-201120,-198720,44476927,0,-199386,684563882883847533033,1434800720197,1139490236,2658810548,493262,
0,-201120,-198720,44478727,0,-199386,580139238454288767819,1211682486895,1139490236,2658810548,493263,
1,-201120,-198720,44478727,0,-199386,686607435094806712854,1434800720197,1139490236,2658810548,493263,
0,-201120,-198720,44480527,0,-199386,584343598493509656187,1231176251400,1139490236,2658810548,493264,
1,-201120,-198720,44480527,0,-199386,690811795134027601222,1454294484702,1139490236,2658810548,493264,
0,-201120,-198720,44482327,0,-199386,589164181088369287743,1231176251400,1139490236,2658810548,493265,
1,-201120,-198720,44482327,0,-199386,695632377728887232778,1454294484702,1139490236,2658810548,493265,
0,-201120,-198720,44484127,0,-199386,591622877966496904315,1231176251400,1139490236,2658810548,493266,
1,-201120,-198720,44484127,0,-199386,698091074607014849350,1454294484702,1139490236,2658810548,493266,
0,-201120,-198720,44485927,0,-199386,594582609233142921295,1250670015906,1139490236,2658810548,493267,
1,-201120,-198720,44485927,0,-199386,701050805873660866330,1473788249208,1139490236,2658810548,493267,
0,-201120,-198720,44487727,0,-199386,596432693648382134991,1250670015906,1139490236,2658810548,493268,
1,-201120,-198720,44487727,0,-199386,702900890288900080026,1473788249208,1139490236,2658810548,493268,
0,-201120,-198720,44489527,0,-199386,597259662083479103055,1250670015906,1139490236,2658810548,493269,
1,-201120,-198720,44489527,0,-199386,703727858723997048090,1473788249208,1139490236,2658810548,493269,
0,-201120,-198720,44491327,0,-199386,598947019511898274429,1250670015906,1139490236,2658810548,493270,
1,-201120,-198720,44491327,0,-199386,705415216152416219464,1473788249208,1139490236,2658810548,493270,
0,-201120,-198720,44493127,0,-199386,602994154893762276959,1270163780412,1139490236,2658810548,493271,
1,-201120,-198720,44493127,0,-199386,709462351534280221994,1493282013714,1139490236,2658810548,493271,
0,-201120,-198720,44494927,0,-199260,605477422433942222996,1270163780412,1139490236,2658810548,493272,
1,-201120,-198720,44494927,0,-199260,711945619074460168031,1493282013714,1139490236,2658810548,493272,
0,-201120,-198720,44496727,0,-199260,606864644604492782705,1270163780412,1139490236,2658810548,493273,
1,-201120,-198720,44496727,0,-199260,713332841245010727740,1493282013714,1139490236,2658810548,493273,
0,-201120,-198720,44498527,0,-199260,609254432389656101187,1270163780412,1139490236,2658810548,493274,
1,-201120,-198720,44498527,0,-199260,715722629030174046222,1493282013714,1139490236,2658810548,493274,
0,-201120,-198720,44500327,0,-199260,610220067086906487929,1270163780412,1139490236,2658810548,493275,
1,-201120,-198720,44500327,0,-199260,716688263727424432964,1493282013714,1139490236,2658810548,493275,
0,-201120,-198720,44502127,0,-199260,610839267490517364430,1270163780412,1139490236,2658810548,493276,
1,-201120,-198720,44502127,0,-199260,717307464131035309465,1493282013714,1139490236,2658810548,493276,
0,-201120,-198720,44503927,0,-199260,611137950209511359414,1270163780412,1139490236,2658810548,493277,
1,-201120,-198720,44503927,0,-199260,717606146850029304449,1493282013714,1139490236,2658810548,493277,
0,-201120,-198720,44505727,0,-199260,611595824058344286415,1289657544918,1139490236,2658810548,493278,
1,-201120,-198720,44505727,0,-199260,718064020698862231450,1512775778220,1139490236,2658810548,493278,
0,-201120,-198720,44507527,0,-199260,612301405231233026324,1289657544918,1139490236,2658810548,493279,
1,-201120,-198720,44507527,0,-199260,718769601871750971359,1512775778220,1139490236,2658810548,493279,
0,-201120,-198720,44509327,0,-199260,612961827597624337776,1289657544918,1139490236,2658810548,493280,
1,-201120,-198720,44509327,0,-199260,719430024238142282811,1512775778220,1139490236,2658810548,493280,
0,-201120,-198720,44511127,0,-199260,613432002811104735486,1289657544918,1139490236,2658810548,493281,
1,-201120,-198720,44511127,0,-199260,719900199451622680521,1512775778220,1139490236,2658810548,493281,
0,-201120,-198720,44512927,0,-199260,613961794517984600003,1289657544918,1139490236,2658810548,493282,
1,-201120,-198720,44512927,0,-199260,720429991158502545038,1512775778220,1139490236,2658810548,493282,
0,-201120,-198720,44514727,0,-199260,614342060532330300691,1289657544918,1139490236,2658810548,493283,
1,-201120,-198720,44514727,0,-199260,720810257172848245726,1512775778220,1139490236,2658810548,493283,
0,-201120,-198720,44516527,0,-199260,615508122474673085572,1289657544918,1139490236,2658810548,493284,
1,-201120,-198720,44516527,0,-199260,721976319115191030607,1512775778220,1139490236,2658810548,493284,
0,-201120,-198720,44518327,0,-199260,618236052471374340447,1289657544918,1139490236,2658810548,493285,
1,-201120,-198720,44518327,0,-199260,724704249111892285482,1512775778220,1139490236,2658810548,493285,
0,-201120,-198720,44520127,0,-199260,620145230966618031453,1309151309423,1139490236,2658810548,493286,
1,-201120,-198720,44520127,0,-199260,726613427607135976488,1532269542725,1139490236,2658810548,493286,
0,-201120,-198720,44521927,0,-199260,624827273521449419040,1309151309423,1139490236,2658810548,493287,
1,-201120,-198720,44521927,0,-199260,731295470161967364075,1532269542725,1139490236,2658810548,493287,
0,-201120,-198720,44523727,0,-199260,627942849014012611933,1328645073929,1139490236,2658810548,493288,
1,-201120,-198720,44523727,0,-199260,734411045654530556968,1551763307231,1139490236,2658810548,493288,
0,-201120,-198720,44525527,0,-199260,629764617956556648766,1328645073929,1139490236,2658810548,493289,
1,-201120,-198720,44525527,0,-199260,736232814597074593801,1551763307231,1139490236,2658810548,493289,
0,-201120,-198720,44527327,0,-199260,630697715942864490804,1328645073929,1139490236,2658810548,493290,
1,-201120,-198720,44527327,0,-199260,737165912583382435839,1551763307231,1139490236,2658810548,493290,
0,-201120,-198720,44529127,0,-199260,631797024783103548639,1328645073929,1139490236,2658810548,493291,
1,-201120,-198720,44529127,0,-199260,738265221423621493674,1551763307231,1139490236,2658810548,493291,
0,-201120,-198720,44530927,0,-199260,632425219200288321905,1328645073929,1139490236,2658810548,493292,
1,-201120,-198720,44530927,0,-199260,738893415840806266940,1551763307231,1139490236,2658810548,493292,
0,-201120,-198720,44532727,0,-199260,633471178012665930167,1328645073929,1139490236,2658810548,493293,
1,-201120,-198720,44532727,0,-199260,739939374653183875202,1551763307231,1139490236,2658810548,493293,
0,-201120,-198720,44534527,0,-199260,634556106907135798569,1348138838435,1139490236,2658810548,493294,
1,-201120,-198720,44534527,0,-199260,741024303547653743604,1571257071737,1139490236,2658810548,493294,
0,-201120,-198720,44536327,0,-199260,635695829927541702236,1348138838435,1139490236,2658810548,493295,
1,-201120,-198720,44536327,0,-199260,742164026568059647271,1571257071737,1139490236,2658810548,493295,
0,-201120,-198720,44538127,0,-199054,636011448185844060996,1348138838435,1139490236,2658810548,493296,
1,-201120,-198720,44538127,0,-199054,742479644826362006031,1571257071737,1139490236,2658810548,493296,
0,-201120,-198720,44539927,0,-199054,636717709496176406396,1348138838435,1139490236,2658810548,493297,
1,-201120,-198720,44539927,0,-199054,743185906136694351431,1571257071737,1139490236,2658810548,493297,
0,-201120,-198720,44541727,0,-199054,637173415131558417249,1348138838435,1139490236,2658810548,493298,
1,-201120,-198720,44541727,0,-199054,743641611772076362284,1571257071737,1139490236,2658810548,493298,
0,-201120,-198720,44543527,0,-199054,637527792724864964523,1348138838435,1139490236,2658810548,493299,
1,-201120,-198720,44543527,0,-199054,743995989365382909558,1571257071737,1139490236,2658810548,493299,
0,-201120,-198720,44545327,0,-199054,638432204135682733804,1348138838435,1139490236,2658810548,493300,
1,-201120,-198720,44545327,0,-199054,744900400776200678839,1571257071737,1139490236,2658810548,493300,
0,-201120,-198720,44547127,0,-199054,638761689926660483948,1348138838435,1139490236,2658810548,493301,
1,-201120,-198720,44547127,0,-199054,745229886567178428983,1571257071737,1139490236,2658810548,493301,
0,-201120,-198720,44548927,0,-199054,639426253216989399565,1348138838435,1139490236,2658810548,493302,
1,-201120,-198720,44548927,0,-199054,745894449857507344600,1571257071737,1139490236,2658810548,493302,
0,-201120,-198720,44550727,0,-199054,640229467583829183882,1348138838435,1139490236,2658810548,493303,
1,-201120,-198720,44550727,0,-199054,746697664224347128917,1571257071737,1139490236,2658810548,493303,
0,-201120,-198720,44552527,0,-199054,640493723164573924901,1348138838435,1139490236,2658810548,493304,
1,-201120,-198720,44552527,0,-199054,746961919805091869936,1571257071737,1139490236,2658810548,493304,
0,-201120,-198720,44554327,0,-199054,640576007104809496142,1348138838435,1139490236,2658810548,493305,
1,-201120,-198720,44554327,0,-199054,747044203745327441177,1571257071737,1139490236,2658810548,493305,
0,-201120,-198720,44556127,0,-199054,641153945193547410797,1348138838435,1139490236,2658810548,493306,
1,-201120,-198720,44556127,0,-199054,747622141834065355832,1571257071737,1139490236,2658810548,493306,
0,-201120,-198720,44557927,0,-199054,641674990457662601530,1348138838435,1139490236,2658810548,493307,
1,-201120,-198720,44557927,0,-199054,748143187098180546565,1571257071737,1139490236,2658810548,493307,
0,-201120,-198720,44559727,0,-199054,641769703602653272164,1348138838435,1139490236,2658810548,493308,
1,-201120,-198720,44559727,0,-199054,748237900243171217199,1571257071737,1139490236,2658810548,493308,
0,-201120,-198720,44561527,0,-199054,642055691358400660915,1348138838435,1139490236,2658810548,493309,
1,-201120,-198720,44561527,0,-199054,748523887998918605950,1571257071737,1139490236,2658810548,493309,
0,-201120,-198720,44563327,0,-199054,643151280301027909695,1348138838435,1139490236,2658810548,493310,
1,-201120,-198720,44563327,0,-199054,749619476941545854730,1571257071737,1139490236,2658810548,493310,
0,-201120,-198720,44565127,0,-199054,643724578094062876480,1367632602941,1139490236,2658810548,493311,
1,-201120,-198720,44565127,0,-199054,750192774734580821515,1590750836243,1139490236,2658810548,493311,
0,-201120,-198720,44566927,0,-199054,644304971149527586813,1367632602941,1139490236,2658810548,493312,
1,-201120,-198720,44566927,0,-199054,750773167790045531848,1590750836243,1139490236,2658810548,493312,
0,-201120,-198720,44568727,0,-199054,646176841932434774215,1367632602941,1139490236,2658810548,493313,
1,-201120,-198720,44568727,0,-199054,752645038572952719250,1590750836243,1139490236,2658810548,493313,
0,-201120,-198720,44570527,0,-199054,646983570635139654491,1367632602941,1139490236,2658810548,493314,
1,-201120,-198720,44570527,0,-199054,753451767275657599526,1590750836243,1139490236,2658810548,493314,
0,-201120,-198720,44572327,0,-199054,650518190093597839576,1387126367446,1139490236,2658810548,493315,
1,-201120,-198720,44572327,0,-199054,756986386734115784611,1610244600748,1139490236,2658810548,493315,
0,-201120,-198720,44574127,0,-199054,654234610661113298168,1387126367446,1139490236,2658810548,493316,
1,-201120,-198720,44574127,0,-199054,760702807301631243203,1610244600748,1139490236,2658810548,493316,
0,-201120,-198720,44575927,0,-199054,656265306305518119118,1387126367446,1139490236,2658810548,493317,
1,-201120,-198720,44575927,0,-199054,762733502946036064153,1610244600748,1139490236,2658810548,493317,
0,-201120,-198720,44577727,0,-199054,657081952480409062377,1387126367446,1139490236,2658810548,493318,
1,-201120,-198720,44577727,0,-199054,763550149120927007412,1610244600748,1139490236,2658810548,493318,
0,-201120,-198720,44579527,0,-199054,658523680444624852858,1406620131952,1139490236,2658810548,493319,
1,-201120,-198720,44579527,0,-199054,764991877085142797893,1629738365254,1139490236,2658810548,493319,
0,-201120,-198720,44581327,0,-199306,659866686878017243108,1406620131952,1139490236,2658810548,493320,
1,-201120,-198720,44581327,0,-199306,766334883518535188143,1629738365254,1139490236,2658810548,493320,
0,-201120,-198720,44583127,0,-199306,660727480405940469667,1406620131952,1139490236,2658810548,493321,
1,-201120,-198720,44583127,0,-199306,767195677046458414702,1629738365254,1139490236,2658810548,493321,
0,-201120,-198720,44584927,0,-199306,669147251850368315136,1406620131952,1139490236,2658810548,493322,
1,-201120,-198720,44584927,0,-199306,775615448490886260171,1629738365254,1139490236,2658810548,493322,
0,-201120,-198720,44586727,0,-199306,671711768055938461233,1426113896458,1139490236,2658810548,493323,
1,-201120,-198720,44586727,0,-199306,778179964696456406268,1649232129760,1139490236,2658810548,493323,
0,-201120,-198720,44588527,0,-199306,673379880674718389104,1426113896458,1139490236,2658810548,493324,
1,-201120,-198720,44588527,0,-199306,779848077315236334139,1649232129760,1139490236,2658810548,493324,
0,-201120,-198720,44590327,0,-199306,674057477495995846758,1426113896458,1139490236,2658810548,493325,
1,-201120,-198720,44590327,0,-199306,780525674136513791793,1649232129760,1139490236,2658810548,493325,
0,-201120,-198720,44592127,0,-199306,675334292462133685023,1426113896458,1139490236,2658810548,493326,
1,-201120,-198720,44592127,0,-199306,781802489102651630058,1649232129760,1139490236,2658810548,493326,
0,-201120,-198720,44593927,0,-199306,675572260175110785379,1426113896458,1139490236,2658810548,493327,
1,-201120,-198720,44593927,0,-199306,782040456815628730414,1649232129760,1139490236,2658810548,493327,
0,-201120,-198720,44595727,0,-199306,675967188171010544640,1426113896458,1139490236,2658810548,493328,
1,-201120,-198720,44595727,0,-199306,782435384811528489675,1649232129760,1139490236,2658810548,493328,
0,-201120,-198720,44597527,0,-199306,676470452353781934849,1426113896458,1139490236,2658810548,493329,
1,-201120,-198720,44597527,0,-199306,782938648994299879884,1649232129760,1139490236,2658810548,493329,
0,-201120,-198720,44599327,0,-199306,676727140162739077532,1426113896458,1139490236,2658810548,493330,
1,-201120,-198720,44599327,0,-199306,783195336803257022567,1649232129760,1139490236,2658810548,493330,
0,-201120,-198720,44601127,0,-199306,678230739834476240115,1426113896458,1139490236,2658810548,493331,
1,-201120,-198720,44601127,0,-199306,784698936474994185150,1649232129760,1139490236,2658810548,493331,
0,-201120,-198720,44602927,0,-199306,678817762836211941830,1426113896458,1139490236,2658810548,493332,
1,-201120,-198720,44602927,0,-199306,785285959476729886865,1649232129760,1139490236,2658810548,493332,
0,-201120,-198720,44604727,0,-199306,680995409300278656086,1445607660964,1139490236,2658810548,493333,
1,-201120,-198720,44604727,0,-199306,787463605940796601121,1668725894266,1139490236,2658810548,493333,
0,-201120,-198720,44606527,0,-199306,683195116994092875074,1445607660964,1139490236,2658810548,493334,
1,-201120,-198720,44606527,0,-199306,789663313634610820109,1668725894266,1139490236,2658810548,493334,
0,-201120,-198720,44608327,0,-199306,684766987961807236736,1445607660964,1139490236,2658810548,493335,
1,-201120,-198720,44608327,0,-199306,791235184602325181771,1668725894266,1139490236,2658810548,493335,
0,-201120,-198720,44610127,0,-199306,685432477537344171905,1445607660964,1139490236,2658810548,493336,
1,-201120,-198720,44610127,0,-199306,791900674177862116940,1668725894266,1139490236,2658810548,493336,
0,-201120,-198720,44611927,0,-199306,685953531086309277580,1445607660964,1139490236,2658810548,493337,
1,-201120,-198720,44611927,0,-199306,792421727726827222615,1668725894266,1139490236,2658810548,493337,
0,-201120,-198720,44613727,0,-199306,686467110297100060962,1445607660964,1139490236,2658810548,493338,
1,-201120,-198720,44613727,0,-199306,792935306937618005997,1668725894266,1139490236,2658810548,493338,
0,-201120,-198720,44615527,0,-199306,687184488647911094955,1445607660964,1139490236,2658810548,493339,
1,-201120,-198720,44615527,0,-199306,793652685288429039990,1668725894266,1139490236,2658810548,493339,
0,-201120,-198720,44617327,0,-199306,687577957808450302179,1445607660964,1139490236,2658810548,493340,
1,-201120,-198720,44617327,0,-199306,794046154448968247214,1668725894266,1139490236,2658810548,493340,
0,-201120,-198720,44619127,0,-199306,688726283700045294809,1465101425469,1139490236,2658810548,493341,
1,-201120,-198720,44619127,0,-199306,795194480340563239844,1688219658771,1139490236,2658810548,493341,
0,-201120,-198720,44620927,0,-199306,689662366454611669700,1465101425469,1139490236,2658810548,493342,
1,-201120,-198720,44620927,0,-199306,796130563095129614735,1688219658771,1139490236,2658810548,493342,
0,-201120,-198720,44622727,0,-199306,694216036137230430407,1465101425469,1139490236,2658810548,493343,
1,-201120,-198720,44622727,0,-199306,800684232777748375442,1688219658771,1139490236,2658810548,493343,
0,-201120,-198720,44624527,0,-199167,695672024530945225591,1465101425469,1139490236,2658810548,493344,
1,-201120,-198720,44624527,0,-199167,802140221171463170626,1688219658771,1139490236,2658810548,493344,
0,-201120,-198720,44626327,0,-199167,696562324444624814071,1465101425469,1139490236,2658810548,493345,
1,-201120,-198720,44626327,0,-199167,803030521085142759106,1688219658771,1139490236,2658810548,493345,
0,-201120,-198720,44628127,0,-199167,697325235336386380690,1465101425469,1139490236,2658810548,493346,
1,-201120,-198720,44628127,0,-199167,803793431976904325725,1688219658771,1139490236,2658810548,493346,
0,-201120,-198720,44629927,0,-199167,698678962833419054307,1484595189975,1139490236,2658810548,493347,
1,-201120,-198720,44629927,0,-199167,805147159473936999342,1707713423277,1139490236,2658810548,493347,
0,-201120,-198720,44631727,0,-199167,699152512515004219246,1484595189975,1139490236,2658810548,493348,
1,-201120,-198720,44631727,0,-199167,805620709155522164281,1707713423277,1139490236,2658810548,493348,
0,-201120,-198720,44633527,0,-199167,699838206461244428778,1484595189975,1139490236,2658810548,493349,
1,-201120,-198720,44633527,0,-199167,806306403101762373813,1707713423277,1139490236,2658810548,493349,
0,-201120,-198720,44635327,0,-199167,700557997828201042082,1484595189975,1139490236,2658810548,493350,
1,-201120,-198720,44635327,0,-199167,807026194468718987117,1707713423277,1139490236,2658810548,493350,
0,-201120,-198720,44637127,0,-199167,700897059755548359589,1484595189975,1139490236,2658810548,493351,
1,-201120,-198720,44637127,0,-199167,807365256396066304624,1707713423277,1139490236,2658810548,493351,
0,-201120,-198720,44638927,0,-199167,701919190247919781716,1484595189975,1139490236,2658810548,493352,
1,-201120,-198720,44638927,0,-199167,808387386888437726751,1707713423277,1139490236,2658810548,493352,
0,-201120,-198720,44640727,0,-199167,702813283492222072398,1484595189975,1139490236,2658810548,493353,
1,-201120,-198720,44640727,0,-199167,809281480132740017433,1707713423277,1139490236,2658810548,493353,
0,-201120,-198720,44642527,0,-199167,703353802734672036189,1484595189975,1139490236,2658810548,493354,
1,-201120,-198720,44642527,0,-199167,809821999375189981224,1707713423277,1139490236,2658810548,493354,
0,-201120,-198720,44644327,0,-199167,704039348138426711934,1484595189975,1139490236,2658810548,493355,
1,-201120,-198720,44644327,0,-199167,810507544778944656969,1707713423277,1139490236,2658810548,493355,
0,-201120,-198720,44646127,0,-199167,704437461454434239167,1484595189975,1139490236,2658810548,493356,
1,-201120,-198720,44646127,0,-199167,810905658094952184202,1707713423277,1139490236,2658810548,493356,
0,-201120,-198720,44647927,0,-199167,706035439972594563339,1484595189975,1139490236,2658810548,493357,
1,-201120,-198720,44647927,0,-199167,812503636613112508374,1707713423277,1139490236,2658810548,493357,
0,-201120,-198720,44649727,0,-199167,709557260838954029642,1504088954481,1139490236,2658810548,493358,
1,-201120,-198720,44649727,0,-199167,816025457479471974677,1727207187783,1139490236,2658810548,493358,
0,-201120,-198720,44651527,0,-199167,712367977208177226864,1504088954481,1139490236,2658810548,493359,
1,-201120,-198720,44651527,0,-199167,818836173848695171899,1727207187783,1139490236,2658810548,493359,
0,-201120,-198720,44653327,0,-199167,716059569172148415957,1523582718987,1139490236,2658810548,493360,
1,-201120,-198720,44653327,0,-199167,822527765812666360992,1746700952289,1139490236,2658810548,493360,
0,-201120,-198720,44655127,0,-199167,719545869358551149439,1523582718987,1139490236,2658810548,493361,
1,-201120,-198720,44655127,0,-199167,826014065999069094474,1746700952289,1139490236,2658810548,493361,
0,-201120,-198720,44656927,0,-199167,721499197682535215974,1523582718987,1139490236,2658810548,493362,
1,-201120,-198720,44656927,0,-199167,827967394323053161009,1746700952289,1139490236,2658810548,493362,
0,-201120,-198720,44658727,0,-199167,722723007095124185711,1523582718987,1139490236,2658810548,493363,
1,-201120,-198720,44658727,0,-199167,829191203735642130746,1746700952289,1139490236,2658810548,493363,
0,-201120,-198720,44660527,0,-199167,725221218945049527045,1543076483492,1139490236,2658810548,493364,
1,-201120,-198720,44660527,0,-199167,831689415585567472080,1766194716794,1139490236,2658810548,493364,
0,-201120,-198720,44662327,0,-199167,727105173035354423876,1543076483492,1139490236,2658810548,493365,
1,-201120,-198720,44662327,0,-199167,833573369675872368911,1766194716794,1139490236,2658810548,493365,
0,-201120,-198720,44664127,0,-199167,728164714596001759074,1543076483492,1139490236,2658810548,493366,
1,-201120,-198720,44664127,0,-199167,834632911236519704109,1766194716794,1139490236,2658810548,493366,
0,-201120,-198720,44665927,0,-199167,48102258531653835081,81044145562,1139490236,2658810548,493367,
1,-201120,-198720,44665927,0,-199167,154570455172171780116,304162378864,1139490236,2658810548,493367,
0,-201120,-198720,44667727,0,-198661,737753834358555355185,1582064012504,1139490236,2658810548,493368,
1,-201120,-198720,44667727,0,-198661,844222030999073300220,1805182245806,1139490236,2658810548,493368,
0,-201120,-198720,44669527,0,-198661,737753834358555355185,1582064012504,1139490236,2658810548,493369,
1,-201120,-198720,44669527,0,-198661,844222030999073300220,1805182245806,1139490236,2658810548,493369,
0,-201120,-198720,44671327,0,-198661,737753834358555355185,1582064012504,1139490236,2658810548,493370,
1,-201120,-198720,44671327,0,-198661,844222030999073300220,1805182245806,1139490236,2658810548,493370,
0,-201120,-198720,44673127,0,-198661,737753834358555355185,1582064012504,1139490236,2658810548,493371,
1,-201120,-198720,44673127,0,-198661,844222030999073300220,1805182245806,1139490236,2658810548,493371,
0,-201120,-198720,44674927,0,-198661,737753834358555355185,1582064012504,1139490236,2658810548,493372,
1,-201120,-198720,44674927,0,-198661,844222030999073300220,1805182245806,1139490236,2658810548,493372,
0,-201120,-198720,44676727,0,-198661,737753834358555355185,1582064012504,1139490236,2658810548,493373,
1,-201120,-198720,44676727,0,-198661,844222030999073300220,1805182245806,1139490236,2658810548,493373,
0,-201120,-198720,44678527,0,-198661,737753834358555355185,1582064012504,1139490236,2658810548,493374,
1,-201120,-198720,44678527,0,-198661,844222030999073300220,1805182245806,1139490236,2658810548,493374,
0,-201120,-198720,44680327,0,-198661,737753834358555355185,1582064012504,1139490236,2658810548,493375,
1,-201120,-198720,44680327,0,-198661,844222030999073300220,1805182245806,1139490236,2658810548,493375,
0,-201120,-198720,44682127,0,-198661,737753834358555355185,1582064012504,1139490236,2658810548,493376,
1,-201120,-198720,44682127,0,-198661,844222030999073300220,1805182245806,1139490236,2658810548,493376,
0,-201120,-198720,44683927,0,-198661,737753834358555355185,1582064012504,1139490236,2658810548,493377,
1,-201120,-198720,44683927,0,-198661,844222030999073300220,1805182245806,1139490236,2658810548,493377,
0,-201120,-198720,44685727,0,-198661,737753834358555355185,1582064012504,1139490236,2658810548,493378,
1,-201120,-198720,44685727,0,-198661,844222030999073300220,1805182245806,1139490236,2658810548,493378,
0,-201120,-198720,44687527,0,-198661,737753834358555355185,1582064012504,1139490236,2658810548,493379,
1,-201120,-198720,44687527,0,-198661,844222030999073300220,1805182245806,1139490236,2658810548,493379,
0,-201120,-198720,44689327,0,-198661,737753834358555355185,1582064012504,1139490236,2658810548,493380,
1,-201120,-198720,44689327,0,-198661,844222030999073300220,1805182245806,1139490236,2658810548,493380,
0,-201120,-198720,44691127,0,-198661,737753834358555355185,1582064012504,1139490236,2658810548,493381,
1,-201120,-198720,44691127,0,-198661,844222030999073300220,1805182245806,1139490236,2658810548,493381,
0,-201120,-198720,44692927,0,-198661,737753834358555355185,1582064012504,1139490236,2658810548,493382,
1,-201120,-198720,44692927,0,-198661,844222030999073300220,1805182245806,1139490236,2658810548,493382,
0,-201120,-198720,44694727,0,-198661,737753834358555355185,1582064012504,1139490236,2658810548,493383,
1,-201120,-198720,44694727,0,-198661,844222030999073300220,1805182245806,1139490236,2658810548,493383,
0,-201120,-198720,44696527,0,-198661,738917309809742224117,1582064012504,1139490236,2658810548,493384,
1,-201120,-198720,44696527,0,-198661,845385506450260169152,1805182245806,1139490236,2658810548,493384,
0,-201120,-198720,44698327,0,-198661,48102258531653835081,81044145562,1139490236,2658810548,493385,
1,-201120,-198720,44698327,0,-198661,154570455172171780116,304162378864,1139490236,2658810548,493385,
0,-201120,-198720,44700127,0,-198661,48102258531653835081,81044145562,1139490236,2658810548,493386,
1,-201120,-198720,44700127,0,-198661,154570455172171780116,304162378864,1139490236,2658810548,493386,
0,-201120,-198720,44701927,0,-198661,48102258531653835081,81044145562,1139490236,2658810548,493387,
1,-201120,-198720,44701927,0,-198661,154570455172171780116,304162378864,1139490236,2658810548,493387,
0,-201120,-198720,44703727,0,-198661,48102258531653835081,81044145562,1139490236,2658810548,493388,
1,-201120,-198720,44703727,0,-198661,154570455172171780116,304162378864,1139490236,2658810548,493388,
0,-201120,-198720,44705527,0,-198661,48102258531653835081,81044145562,1139490236,2658810548,493389,
1,-201120,-198720,44705527,0,-198661,154570455172171780116,304162378864,1139490236,2658810548,493389,
0,-201120,-198720,44707327,0,-198661,48102258531653835081,81044145562,1139490236,2658810548,493390,
1,-201120,-198720,44707327,0,-198661,154570455172171780116,304162378864,1139490236,2658810548,493390,
0,-201120,-198720,44709127,0,-198661,48102258531653835081,81044145562,1139490236,2658810548,493391,
1,-201120,-198720,44709127,0,-198661,154570455172171780116,304162378864,1139490236,2658810548,493391,
0,-201120,-198720,44710927,0,-198741,751983858692297394687,1601557777010,1139490236,2658810548,493392,
1,-201120,-198720,44710927,0,-198741,858452055332815339722,1824676010312,1139490236,2658810548,493392,
0,-201120,-198720,44712727,0,-198741,753495527963801827034,1621051541515,1139490236,2658810548,493393,
1,-201120,-198720,44712727,0,-198741,859963724604319772069,1844169774817,1139490236,2658810548,493393,
0,-201120,-198720,44714527,0,-198741,754628735446840623546,1621051541515,1139490236,2658810548,493394,
1,-201120,-198720,44714527,0,-198741,861096932087358568581,1844169774817,1139490236,2658810548,493394,
0,-201120,-198720,44716327,0,-198741,755757077188789963229,1621051541515,1139490236,2658810548,493395,
1,-201120,-198720,44716327,0,-198741,862225273829307908264,1844169774817,1139490236,2658810548,493395,
0,-201120,-198720,44718127,0,-198741,756160024802444799521,1621051541515,1139490236,2658810548,493396,
1,-201120,-198720,44718127,0,-198741,862628221442962744556,1844169774817,1139490236,2658810548,493396,
0,-201120,-198720,44719927,0,-198741,756629868933828831634,1621051541515,1139490236,2658810548,493397,
1,-201120,-198720,44719927,0,-198741,863098065574346776669,1844169774817,1139490236,2658810548,493397,
0,-201120,-198720,44721727,0,-198741,758073816945415359042,1621051541515,1139490236,2658810548,493398,
1,-201120,-198720,44721727,0,-198741,864542013585933304077,1844169774817,1139490236,2658810548,493398,
0,-201120,-198720,44723527,0,-198741,758620958297642982906,1621051541515,1139490236,2658810548,493399,
1,-201120,-198720,44723527,0,-198741,865089154938160927941,1844169774817,1139490236,2658810548,493399,
0,-201120,-198720,44725327,0,-198741,759981165580478660140,1621051541515,1139490236,2658810548,493400,
1,-201120,-198720,44725327,0,-198741,866449362220996605175,1844169774817,1139490236,2658810548,493400,
0,-201120,-198720,44727127,0,-198741,760632064229233160181,1640545306021,1139490236,2658810548,493401,
1,-201120,-198720,44727127,0,-198741,867100260869751105216,1863663539323,1139490236,2658810548,493401,
0,-201120,-198720,44728927,0,-198741,761385010941748908050,1640545306021,1139490236,2658810548,493402,
1,-201120,-198720,44728927,0,-198741,867853207582266853085,1863663539323,1139490236,2658810548,493402,
0,-201120,-198720,44730727,0,-198741,762827538540184724247,1640545306021,1139490236,2658810548,493403,
1,-201120,-198720,44730727,0,-198741,869295735180702669282,1863663539323,1139490236,2658810548,493403,
0,-201120,-198720,44732527,0,-198741,763560221640446864789,1640545306021,1139490236,2658810548,493404,
1,-201120,-198720,44732527,0,-198741,870028418280964809824,1863663539323,1139490236,2658810548,493404,
0,-201120,-198720,44734327,0,-198741,764826428957666314121,1640545306021,1139490236,2658810548,493405,
1,-201120,-198720,44734327,0,-198741,871294625598184259156,1863663539323,1139490236,2658810548,493405,
0,-201120,-198720,44736127,0,-198741,767429266044489385485,1640545306021,1139490236,2658810548,493406,
1,-201120,-198720,44736127,0,-198741,873897462685007330520,1863663539323,1139490236,2658810548,493406,
0,-201120,-198720,44737927,0,-198741,769484292246249118621,1660039070527,1139490236,2658810548,493407,
1,-201120,-198720,44737927,0,-198741,875952488886767063656,1883157303829,1139490236,2658810548,493407,
0,-201120,-198720,44739727,0,-198741,772286112148696005834,1660039070527,1139490236,2658810548,493408,
1,-201120,-198720,44739727,0,-198741,878754308789213950869,1883157303829,1139490236,2658810548,493408,
0,-201120,-198720,44741527,0,-198741,773496572738189317592,1660039070527,1139490236,2658810548,493409,
1,-201120,-198720,44741527,0,-198741,879964769378707262627,1883157303829,1139490236,2658810548,493409,
0,-201120,-198720,44743327,0,-198741,48102258531653835081,81044145562,1139490236,2658810548,493410,
1,-201120,-198720,44743327,0,-198741,154570455172171780116,304162378864,1139490236,2658810548,493410,
0,-201120,-198720,44745127,0,-198741,48102258531653835081,81044145562,1139490236,2658810548,493411,
1,-201120,-198720,44745127,0,-198741,154570455172171780116,304162378864,1139490236,2658810548,493411,
0,-201120,-198720,44746927,0,-198741,48102258531653835081,81044145562,1139490236,2658810548,493412,
1,-201120,-198720,44746927,0,-198741,154570455172171780116,304162378864,1139490236,2658810548,493412,
0,-201120,-198720,44748727,0,-198741,48102258531653835081,81044145562,1139490236,2658810548,493413,
1,-201120,-198720,44748727,0,-198741,154570455172171780116,304162378864,1139490236,2658810548,493413,
0,-201120,-198720,44750527,0,-198741,48102258531653835081,81044145562,1139490236,2658810548,493414,
1,-201120,-198720,44750527,0,-198741,154570455172171780116,304162378864,1139490236,2658810548,493414,
0,-201120,-198720,44752327,0,-198741,48102258531653835081,81044145562,1139490236,2658810548,493415,
1,-201120,-198720,44752327,0,-198741,154570455172171780116,304162378864,1139490236,2658810548,493415,
0,-201120,-198720,44754127,0,-198749,48102258531653835081,81044145562,1139490236,2658810548,493416,
1,-201120,-198720,44754127,0,-198749,154570455172171780116,304162378864,1139490236,2658810548,493416,
0,-201120,-198720,44755927,0,-198749,48102258531653835081,81044145562,1139490236,2658810548,493417,
1,-201120,-198720,44755927,0,-198749,154570455172171780116,304162378864,1139490236,2658810548,493417,
0,-201120,-198720,44757727,0,-198749,48102258531653835081,81044145562,1139490236,2658810548,493418,
1,-201120,-198720,44757727,0,-198749,154570455172171780116,304162378864,1139490236,2658810548,493418,
0,-201120,-198720,44759527,0,-198749,48102258531653835081,81044145562,1139490236,2658810548,493419,
1,-201120,-198720,44759527,0,-198749,154570455172171780116,304162378864,1139490236,2658810548,493419,
0,-201120,-198720,44761327,0,-198749,48102258531653835081,81044145562,1139490236,2658810548,493420,
1,-201120,-198720,44761327,0,-198749,154570455172171780116,304162378864,1139490236,2658810548,493420,
0,-201120,-198720,44763127,0,-198749,48102258531653835081,81044145562,1139490236,2658810548,493421,
1,-201120,-198720,44763127,0,-198749,154570455172171780116,304162378864,1139490236,2658810548,493421,
0,-201120,-198720,44764927,0,-198749,48102258531653835081,81044145562,1139490236,2658810548,493422,
1,-201120,-198720,44764927,0,-198749,154570455172171780116,304162378864,1139490236,2658810548,493422,
0,-201120,-198720,44766727,0,-198749,48102258531653835081,81044145562,1139490236,2658810548,493423,
1,-201120,-198720,44766727,0,-198749,154570455172171780116,304162378864,1139490236,2658810548,493423,
0,-201120,-198720,44768527,0,-198749,774382275359410457877,1660039070527,1139490236,2658810548,493424,
1,-201120,-198720,44768527,0,-198749,880850471999928402912,1883157303829,1139490236,2658810548,493424,
0,-201120,-198720,44770327,0,-198749,775481827832718308532,1660039070527,1139490236,2658810548,493425,
1,-201120,-198720,44770327,0,-198749,881950024473236253567,1883157303829,1139490236,2658810548,493425,
0,-201120,-198720,44772127,0,-198749,775771697089385258975,1660039070527,1139490236,2658810548,493426,
1,-201120,-198720,44772127,0,-198749,882239893729903204010,1883157303829,1139490236,2658810548,493426,
0,-201120,-198720,44773927,0,-198749,776948917652406423205,1679532835033,1139490236,2658810548,493427,
1,-201120,-198720,44773927,0,-198749,883417114292924368240,1902651068335,1139490236,2658810548,493427,
0,-201120,-198720,44775727,0,-198749,777176647084314989510,1679532835033,1139490236,2658810548,493428,
1,-201120,-198720,44775727,0,-198749,883644843724832934545,1902651068335,1139490236,2658810548,493428,
0,-201120,-198720,44777527,0,-198749,777792605869826205444,1679532835033,1139490236,2658810548,493429,
1,-201120,-198720,44777527,0,-198749,884260802510344150479,1902651068335,1139490236,2658810548,493429,
0,-201120,-198720,44779327,0,-198749,781939158963325401923,1679532835033,1139490236,2658810548,493430,
1,-201120,-198720,44779327,0,-198749,888407355603843346958,1902651068335,1139490236,2658810548,493430,
0,-201120,-198720,44781127,0,-198749,786113340744702473315,1679532835033,1139490236,2658810548,493431,
1,-201120,-198720,44781127,0,-198749,892581537385220418350,1902651068335,1139490236,2658810548,493431,
0,-201120,-198720,44782927,0,-198749,789048589480605491310,1699026599538,1139490236,2658810548,493432,
1,-201120,-198720,44782927,0,-198749,895516786121123436345,1922144832840,1139490236,2658810548,493432,
0,-201120,-198720,44784727,0,-198749,792409430586257565341,1699026599538,1139490236,2658810548,493433,
1,-201120,-198720,44784727,0,-198749,898877627226775510376,1922144832840,1139490236,2658810548,493433,
0,-201120,-198720,44786527,0,-198749,794482051508972424066,1718520364044,1139490236,2658810548,493434,
1,-201120,-198720,44786527,0,-198749,900950248149490369101,1941638597346,1139490236,2658810548,493434,
0,-201120,-198720,44788327,0,-198749,796157001019827336322,1718520364044,1139490236,2658810548,493435,
1,-201120,-198720,44788327,0,-198749,902625197660345281357,1941638597346,1139490236,2658810548,493435,
0,-201120,-198720,44790127,0,-198749,48102258531653835081,81044145562,1139490236,2658810548,493436,
1,-201120,-198720,44790127,0,-198749,154570455172171780116,304162378864,1139490236,2658810548,493436,
0,-201120,-198720,44791927,0,-198749,48102258531653835081,81044145562,1139490236,2658810548,493437,
1,-201120,-198720,44791927,0,-198749,154570455172171780116,304162378864,1139490236,2658810548,493437,
0,-201120,-198720,44793727,0,-198749,797507064195970806767,1718520364044,1139490236,2658810548,493438,
1,-201120,-198720,44793727,0,-198749,903975260836488751802,1941638597346,1139490236,2658810548,493438,
0,-201120,-198720,44795527,0,-198749,797931580256500207027,1718520364044,1139490236,2658810548,493439,
1,-201120,-198720,44795527,0,-198749,904399776897018152062,1941638597346,1139490236,2658810548,493439,
0,-201120,-198720,44797327,0,-198492,797975686828577144305,1718520364044,1139490236,2658810548,493440,
1,-201120,-198720,44797327,0,-198492,904443883469095089340,1941638597346,1139490236,2658810548,493440,
0,-201120,-198720,44799127,0,-198492,798140287224647482371,1718520364044,1139490236,2658810548,493441,
1,-201120,-198720,44799127,0,-198492,904608483865165427406,1941638597346,1139490236,2658810548,493441,
0,-201120,-198720,44800927,0,-198492,48102258531653835081,81044145562,1139490236,2658810548,493442,
1,-201120,-198720,44800927,0,-198492,154570455172171780116,304162378864,1139490236,2658810548,493442,
0,-201120,-198720,44802727,0,-198492,48102258531653835081,81044145562,1139490236,2658810548,493443,
1,-201120,-198720,44802727,0,-198492,154570455172171780116,304162378864,1139490236,2658810548,493443,
0,-201120,-198720,44804527,0,-198492,48102258531653835081,81044145562,1139490236,2658810548,493444,
1,-201120,-198720,44804527,0,-198492,154570455172171780116,304162378864,1139490236,2658810548,493444,
0,-201120,-198720,44806327,0,-198492,48102258531653835081,81044145562,1139490236,2658810548,493445,
1,-201120,-198720,44806327,0,-198492,154570455172171780116,304162378864,1139490236,2658810548,493445,
0,-201120,-198720,44808127,0,-198492,48102258531653835081,81044145562,1139490236,2658810548,493446,
1,-201120,-198720,44808127,0,-198492,154570455172171780116,304162378864,1139490236,2658810548,493446,
0,-201120,-198720,44809927,0,-198492,48102258531653835081,81044145562,1139490236,2658810548,493447,
1,-201120,-198720,44809927,0,-198492,154570455172171780116,304162378864,1139490236,2658810548,493447,
0,-201120,-198720,44811727,0,-198492,48102258531653835081,81044145562,1139490236,2658810548,493448,
1,-201120,-198720,44811727,0,-198492,154570455172171780116,304162378864,1139490236,2658810548,493448,
0,-201120,-198720,44813527,0,-198492,803713607734311240746,1738014128550,1139490236,2658810548,493449,
1,-201120,-198720,44813527,0,-198492,910181804374829185781,1961132361852,1139490236,2658810548,493449,
0,-201120,-198720,44815327,0,-198492,803713607734311240746,1738014128550,1139490236,2658810548,493450,
1,-201120,-198720,44815327,0,-198492,910181804374829185781,1961132361852,1139490236,2658810548,493450,
0,-201120,-198720,44817127,0,-198492,48102258531653835081,81044145562,1139490236,2658810548,493451,
1,-201120,-198720,44817127,0,-198492,154570455172171780116,304162378864,1139490236,2658810548,493451,
0,-201120,-198720,44818927,0,-198492,804481267053687468612,1738014128550,1139490236,2658810548,493452,
1,-201120,-198720,44818927,0,-198492,910949463694205413647,1961132361852,1139490236,2658810548,493452,
0,-201120,-198720,44820727,0,-198492,804481267053687468612,1738014128550,1139490236,2658810548,493453,
1,-201120,-198720,44820727,0,-198492,910949463694205413647,1961132361852,1139490236,2658810548,493453,
0,-201120,-198720,44822527,0,-198492,804481267053687468612,1738014128550,1139490236,2658810548,493454,
1,-201120,-198720,44822527,0,-198492,910949463694205413647,1961132361852,1139490236,2658810548,493454,
0,-201120,-198720,44824327,0,-198492,804481267053687468612,1738014128550,1139490236,2658810548,493455,
1,-201120,-198720,44824327,0,-198492,910949463694205413647,1961132361852,1139490236,2658810548,493455,
0,-201120,-198720,44826127,0,-198492,804481267053687468612,1738014128550,1139490236,2658810548,493456,
1,-201120,-198720,44826127,0,-198492,910949463694205413647,1961132361852,1139490236,2658810548,493456,
0,-201120,-198720,44827927,0,-198492,804481267053687468612,1738014128550,1139490236,2658810548,493457,
1,-201120,-198720,44827927,0,-198492,910949463694205413647,1961132361852,1139490236,2658810548,493457,
0,-201120,-198720,44829727,0,-198492,804481267053687468612,1738014128550,1139490236,2658810548,493458,
1,-201120,-198720,44829727,0,-198492,910949463694205413647,1961132361852,1139490236,2658810548,493458,
0,-201120,-198720,44831527,0,-198492,804481267053687468612,1738014128550,1139490236,2658810548,493459,
1,-201120,-198720,44831527,0,-198492,910949463694205413647,1961132361852,1139490236,2658810548,493459,
0,-201120,-198720,44833327,0,-198492,804481267053687468612,1738014128550,1139490236,2658810548,493460,
1,-201120,-198720,44833327,0,-198492,910949463694205413647,1961132361852,1139490236,2658810548,493460,
0,-201120,-198720,44835127,0,-198492,804481267053687468612,1738014128550,1139490236,2658810548,493461,
1,-201120,-198720,44835127,0,-198492,910949463694205413647,1961132361852,1139490236,2658810548,493461,
0,-201120,-198720,44836927,0,-198492,804481267053687468612,1738014128550,1139490236,2658810548,493462,
1,-201120,-198720,44836927,0,-198492,910949463694205413647,1961132361852,1139490236,2658810548,493462,
0,-201120,-198720,44838727,0,-198492,804481267053687468612,1738014128550,1139490236,2658810548,493463,
1,-201120,-198720,44838727,0,-198492,910949463694205413647,1961132361852,1139490236,2658810548,493463,
0,-201120,-198720,44840527,0,-198593,804481267053687468612,1738014128550,1139490236,2658810548,493464,
1,-201120,-198720,44840527,0,-198593,910949463694205413647,1961132361852,1139490236,2658810548,493464,
0,-201120,-198720,44842327,0,-198593,804481267053687468612,1738014128550,1139490236,2658810548,493465,
1,-201120,-198720,44842327,0,-198593,910949463694205413647,1961132361852,1139490236,2658810548,493465,
0,-201120,-198720,44844127,0,-198593,804481267053687468612,1738014128550,1139490236,2658810548,493466,
1,-201120,-198720,44844127,0,-198593,910949463694205413647,1961132361852,1139490236,2658810548,493466,
0,-201120,-198720,44845927,0,-198593,804481267053687468612,1738014128550,1139490236,2658810548,493467,
1,-201120,-198720,44845927,0,-198593,910949463694205413647,1961132361852,1139490236,2658810548,493467,
0,-201120,-198720,44847727,0,-198593,804481267053687468612,1738014128550,1139490236,2658810548,493468,
1,-201120,-198720,44847727,0,-198593,910949463694205413647,1961132361852,1139490236,2658810548,493468,
0,-201120,-198720,44849527,0,-198593,804481267053687468612,1738014128550,1139490236,2658810548,493469,
1,-201120,-198720,44849527,0,-198593,910949463694205413647,1961132361852,1139490236,2658810548,493469,
0,-201120,-198720,44851327,0,-198593,804481267053687468612,1738014128550,1139490236,2658810548,493470,
1,-201120,-198720,44851327,0,-198593,910949463694205413647,1961132361852,1139490236,2658810548,493470,
0,-201120,-198720,44853127,0,-198593,804481267053687468612,1738014128550,1139490236,2658810548,493471,
1,-201120,-198720,44853127,0,-198593,910949463694205413647,1961132361852,1139490236,2658810548,493471,
0,-201120,-198720,44854927,0,-198593,804481267053687468612,1738014128550,1139490236,2658810548,493472,
1,-201120,-198720,44854927,0,-198593,910949463694205413647,1961132361852,1139490236,2658810548,493472,
0,-201120,-198720,44856727,0,-198593,804481267053687468612,1738014128550,1139490236,2658810548,493473,
1,-201120,-198720,44856727,0,-198593,910949463694205413647,1961132361852,1139490236,2658810548,493473,
0,-201120,-198720,44858527,0,-198593,804481267053687468612,1738014128550,1139490236,2658810548,493474,
1,-201120,-198720,44858527,0,-198593,910949463694205413647,1961132361852,1139490236,2658810548,493474,
0,-201120,-198720,44860327,0,-198593,804481267053687468612,1738014128550,1139490236,2658810548,493475,
1,-201120,-198720,44860327,0,-198593,910949463694205413647,1961132361852,1139490236,2658810548,493475,
0,-201120,-198720,44862127,0,-198593,804481267053687468612,1738014128550,1139490236,2658810548,493476,
1,-201120,-198720,44862127,0,-198593,910949463694205413647,1961132361852,1139490236,2658810548,493476,
0,-201120,-198720,44863927,0,-198593,804481267053687468612,1738014128550,1139490236,2658810548,493477,
1,-201120,-198720,44863927,0,-198593,910949463694205413647,1961132361852,1139490236,2658810548,493477,
0,-201120,-198720,44865727,0,-198593,804481267053687468612,1738014128550,1139490236,2658810548,493478,
1,-201120,-198720,44865727,0,-198593,910949463694205413647,1961132361852,1139490236,2658810548,493478,
0,-201120,-198720,44867527,0,-198593,804481267053687468612,1738014128550,1139490236,2658810548,493479,
1,-201120,-198720,44867527,0,-198593,910949463694205413647,1961132361852,1139490236,2658810548,493479,
0,-201120,-198720,44869327,0,-198593,804481267053687468612,1738014128550,1139490236,2658810548,493480,
1,-201120,-198720,44869327,0,-198593,910949463694205413647,1961132361852,1139490236,2658810548,493480,
0,-201120,-198720,44871127,0,-198593,804481267053687468612,1738014128550,1139490236,2658810548,493481,
1,-201120,-198720,44871127,0,-198593,910949463694205413647,1961132361852,1139490236,2658810548,493481,
0,-201120,-198720,44872927,0,-198593,804481267053687468612,1738014128550,1139490236,2658810548,493482,
1,-201120,-198720,44872927,0,-198593,910949463694205413647,1961132361852,1139490236,2658810548,493482,
0,-201120,-198720,44874727,0,-198593,804838445530571966033,1738014128550,1139490236,2658810548,493483,
1,-201120,-198720,44874727,0,-198593,911306642171089911068,1961132361852,1139490236,2658810548,493483,
0,-201120,-198720,44876527,0,-198593,804838445530571966033,1738014128550,1139490236,2658810548,493484,
1,-201120,-198720,44876527,0,-198593,911306642171089911068,1961132361852,1139490236,2658810548,493484,
0,-201120,-198720,44878327,0,-198593,804838445530571966033,1738014128550,1139490236,2658810548,493485,
1,-201120,-198720,44878327,0,-198593,911306642171089911068,1961132361852,1139490236,2658810548,493485,
0,-201120,-198720,44880127,0,-198593,804838445530571966033,1738014128550,1139490236,2658810548,493486,
1,-201120,-198720,44880127,0,-198593,911306642171089911068,1961132361852,1139490236,2658810548,493486,
0,-201120,-198720,44881927,0,-198593,804838445530571966033,1738014128550,1139490236,2658810548,493487,
1,-201120,-198720,44881927,0,-198593,911306642171089911068,1961132361852,1139490236,2658810548,493487,
0,-201120,-198720,44883727,0,-198855,48102258531653835081,81044145562,1139490236,2658810548,493488,
1,-201120,-198720,44883727,0,-198855,154570455172171780116,304162378864,1139490236,2658810548,493488,
0,-201120,-198720,44885527,0,-198855,48102258531653835081,81044145562,1139490236,2658810548,493489,
1,-201120,-198720,44885527,0,-198855,154570455172171780116,304162378864,1139490236,2658810548,493489,
0,-201120,-198720,44887327,0,-198855,48102258531653835081,81044145562,1139490236,2658810548,493490,
1,-201120,-198720,44887327,0,-198855,154570455172171780116,304162378864,1139490236,2658810548,493490,
0,-201120,-198720,44889127,0,-198855,805697232370376971058,1738014128550,1139490236,2658810548,493491,
1,-201120,-198720,44889127,0,-198855,912165429010894916093,1961132361852,1139490236,2658810548,493491,
0,-201120,-198720,44890927,0,-198855,806351850741299399602,1738014128550,1139490236,2658810548,493492,
1,-201120,-198720,44890927,0,-198855,912820047381817344637,1961132361852,1139490236,2658810548,493492,
0,-201120,-198720,44892727,0,-198855,808127629175883370308,1738014128550,1139490236,2658810548,493493,
1,-201120,-198720,44892727,0,-198855,914595825816401315343,1961132361852,1139490236,2658810548,493493,
0,-201120,-198720,44894527,0,-198855,808614512397452820720,1738014128550,1139490236,2658810548,493494,
1,-201120,-198720,44894527,0,-198855,915082709037970765755,1961132361852,1139490236,2658810548,493494,
0,-201120,-198720,44896327,0,-198855,809824053485568160926,1738014128550,1139490236,2658810548,493495,
1,-201120,-198720,44896327,0,-198855,916292250126086105961,1961132361852,1139490236,2658810548,493495,
0,-201120,-198720,44898127,0,-198855,812934718303914711246,1757507893055,1139490236,2658810548,493496,
1,-201120,-198720,44898127,0,-198855,919402914944432656281,1980626126357,1139490236,2658810548,493496,
0,-201120,-198720,44899927,0,-198855,813750322069242474223,1757507893055,1139490236,2658810548,493497,
1,-201120,-198720,44899927,0,-198855,920218518709760419258,1980626126357,1139490236,2658810548,493497,
0,-201120,-198720,44901727,0,-198855,814730283884160239826,1757507893055,1139490236,2658810548,493498,
1,-201120,-198720,44901727,0,-198855,921198480524678184861,1980626126357,1139490236,2658810548,493498,
0,-201120,-198720,44903527,0,-198855,815119269205950422300,1757507893055,1139490236,2658810548,493499,
1,-201120,-198720,44903527,0,-198855,921587465846468367335,1980626126357,1139490236,2658810548,493499,
0,-201120,-198720,44905327,0,-198855,815683387053885636511,1757507893055,1139490236,2658810548,493500,
1,-201120,-198720,44905327,0,-198855,922151583694403581546,1980626126357,1139490236,2658810548,493500,
0,-201120,-198720,44907127,0,-198855,816590176859923222898,1757507893055,1139490236,2658810548,493501,
1,-201120,-198720,44907127,0,-198855,923058373500441167933,1980626126357,1139490236,2658810548,493501,
0,-201120,-198720,44908927,0,-198855,817849413928224704033,1757507893055,1139490236,2658810548,493502,
1,-201120,-198720,44908927,0,-198855,924317610568742649068,1980626126357,1139490236,2658810548,493502,
0,-201120,-198720,44910727,0,-198855,819096904073528786899,1777001657561,1139490236,2658810548,493503,
1,-201120,-198720,44910727,0,-198855,925565100714046731934,2000119890863,1139490236,2658810548,493503,
0,-201120,-198720,44912527,0,-198855,821081601899811852068,1777001657561,1139490236,2658810548,493504,
1,-201120,-198720,44912527,0,-198855,927549798540329797103,2000119890863,1139490236,2658810548,493504,
0,-201120,-198720,44914327,0,-198855,823611396474832355889,1777001657561,1139490236,2658810548,493505,
1,-201120,-198720,44914327,0,-198855,930079593115350300924,2000119890863,1139490236,2658810548,493505,
0,-201120,-198720,44916127,0,-198855,826833175789849189649,1777001657561,1139490236,2658810548,493506,
1,-201120,-198720,44916127,0,-198855,933301372430367134684,2000119890863,1139490236,2658810548,493506,
0,-201120,-198720,44917927,0,-198855,828881183476130038359,1796495422067,1139490236,2658810548,493507,
1,-201120,-198720,44917927,0,-198855,935349380116647983394,2019613655369,1139490236,2658810548,493507,
0,-201120,-198720,44919727,0,-198855,829818779531634994342,1796495422067,1139490236,2658810548,493508,
1,-201120,-198720,44919727,0,-198855,936286976172152939377,2019613655369,1139490236,2658810548,493508,
0,-201120,-198720,44921527,0,-198855,832210276919945466784,1796495422067,1139490236,2658810548,493509,
1,-201120,-198720,44921527,0,-198855,938678473560463411819,2019613655369,1139490236,2658810548,493509,
0,-201120,-198720,44923327,0,-198855,833696766251787942564,1796495422067,1139490236,2658810548,493510,
1,-201120,-198720,44923327,0,-198855,940164962892305887599,2019613655369,1139490236,2658810548,493510,
0,-201120,-198720,44925127,0,-198855,838709425274925942597,1815989186573,1139490236,2658810548,493511,
1,-201120,-198720,44925127,0,-198855,945177621915443887632,2039107419875,1139490236,2658810548,493511,
0,-201120,-198720,44926927,0,-198886,840227476707460733785,1815989186573,1139490236,2658810548,493512,
1,-201120,-198720,44926927,0,-198886,946695673347978678820,2039107419875,1139490236,2658810548,493512,
0,-201120,-198720,44928727,0,-198886,841408428532958413920,1815989186573,1139490236,2658810548,493513,
1,-201120,-198720,44928727,0,-198886,947876625173476358955,2039107419875,1139490236,2658810548,493513,
0,-201120,-198720,44930527,0,-198886,842590148568727736509,1815989186573,1139490236,2658810548,493514,
1,-201120,-198720,44930527,0,-198886,949058345209245681544,2039107419875,1139490236,2658810548,493514,
0,-201120,-198720,44932327,0,-198886,843937185474388041366,1815989186573,1139490236,2658810548,493515,
1,-201120,-198720,44932327,0,-198886,950405382114905986401,2039107419875,1139490236,2658810548,493515,
0,-201120,-198720,44934127,0,-198886,844268925719230881081,1815989186573,1139490236,2658810548,493516,
1,-201120,-198720,44934127,0,-198886,950737122359748826116,2039107419875,1139490236,2658810548,493516,
0,-201120,-198720,44935927,0,-198886,844972889728403753280,1815989186573,1139490236,2658810548,493517,
1,-201120,-198720,44935927,0,-198886,951441086368921698315,2039107419875,1139490236,2658810548,493517,
0,-201120,-198720,44937727,0,-198886,846305620647637403505,1815989186573,1139490236,2658810548,493518,
1,-201120,-198720,44937727,0,-198886,952773817288155348540,2039107419875,1139490236,2658810548,493518,
0,-201120,-198720,44939527,0,-198886,847486954102562812638,1835482951079,1139490236,2658810548,493519,
1,-201120,-198720,44939527,0,-198886,953955150743080757673,2058601184381,1139490236,2658810548,493519,
0,-201120,-198720,44941327,0,-198886,851728150397425633133,1835482951079,1139490236,2658810548,493520,
1,-201120,-198720,44941327,0,-198886,958196347037943578168,2058601184381,1139490236,2658810548,493520,
0,-201120,-198720,44943127,0,-198886,853709426951075352775,1835482951079,1139490236,2658810548,493521,
1,-201120,-198720,44943127,0,-198886,960177623591593297810,2058601184381,1139490236,2658810548,493521,
0,-201120,-198720,44944927,0,-198886,854762246476908171445,1854976715584,1139490236,2658810548,493522,
1,-201120,-198720,44944927,0,-198886,961230443117426116480,2078094948886,1139490236,2658810548,493522,
0,-201120,-198720,44946727,0,-198886,855586447538208374741,1854976715584,1139490236,2658810548,493523,
1,-201120,-198720,44946727,0,-198886,962054644178726319776,2078094948886,1139490236,2658810548,493523,
0,-201120,-198720,44948527,0,-198886,856656153596025589740,1854976715584,1139490236,2658810548,493524,
1,-201120,-198720,44948527,0,-198886,963124350236543534775,2078094948886,1139490236,2658810548,493524,
0,-201120,-198720,44950327,0,-198886,858104839157706184188,1854976715584,1139490236,2658810548,493525,
1,-201120,-198720,44950327,0,-198886,964573035798224129223,2078094948886,1139490236,2658810548,493525,
0,-201120,-198720,44952127,0,-198886,861840283612027742660,1854976715584,1139490236,2658810548,493526,
1,-201120,-198720,44952127,0,-198886,968308480252545687695,2078094948886,1139490236,2658810548,493526,
0,-201120,-198720,44953927,0,-198886,867805700277915275024,1874470480090,1139490236,2658810548,493527,
1,-201120,-198720,44953927,0,-198886,974273896918433220059,2097588713392,1139490236,2658810548,493527,
0,-201120,-198720,44955727,0,-198886,871115897148700590598,1893964244596,1139490236,2658810548,493528,
1,-201120,-198720,44955727,0,-198886,977584093789218535633,2117082477898,1139490236,2658810548,493528,
0,-201120,-198720,44957527,0,-198886,873137781650536343191,1893964244596,1139490236,2658810548,493529,
1,-201120,-198720,44957527,0,-198886,979605978291054288226,2117082477898,1139490236,2658810548,493529,
0,-201120,-198720,44959327,0,-198886,874704773231526094003,1893964244596,1139490236,2658810548,493530,
1,-201120,-198720,44959327,0,-198886,981172969872044039038,2117082477898,1139490236,2658810548,493530,
0,-201120,-198720,44961127,0,-198886,877632426144114389895,1893964244596,1139490236,2658810548,493531,
1,-201120,-198720,44961127,0,-198886,984100622784632334930,2117082477898,1139490236,2658810548,493531,
0,-201120,-198720,44962927,0,-198886,878327761940204315661,1913458009101,1139490236,2658810548,493532,
1,-201120,-198720,44962927,0,-198886,984795958580722260696,2136576242403,1139490236,2658810548,493532,
0,-201120,-198720,44964727,0,-198886,879576121468417825805,1913458009101,1139490236,2658810548,493533,
1,-201120,-198720,44964727,0,-198886,986044318108935770840,2136576242403,1139490236,2658810548,493533,
0,-201120,-198720,44966527,0,-198886,882008156880781049084,1913458009101,1139490236,2658810548,493534,
1,-201120,-198720,44966527,0,-198886,988476353521298994119,2136576242403,1139490236,2658810548,493534,
0,-201120,-198720,44968327,0,-198886,882895880888418848236,1913458009101,1139490236,2658810548,493535,
1,-201120,-198720,44968327,0,-198886,989364077528936793271,2136576242403,1139490236,2658810548,493535,
0,-201120,-198720,44970127,0,-198857,883844077438630619544,1913458009101,1139490236,2658810548,493536,
1,-201120,-198720,44970127,0,-198857,990312274079148564579,2136576242403,1139490236,2658810548,493536,
0,-201120,-198720,44971927,0,-198857,884679176488977760359,1913458009101,1139490236,2658810548,493537,
1,-201120,-198720,44971927,0,-198857,991147373129495705394,2136576242403,1139490236,2658810548,493537,
0,-201120,-198720,44973727,0,-198857,885607033693660819514,1913458009101,1139490236,2658810548,493538,
1,-201120,-198720,44973727,0,-198857,992075230334178764549,2136576242403,1139490236,2658810548,493538,
0,-201120,-198720,44975527,0,-198857,886254901705328904681,1913458009101,1139490236,2658810548,493539,
1,-201120,-198720,44975527,0,-198857,992723098345846849716,2136576242403,1139490236,2658810548,493539,
0,-201120,-198720,44977327,0,-198857,887315521641534933264,1913458009101,1139490236,2658810548,493540,
1,-201120,-198720,44977327,0,-198857,993783718282052878299,2136576242403,1139490236,2658810548,493540,
0,-201120,-198720,44979127,0,-198857,887832525243961383092,1932951773607,1139490236,2658810548,493541,
1,-201120,-198720,44979127,0,-198857,994300721884479328127,2156070006909,1139490236,2658810548,493541,
0,-201120,-198720,44980927,0,-198857,888301593250605383418,1932951773607,1139490236,2658810548,493542,
1,-201120,-198720,44980927,0,-198857,994769789891123328453,2156070006909,1139490236,2658810548,493542,
0,-201120,-198720,44982727,0,-198857,889000430770094769926,1932951773607,1139490236,2658810548,493543,
1,-201120,-198720,44982727,0,-198857,995468627410612714961,2156070006909,1139490236,2658810548,493543,
0,-201120,-198720,44984527,0,-198857,890085287888523728170,1932951773607,1139490236,2658810548,493544,
1,-201120,-198720,44984527,0,-198857,996553484529041673205,2156070006909,1139490236,2658810548,493544,
0,-201120,-198720,44986327,0,-198857,891372846160687150857,1932951773607,1139490236,2658810548,493545,
1,-201120,-198720,44986327,0,-198857,997841042801205095892,2156070006909,1139490236,2658810548,493545,
0,-201120,-198720,44988127,0,-198857,891949837320320434376,1932951773607,1139490236,2658810548,493546,
1,-201120,-198720,44988127,0,-198857,998418033960838379411,2156070006909,1139490236,2658810548,493546,
0,-201120,-198720,44989927,0,-198857,892467899453653310739,1932951773607,1139490236,2658810548,493547,
1,-201120,-198720,44989927,0,-198857,998936096094171255774,2156070006909,1139490236,2658810548,493547,
0,-201120,-198720,44991727,0,-198857,893875088970224519442,1932951773607,1139490236,2658810548,493548,
1,-201120,-198720,44991727,0,-198857,1000343285610742464477,2156070006909,1139490236,2658810548,493548,
0,-201120,-198720,44993527,0,-198857,896396684799287902929,1952445538113,1139490236,2658810548,493549,
1,-201120,-198720,44993527,0,-198857,1002864881439805847964,2175563771415,1139490236,2658810548,493549,
0,-201120,-198720,44995327,0,-198857,898248640459969552231,1952445538113,1139490236,2658810548,493550,
1,-201120,-198720,44995327,0,-198857,1004716837100487497266,2175563771415,1139490236,2658810548,493550,
0,-201120,-198720,44997127,0,-198857,902036405651892892362,1952445538113,1139490236,2658810548,493551,
1,-201120,-198720,44997127,0,-198857,1008504602292410837397,2175563771415,1139490236,2658810548,493551,
0,-201120,-198720,44998927,0,-198857,904883743474966932893,1971939302619,1139490236,2658810548,493552,
1,-201120,-198720,44998927,0,-198857,1011351940115484877928,2195057535921,1139490236,2658810548,493552,
0,-201120,-198720,45000727,0,-198857,907023742918232156524,1971939302619,1139490236,2658810548,493553,
1,-201120,-198720,45000727,0,-198857,1013491939558750101559,2195057535921,1139490236,2658810548,493553,
0,-201120,-198720,45002527,0,-198857,910655853617048255171,1971939302619,1139490236,2658810548,493554,
1,-201120,-198720,45002527,0,-198857,1017124050257566200206,2195057535921,1139490236,2658810548,493554,
0,-201120,-198720,45004327,0,-198857,912485484648236398097,1971939302619,1139490236,2658810548,493555,
1,-201120,-198720,45004327,0,-198857,1018953681288754343132,2195057535921,1139490236,2658810548,493555,
0,-201120,-198720,45006127,0,-198857,916157335627780378923,1991433067124,1139490236,2658810548,493556,
1,-201120,-198720,45006127,0,-198857,1022625532268298323958,2214551300426,1139490236,2658810548,493556,
0,-201120,-198720,45007927,0,-198857,918830919972091817733,1991433067124,1139490236,2658810548,493557,
1,-201120,-198720,45007927,0,-198857,1025299116612609762768,2214551300426,1139490236,2658810548,493557,
0,-201120,-198720,45009727,0,-198857,919551991942920107035,1991433067124,1139490236,2658810548,493558,
1,-201120,-198720,45009727,0,-198857,1026020188583438052070,2214551300426,1139490236,2658810548,493558,
0,-201120,-198720,45011527,0,-198857,920756671149711362550,1991433067124,1139490236,2658810548,493559,
1,-201120,-198720,45011527,0,-198857,1027224867790229307585,2214551300426,1139490236,2658810548,493559,
0,-201120,-198720,45013327,0,-198539,48102258531653835081,81044145562,1139490236,2658810548,493560,
1,-201120,-198720,45013327,0,-198539,154570455172171780116,304162378864,1139490236,2658810548,493560,
0,-201120,-198720,45015127,0,-198539,48102258531653835081,81044145562,1139490236,2658810548,493561,
1,-201120,-198720,45015127,0,-198539,154570455172171780116,304162378864,1139490236,2658810548,493561,
0,-201120,-198720,45016927,0,-198539,48102258531653835081,81044145562,1139490236,2658810548,493562,
1,-201120,-198720,45016927,0,-198539,154570455172171780116,304162378864,1139490236,2658810548,493562,
0,-201120,-198720,45018727,0,-198539,924191620764184236360,2010926831630,1139490236,2658810548,493563,
1,-201120,-198720,45018727,0,-198539,1030659817404702181395,2234045064932,1139490236,2658810548,493563,
0,-201120,-198720,45020527,0,-198539,924191620764184236360,2010926831630,1139490236,2658810548,493564,
1,-201120,-198720,45020527,0,-198539,1030659817404702181395,2234045064932,1139490236,2658810548,493564,
0,-201120,-198720,45022327,0,-198539,924191620764184236360,2010926831630,1139490236,2658810548,493565,
1,-201120,-198720,45022327,0,-198539,1030659817404702181395,2234045064932,1139490236,2658810548,493565,
0,-201120,-198720,45024127,0,-198539,924191620764184236360,2010926831630,1139490236,2658810548,493566,
1,-201120,-198720,45024127,0,-198539,1030659817404702181395,2234045064932,1139490236,2658810548,493566,
0,-201120,-198720,45025927,0,-198539,924191620764184236360,2010926831630,1139490236,2658810548,493567,
1,-201120,-198720,45025927,0,-198539,1030659817404702181395,2234045064932,1139490236,2658810548,493567,
0,-201120,-198720,45027727,0,-198539,924191620764184236360,2010926831630,1139490236,2658810548,493568,
1,-201120,-198720,45027727,0,-198539,1030659817404702181395,2234045064932,1139490236,2658810548,493568,
0,-201120,-198720,45029527,0,-198539,924191620764184236360,2010926831630,1139490236,2658810548,493569,
1,-201120,-198720,45029527,0,-198539,1030659817404702181395,2234045064932,1139490236,2658810548,493569,
0,-201120,-198720,45031327,0,-198539,924191620764184236360,2010926831630,1139490236,2658810548,493570,
1,-201120,-198720,45031327,0,-198539,1030659817404702181395,2234045064932,1139490236,2658810548,493570,
0,-201120,-198720,45033127,0,-198539,924191620764184236360,2010926831630,1139490236,2658810548,493571,
1,-201120,-198720,45033127,0,-198539,1030659817404702181395,2234045064932,1139490236,2658810548,493571,
0,-201120,-198720,45034927,0,-198539,924191620764184236360,2010926831630,1139490236,2658810548,493572,
1,-201120,-198720,45034927,0,-198539,1030659817404702181395,2234045064932,1139490236,2658810548,493572,
0,-201120,-198720,45036727,0,-198539,924191620764184236360,2010926831630,1139490236,2658810548,493573,
1,-201120,-198720,45036727,0,-198539,1030659817404702181395,2234045064932,1139490236,2658810548,493573,
0,-201120,-198720,45038527,0,-198539,924191620764184236360,2010926831630,1139490236,2658810548,493574,
1,-201120,-198720,45038527,0,-198539,1030659817404702181395,2234045064932,1139490236,2658810548,493574,
0,-201120,-198720,45040327,0,-198539,924191620764184236360,2010926831630,1139490236,2658810548,493575,
1,-201120,-198720,45040327,0,-198539,1030659817404702181395,2234045064932,1139490236,2658810548,493575,
0,-201120,-198720,45042127,0,-198539,924191620764184236360,2010926831630,1139490236,2658810548,493576,
1,-201120,-198720,45042127,0,-198539,1030659817404702181395,2234045064932,1139490236,2658810548,493576,
0,-201120,-198720,45043927,0,-198539,924191620764184236360,2010926831630,1139490236,2658810548,493577,
1,-201120,-198720,45043927,0,-198539,1030659817404702181395,2234045064932,1139490236,2658810548,493577,
0,-201120,-198720,45045727,0,-198539,924191620764184236360,2010926831630,1139490236,2658810548,493578,
1,-201120,-198720,45045727,0,-198539,1030659817404702181395,2234045064932,1139490236,2658810548,493578,
0,-201120,-198720,45047527,0,-198539,924191620764184236360,2010926831630,1139490236,2658810548,493579,
1,-201120,-198720,45047527,0,-198539,1030659817404702181395,2234045064932,1139490236,2658810548,493579,
0,-201120,-198720,45049327,0,-198539,924191620764184236360,2010926831630,1139490236,2658810548,493580,
1,-201120,-198720,45049327,0,-198539,1030659817404702181395,2234045064932,1139490236,2658810548,493580,
0,-201120,-198720,45051127,0,-198539,924191620764184236360,2010926831630,1139490236,2658810548,493581,
1,-201120,-198720,45051127,0,-198539,1030659817404702181395,2234045064932,1139490236,2658810548,493581,
0,-201120,-198720,45052927,0,-198539,924191620764184236360,2010926831630,1139490236,2658810548,493582,
1,-201120,-198720,45052927,0,-198539,1030659817404702181395,2234045064932,1139490236,2658810548,493582,
0,-201120,-198720,45054727,0,-198539,924191620764184236360,2010926831630,1139490236,2658810548,493583,
1,-201120,-198720,45054727,0,-198539,1030659817404702181395,2234045064932,1139490236,2658810548,493583,
0,-201120,-198720,45056527,0,-198759,48102258531653835081,81044145562,1139490236,2658810548,493584,
1,-201120,-198720,45056527,0,-198759,154570455172171780116,304162378864,1139490236,2658810548,493584,
0,-201120,-198720,45058327,0,-198759,48102258531653835081,81044145562,1139490236,2658810548,493585,
1,-201120,-198720,45058327,0,-198759,154570455172171780116,304162378864,1139490236,2658810548,493585,
0,-201120,-198720,45060127,0,-198759,48102258531653835081,81044145562,1139490236,2658810548,493586,
1,-201120,-198720,45060127,0,-198759,154570455172171780116,304162378864,1139490236,2658810548,493586,
0,-201120,-198720,45061927,0,-198759,48102258531653835081,81044145562,1139490236,2658810548,493587,
1,-201120,-198720,45061927,0,-198759,154570455172171780116,304162378864,1139490236,2658810548,493587,
0,-201120,-198720,45063727,0,-198759,925500497085817146703,2010926831630,1139490236,2658810548,493588,
1,-201120,-198720,45063727,0,-198759,1031968693726335091738,2234045064932,1139490236,2658810548,493588,
0,-201120,-198720,45065527,0,-198759,925664841918634814434,2010926831630,1519320314,2278980470,493589,
1,-201120,-198720,45065527,0,-198759,1032133038559152759469,2234045064932,1519320314,2278980470,493589,
0,-201120,-198720,45067327,0,-198759,925664841918634814434,2010926831630,1519320314,2278980470,493590,
1,-201120,-198720,45067327,0,-198759,1032133038559152759469,2234045064932,1519320314,2278980470,493590,
0,-201120,-198720,45069127,0,-198759,925664841918634814434,2010926831630,1519320314,2278980470,493591,
1,-201120,-198720,45069127,0,-198759,1032133038559152759469,2234045064932,1519320314,2278980470,493591,
0,-201120,-198720,45070927,0,-198759,926053933375672567689,2010926831630,1519320314,2278980470,493592,
1,-201120,-198720,45070927,0,-198759,1032522130016190512724,2234045064932,1519320314,2278980470,493592,
0,-201120,-198720,45072727,0,-198759,926815593090394872457,2010926831630,1519320314,2278980470,493593,
1,-201120,-198720,45072727,0,-198759,1033283789730912817492,2234045064932,1519320314,2278980470,493593,
0,-201120,-198720,45074527,0,-198759,929017348109542189843,2010926831630,1519320314,2278980470,493594,
1,-201120,-198720,45074527,0,-198759,1035485544750060134878,2234045064932,1519320314,2278980470,493594,
0,-201120,-198720,45076327,0,-198759,930395378389022649191,2010926831630,1519320314,2278980470,493595,
1,-201120,-198720,45076327,0,-198759,1036863575029540594226,2234045064932,1519320314,2278980470,493595,
0,-201120,-198720,45078127,0,-198759,930861679617500994680,2010926831630,1519320314,2278980470,493596,
1,-201120,-198720,45078127,0,-198759,1037329876258018939715,2234045064932,1519320314,2278980470,493596,
0,-201120,-198720,45079927,0,-198759,932231152134982251432,2024434189223,1519320314,2278980470,493597,
1,-201120,-198720,45079927,0,-198759,1038699348775500196467,2247552422525,1519320314,2278980470,493597,
0,-201120,-198720,45081727,0,-198759,934035231811863026552,2024434189223,1519320314,2278980470,493598,
1,-201120,-198720,45081727,0,-198759,1040503428452380971587,2247552422525,1519320314,2278980470,493598,
0,-201120,-198720,45083527,0,-198759,935611259165845300689,2024434189223,1519320314,2278980470,493599,
1,-201120,-198720,45083527,0,-198759,1042079455806363245724,2247552422525,1519320314,2278980470,493599,
0,-201120,-198720,45085327,0,-198759,937388340052713072948,2024434189223,1519320314,2278980470,493600,
1,-201120,-198720,45085327,0,-198759,1043856536693231017983,2247552422525,1519320314,2278980470,493600,
0,-201120,-198720,45087127,0,-198759,938645709363447884579,2037941546817,1519320314,2278980470,493601,
1,-201120,-198720,45087127,0,-198759,1045113906003965829614,2261059780119,1519320314,2278980470,493601,
0,-201120,-198720,45088927,0,-198759,943571931948034167968,2037941546817,1519320314,2278980470,493602,
1,-201120,-198720,45088927,0,-198759,1050040128588552113003,2261059780119,1519320314,2278980470,493602,
0,-201120,-198720,45090727,0,-198759,945714632610678372423,2051448904411,1519320314,2278980470,493603,
1,-201120,-198720,45090727,0,-198759,1052182829251196317458,2274567137713,1519320314,2278980470,493603,
0,-201120,-198720,45092527,0,-198759,946679578408378709443,2051448904411,1519320314,2278980470,493604,
1,-201120,-198720,45092527,0,-198759,1053147775048896654478,2274567137713,1519320314,2278980470,493604,
0,-201120,-198720,45094327,0,-198759,947347034150747924324,2051448904411,1519320314,2278980470,493605,
1,-201120,-198720,45094327,0,-198759,1053815230791265869359,2274567137713,1519320314,2278980470,493605,
0,-201120,-198720,45096127,0,-198759,947813012161666407701,2051448904411,1519320314,2278980470,493606,
1,-201120,-198720,45096127,0,-198759,1054281208802184352736,2274567137713,1519320314,2278980470,493606,
0,-201120,-198720,45097927,0,-198759,948440130652428169656,2051448904411,1519320314,2278980470,493607,
1,-201120,-198720,45097927,0,-198759,1054908327292946114691,2274567137713,1519320314,2278980470,493607,
0,-201120,-198720,45099727,0,-198831,948824159470795619992,2051448904411,1519320314,2278980470,493608,
1,-201120,-198720,45099727,0,-198831,1055292356111313565027,2274567137713,1519320314,2278980470,493608,
0,-201120,-198720,45101527,0,-198831,949467430829687434394,2064956262004,1519320314,2278980470,493609,
1,-201120,-198720,45101527,0,-198831,1055935627470205379429,2288074495306,1519320314,2278980470,493609,
0,-201120,-198720,45103327,0,-198831,950297421659556772821,2064956262004,1519320314,2278980470,493610,
1,-201120,-198720,45103327,0,-198831,1056765618300074717856,2288074495306,1519320314,2278980470,493610,
0,-201120,-198720,45105127,0,-198831,951378742906136898906,2064956262004,1519320314,2278980470,493611,
1,-201120,-198720,45105127,0,-198831,1057846939546654843941,2288074495306,1519320314,2278980470,493611,
0,-201120,-198720,45106927,0,-198831,952663878535465266065,2064956262004,1519320314,2278980470,493612,
1,-201120,-198720,45106927,0,-198831,1059132075175983211100,2288074495306,1519320314,2278980470,493612,
0,-201120,-198720,45108727,0,-198831,953184370458661135878,2064956262004,1519320314,2278980470,493613,
1,-201120,-198720,45108727,0,-198831,1059652567099179080913,2288074495306,1519320314,2278980470,493613,
0,-201120,-198720,45110527,0,-198831,953581780489409820666,2064956262004,1519320314,2278980470,493614,
1,-201120,-198720,45110527,0,-198831,1060049977129927765701,2288074495306,1519320314,2278980470,493614,
0,-201120,-198720,45112327,0,-198831,954174743114127139344,2064956262004,1519320314,2278980470,493615,
1,-201120,-198720,45112327,0,-198831,1060642939754645084379,2288074495306,1519320314,2278980470,493615,
0,-201120,-198720,45114127,0,-198831,954646535286077729650,2064956262004,1519320314,2278980470,493616,
1,-201120,-198720,45114127,0,-198831,1061114731926595674685,2288074495306,1519320314,2278980470,493616,
0,-201120,-198720,45115927,0,-198831,955313951154727327625,2064956262004,1519320314,2278980470,493617,
1,-201120,-198720,45115927,0,-198831,1061782147795245272660,2288074495306,1519320314,2278980470,493617,
0,-201120,-198720,45117727,0,-198831,956154895425046063138,2064956262004,1519320314,2278980470,493618,
1,-201120,-198720,45117727,0,-198831,1062623092065564008173,2288074495306,1519320314,2278980470,493618,
0,-201120,-198720,45119527,0,-198831,956496157085711723361,2078463619598,1519320314,2278980470,493619,
1,-201120,-198720,45119527,0,-198831,1062964353726229668396,2301581852900,1519320314,2278980470,493619,
0,-201120,-198720,45121327,0,-198831,957789360835326517759,2078463619598,1519320314,2278980470,493620,
1,-201120,-198720,45121327,0,-198831,1064257557475844462794,2301581852900,1519320314,2278980470,493620,
0,-201120,-198720,45123127,0,-198831,958815769716087597814,2078463619598,1519320314,2278980470,493621,
1,-201120,-198720,45123127,0,-198831,1065283966356605542849,2301581852900,1519320314,2278980470,493621,
0,-201120,-198720,45124927,0,-198831,960509692988164565042,2078463619598,1519320314,2278980470,493622,
1,-201120,-198720,45124927,0,-198831,1066977889628682510077,2301581852900,1519320314,2278980470,493622,
0,-201120,-198720,45126727,0,-198831,962392854569755791082,2091970977192,1519320314,2278980470,493623,
1,-201120,-198720,45126727,0,-198831,1068861051210273736117,2315089210494,1519320314,2278980470,493623,
0,-201120,-198720,45128527,0,-198831,963773606946490056762,2091970977192,1519320314,2278980470,493624,
1,-201120,-198720,45128527,0,-198831,1070241803587008001797,2315089210494,1519320314,2278980470,493624,
0,-201120,-198720,45130327,0,-198831,964934011799707690586,2091970977192,1519320314,2278980470,493625,
1,-201120,-198720,45130327,0,-198831,1071402208440225635621,2315089210494,1519320314,2278980470,493625,
0,-201120,-198720,45132127,0,-198831,965724500389308667393,2091970977192,1519320314,2278980470,493626,
1,-201120,-198720,45132127,0,-198831,1072192697029826612428,2315089210494,1519320314,2278980470,493626,
0,-201120,-198720,45133927,0,-198831,966295004978907934362,2091970977192,1519320314,2278980470,493627,
1,-201120,-198720,45133927,0,-198831,1072763201619425879397,2315089210494,1519320314,2278980470,493627,
0,-201120,-198720,45135727,0,-198831,966631543629902630249,2091970977192,1519320314,2278980470,493628,
1,-201120,-198720,45135727,0,-198831,1073099740270420575284,2315089210494,1519320314,2278980470,493628,
0,-201120,-198720,45137527,0,-198831,966935730525069899154,2091970977192,1519320314,2278980470,493629,
1,-201120,-198720,45137527,0,-198831,1073403927165587844189,2315089210494,1519320314,2278980470,493629,
0,-201120,-198720,45139327,0,-198831,967877407332916967722,2105478334786,1519320314,2278980470,493630,
1,-201120,-198720,45139327,0,-198831,1074345603973434912757,2328596568088,1519320314,2278980470,493630,
0,-201120,-198720,45141127,0,-198831,968265104546996531041,2105478334786,1519320314,2278980470,493631,
1,-201120,-198720,45141127,0,-198831,1074733301187514476076,2328596568088,1519320314,2278980470,493631,
0,-201120,-198720,45142927,0,-198847,968273790601878159577,2105478334786,1519320314,2278980470,493632,
1,-201120,-198720,45142927,0,-198847,1074741987242396104612,2328596568088,1519320314,2278980470,493632,
0,-201120,-198720,45144727,0,-198847,968401934255017403924,2105478334786,1519320314,2278980470,493633,
1,-201120,-198720,45144727,0,-198847,1074870130895535348959,2328596568088,1519320314,2278980470,493633,
0,-201120,-198720,45146527,0,-198847,968466522535404625154,2105478334786,1519320314,2278980470,493634,
1,-201120,-198720,45146527,0,-198847,1074934719175922570189,2328596568088,1519320314,2278980470,493634,
0,-201120,-198720,45148327,0,-198847,968672732110338187341,2105478334786,1519320314,2278980470,493635,
1,-201120,-198720,45148327,0,-198847,1075140928750856132376,2328596568088,1519320314,2278980470,493635,
0,-201120,-198720,45150127,0,-198847,968873301917733536190,2105478334786,1519320314,2278980470,493636,
1,-201120,-198720,45150127,0,-198847,1075341498558251481225,2328596568088,1519320314,2278980470,493636,
0,-201120,-198720,45151927,0,-198847,968944851485003875660,2105478334786,1519320314,2278980470,493637,
1,-201120,-198720,45151927,0,-198847,1075413048125521820695,2328596568088,1519320314,2278980470,493637,
0,-201120,-198720,45153727,0,-198847,969067003260807151412,2105478334786,1519320314,2278980470,493638,
1,-201120,-198720,45153727,0,-198847,1075535199901325096447,2328596568088,1519320314,2278980470,493638,
0,-201120,-198720,45155527,0,-198847,969120653445103202116,2105478334786,1519320314,2278980470,493639,
1,-201120,-198720,45155527,0,-198847,1075588850085621147151,2328596568088,1519320314,2278980470,493639,
0,-201120,-198720,45157327,0,-198847,969185910515286965313,2105478334786,1519320314,2278980470,493640,
1,-201120,-198720,45157327,0,-198847,1075654107155804910348,2328596568088,1519320314,2278980470,493640,
0,-201120,-198720,45159127,0,-198847,969218754290122104162,2105478334786,1519320314,2278980470,493641,
1,-201120,-198720,45159127,0,-198847,1075686950930640049197,2328596568088,1519320314,2278980470,493641,
0,-201120,-198720,45160927,0,-198847,969425286380232933583,2105478334786,1519320314,2278980470,493642,
1,-201120,-198720,45160927,0,-198847,1075893483020750878618,2328596568088,1519320314,2278980470,493642,
0,-201120,-198720,45162727,0,-198847,969510460197769692802,2105478334786,1519320314,2278980470,493643,
1,-201120,-198720,45162727,0,-198847,1075978656838287637837,2328596568088,1519320314,2278980470,493643,
0,-201120,-198720,45164527,0,-198847,969887475982567083039,2105478334786,1519320314,2278980470,493644,
1,-201120,-198720,45164527,0,-198847,1076355672623085028074,2328596568088,1519320314,2278980470,493644,
0,-201120,-198720,45166327,0,-198847,970039752407570361944,2105478334786,1519320314,2278980470,493645,
1,-201120,-198720,45166327,0,-198847,1076507949048088306979,2328596568088,1519320314,2278980470,493645,
0,-201120,-198720,45168127,0,-198847,970140425080489839264,2105478334786,1519320314,2278980470,493646,
1,-201120,-198720,45168127,0,-198847,1076608621721007784299,2328596568088,1519320314,2278980470,493646,
0,-201120,-198720,45169927,0,-198847,970324157237247202636,2105478334786,1519320314,2278980470,493647,
1,-201120,-198720,45169927,0,-198847,1076792353877765147671,2328596568088,1519320314,2278980470,493647,
0,-201120,-198720,45171727,0,-198847,970923434646191127362,2105478334786,1519320314,2278980470,493648,
1,-201120,-198720,45171727,0,-198847,1077391631286709072397,2328596568088,1519320314,2278980470,493648,
0,-201120,-198720,45173527,0,-198847,971516167970005933641,2105478334786,1519320314,2278980470,493649,
1,-201120,-198720,45173527,0,-198847,1077984364610523878676,2328596568088,1519320314,2278980470,493649,
0,-201120,-198720,45175327,0,-198847,971784685351129440114,2105478334786,1519320314,2278980470,493650,
1,-201120,-198720,45175327,0,-198847,1078252881991647385149,2328596568088,1519320314,2278980470,493650,
0,-201120,-198720,45177127,0,-198847,971899443091327007365,2105478334786,1519320314,2278980470,493651,
1,-201120,-198720,45177127,0,-198847,1078367639731844952400,2328596568088,1519320314,2278980470,493651,
0,-201120,-198720,45178927,0,-198847,972097603037546688231,2105478334786,1519320314,2278980470,493652,
1,-201120,-198720,45178927,0,-198847,1078565799678064633266,2328596568088,1519320314,2278980470,493652,
0,-201120,-198720,45180727,0,-198847,972115134304504473085,2105478334786,1519320314,2278980470,493653,
1,-201120,-198720,45180727,0,-198847,1078583330945022418120,2328596568088,1519320314,2278980470,493653,
0,-201120,-198720,45182527,0,-198847,972230269048559840971,2105478334786,1519320314,2278980470,493654,
1,-201120,-198720,45182527,0,-198847,1078698465689077786006,2328596568088,1519320314,2278980470,493654,
0,-201120,-198720,45184327,0,-198847,972263879244372209794,2105478334786,1519320314,2278980470,493655,
1,-201120,-198720,45184327,0,-198847,1078732075884890154829,2328596568088,1519320314,2278980470,493655,
0,-201120,-198720,45186127,0,-198720,925664841918634814434,2010926831630,1519320314,2278980470,493656,
1,-201120,-198720,45186127,0,-198720,1032133038559152759469,2234045064932,1519320314,2278980470,493656,
0,-201120,-198720,45187927,0,-198720,925664841918634814434,2010926831630,1519320314,2278980470,493657,
1,-201120,-198720,45187927,0,-198720,1032133038559152759469,2234045064932,1519320314,2278980470,493657,
0,-201120,-198720,45189727,0,-198720,925664841918634814434,2010926831630,1519320314,2278980470,493658,
1,-201120,-198720,45189727,0,-198720,1032133038559152759469,2234045064932,1519320314,2278980470,493658,
0,-201120,-198720,45191527,0,-198720,925664841918634814434,2010926831630,1519320314,2278980470,493659,
1,-201120,-198720,45191527,0,-198720,1032133038559152759469,2234045064932,1519320314,2278980470,493659,
0,-201120,-198720,45193327,0,-198720,925664841918634814434,2010926831630,1519320314,2278980470,493660,
1,-201120,-198720,45193327,0,-198720,1032133038559152759469,2234045064932,1519320314,2278980470,493660,
0,-201120,-198720,45195127,0,-198720,925664841918634814434,2010926831630,1519320314,2278980470,493661,
1,-201120,-198720,45195127,0,-198720,1032133038559152759469,2234045064932,1519320314,2278980470,493661,
0,-201120,-198720,45196927,0,-198720,925664841918634814434,2010926831630,1519320314,2278980470,493662,
1,-201120,-198720,45196927,0,-198720,1032133038559152759469,2234045064932,1519320314,2278980470,493662,
0,-201120,-198720,45198727,0,-198720,925664841918634814434,2010926831630,1519320314,2278980470,493663,
1,-201120,-198720,45198727,0,-198720,1032133038559152759469,2234045064932,1519320314,2278980470,493663,
0,-201120,-198720,45200527,0,-198720,925664841918634814434,2010926831630,1519320314,2278980470,493664,
1,-201120,-198720,45200527,0,-198720,1032133038559152759469,2234045064932,1519320314,2278980470,493664,
0,-201120,-198720,45202327,0,-198720,925664841918634814434,2010926831630,1519320314,2278980470,493665,
1,-201120,-198720,45202327,0,-198720,1032133038559152759469,2234045064932,1519320314,2278980470,493665,
0,-201120,-198720,45204127,0,-198720,925664841918634814434,2010926831630,1519320314,2278980470,493666,
1,-201120,-198720,45204127,0,-198720,1032133038559152759469,2234045064932,1519320314,2278980470,493666,
0,-201120,-198720,45205927,0,-198720,925664841918634814434,2010926831630,1519320314,2278980470,493667,
1,-201120,-198720,45205927,0,-198720,1032133038559152759469,2234045064932,1519320314,2278980470,493667,
0,-201120,-198720,45207727,0,-198720,925664841918634814434,2010926831630,1519320314,2278980470,493668,
1,-201120,-198720,45207727,0,-198720,1032133038559152759469,2234045064932,1519320314,2278980470,493668,
0,-201120,-198720,45209527,0,-198720,925664841918634814434,2010926831630,1519320314,2278980470,493669,
1,-201120,-198720,45209527,0,-198720,1032133038559152759469,2234045064932,1519320314,2278980470,493669,
0,-201120,-198720,45211327,0,-198720,925664841918634814434,2010926831630,1519320314,2278980470,493670,
1,-201120,-198720,45211327,0,-198720,1032133038559152759469,2234045064932,1519320314,2278980470,493670,
0,-201120,-198720,45213127,0,-198720,975927632491187558987,2118985692380,1519320314,2278980470,493671,
1,-201120,-198720,45213127,0,-198720,1082395829131705504022,2342103925682,1519320314,2278980470,493671,
0,-201120,-198720,45214927,0,-198720,975927632491187558987,2118985692380,1519320314,2278980470,493672,
1,-201120,-198720,45214927,0,-198720,1082395829131705504022,2342103925682,1519320314,2278980470,493672,
0,-201120,-198720,45216727,0,-198720,925664841918634814434,2010926831630,1519320314,2278980470,493673,
1,-201120,-198720,45216727,0,-198720,1032133038559152759469,2234045064932,1519320314,2278980470,493673,
0,-201120,-198720,45218527,0,-198720,976040414996454754054,2118985692380,1519320314,2278980470,493674,
1,-201120,-198720,45218527,0,-198720,1082508611636972699089,2342103925682,1519320314,2278980470,493674,
0,-201120,-198720,45220327,0,-198720,976040414996454754054,2118985692380,1519320314,2278980470,493675,
1,-201120,-198720,45220327,0,-198720,1082508611636972699089,2342103925682,1519320314,2278980470,493675,
0,-201120,-198720,45222127,0,-198720,976040414996454754054,2118985692380,1519320314,2278980470,493676,
1,-201120,-198720,45222127,0,-198720,1082508611636972699089,2342103925682,1519320314,2278980470,493676,
0,-201120,-198720,45223927,0,-198720,976040414996454754054,2118985692380,1519320314,2278980470,493677,
1,-201120,-198720,45223927,0,-198720,1082508611636972699089,2342103925682,1519320314,2278980470,493677,
0,-201120,-198720,45225727,0,-198720,976040414996454754054,2118985692380,1519320314,2278980470,493678,
1,-201120,-198720,45225727,0,-198720,1082508611636972699089,2342103925682,1519320314,2278980470,493678,
0,-201120,-198720,45227527,0,-198720,976040414996454754054,2118985692380,1519320314,2278980470,493679,
1,-201120,-198720,45227527,0,-198720,1082508611636972699089,2342103925682,1519320314,2278980470,493679,
0,-201120,-198720,45229327,0,-198792,925664841918634814434,2010926831630,1519320314,2278980470,493680,
1,-201120,-198720,45229327,0,-198792,1032133038559152759469,2234045064932,1519320314,2278980470,493680,
0,-201120,-198720,45231127,0,-198792,925664841918634814434,2010926831630,1519320314,2278980470,493681,
1,-201120,-198720,45231127,0,-198792,1032133038559152759469,2234045064932,1519320314,2278980470,493681,
0,-201120,-198720,45232927,0,-198792,925664841918634814434,2010926831630,1519320314,2278980470,493682,
1,-201120,-198720,45232927,0,-198792,1032133038559152759469,2234045064932,1519320314,2278980470,493682,
0,-201120,-198720,45234727,0,-198792,925664841918634814434,2010926831630,1519320314,2278980470,493683,
1,-201120,-198720,45234727,0,-198792,1032133038559152759469,2234045064932,1519320314,2278980470,493683,
0,-201120,-198720,45236527,0,-198792,925664841918634814434,2010926831630,1519320314,2278980470,493684,
1,-201120,-198720,45236527,0,-198792,1032133038559152759469,2234045064932,1519320314,2278980470,493684,
0,-201120,-198720,45238327,0,-198792,925664841918634814434,2010926831630,1519320314,2278980470,493685,
1,-201120,-198720,45238327,0,-198792,1032133038559152759469,2234045064932,1519320314,2278980470,493685,
0,-201120,-198720,45240127,0,-198792,979331799354183636267,2132493049974,1519320314,2278980470,493686,
1,-201120,-198720,45240127,0,-198792,1085799995994701581302,2355611283276,1519320314,2278980470,493686,
0,-201120,-198720,45241927,0,-198792,980458389901908301310,2132493049974,1519320314,2278980470,493687,
1,-201120,-198720,45241927,0,-198792,1086926586542426246345,2355611283276,1519320314,2278980470,493687,
0,-201120,-198720,45243727,0,-198792,981192030872538337559,2132493049974,1519320314,2278980470,493688,
1,-201120,-198720,45243727,0,-198792,1087660227513056282594,2355611283276,1519320314,2278980470,493688,
0,-201120,-198720,45245527,0,-198792,981890018024674135376,2132493049974,1519320314,2278980470,493689,
1,-201120,-198720,45245527,0,-198792,1088358214665192080411,2355611283276,1519320314,2278980470,493689,
0,-201120,-198720,45247327,0,-198792,982256266311306764819,2132493049974,1519320314,2278980470,493690,
1,-201120,-198720,45247327,0,-198792,1088724462951824709854,2355611283276,1519320314,2278980470,493690,
0,-201120,-198720,45249127,0,-198792,982488471619878414059,2132493049974,1519320314,2278980470,493691,
1,-201120,-198720,45249127,0,-198792,1088956668260396359094,2355611283276,1519320314,2278980470,493691,
0,-201120,-198720,45250927,0,-198792,982743039115358629381,2132493049974,1519320314,2278980470,493692,
1,-201120,-198720,45250927,0,-198792,1089211235755876574416,2355611283276,1519320314,2278980470,493692,
0,-201120,-198720,45252727,0,-198792,983347130708637276614,2132493049974,1519320314,2278980470,493693,
1,-201120,-198720,45252727,0,-198792,1089815327349155221649,2355611283276,1519320314,2278980470,493693,
0,-201120,-198720,45254527,0,-198792,984730339736033915212,2132493049974,1519320314,2278980470,493694,
1,-201120,-198720,45254527,0,-198792,1091198536376551860247,2355611283276,1519320314,2278980470,493694,
0,-201120,-198720,45256327,0,-198792,986478173816871705573,2146000407567,1519320314,2278980470,493695,
1,-201120,-198720,45256327,0,-198792,1092946370457389650608,2369118640869,1519320314,2278980470,493695,
0,-201120,-198720,45258127,0,-198792,991196205729400858880,2146000407567,1519320314,2278980470,493696,
1,-201120,-198720,45258127,0,-198792,1097664402369918803915,2369118640869,1519320314,2278980470,493696,
0,-201120,-198720,45259927,0,-198792,991980924624190927557,2146000407567,1519320314,2278980470,493697,
1,-201120,-198720,45259927,0,-198792,1098449121264708872592,2369118640869,1519320314,2278980470,493697,
0,-201120,-198720,45261727,0,-198792,992436743508330675027,2159507765161,1519320314,2278980470,493698,
1,-201120,-198720,45261727,0,-198792,1098904940148848620062,2382625998463,1519320314,2278980470,493698,
0,-201120,-198720,45263527,0,-198792,992957784573149520899,2159507765161,1519320314,2278980470,493699,
1,-201120,-198720,45263527,0,-198792,1099425981213667465934,2382625998463,1519320314,2278980470,493699,
0,-201120,-198720,45265327,0,-198792,993796032302135017556,2159507765161,1519320314,2278980470,493700,
1,-201120,-198720,45265327,0,-198792,1100264228942652962591,2382625998463,1519320314,2278980470,493700,
0,-201120,-198720,45267127,0,-198792,994120320428145298644,2159507765161,1519320314,2278980470,493701,
1,-201120,-198720,45267127,0,-198792,1100588517068663243679,2382625998463,1519320314,2278980470,493701,
0,-201120,-198720,45268927,0,-198792,994512159916563438334,2159507765161,1519320314,2278980470,493702,
1,-201120,-198720,45268927,0,-198792,1100980356557081383369,2382625998463,1519320314,2278980470,493702,
0,-201120,-198720,45270727,0,-198792,994781191441746395324,2159507765161,1519320314,2278980470,493703,
1,-201120,-198720,45270727,0,-198792,1101249388082264340359,2382625998463,1519320314,2278980470,493703,
0,-201120,-198720,45272527,0,-198983,995176261349806668934,2159507765161,1519320314,2278980470,493704,
1,-201120,-198720,45272527,0,-198983,1101644457990324613969,2382625998463,1519320314,2278980470,493704,
0,-201120,-198720,45274327,0,-198983,995819423785366846908,2159507765161,1519320314,2278980470,493705,
1,-201120,-198720,45274327,0,-198983,1102287620425884791943,2382625998463,1519320314,2278980470,493705,
0,-201120,-198720,45276127,0,-198983,996450751695541784028,2159507765161,1519320314,2278980470,493706,
1,-201120,-198720,45276127,0,-198983,1102918948336059729063,2382625998463,1519320314,2278980470,493706,
0,-201120,-198720,45277927,0,-198983,997578584433900205568,2159507765161,1519320314,2278980470,493707,
1,-201120,-198720,45277927,0,-198983,1104046781074418150603,2382625998463,1519320314,2278980470,493707,
0,-201120,-198720,45279727,0,-198983,997934624764656397506,2159507765161,1519320314,2278980470,493708,
1,-201120,-198720,45279727,0,-198983,1104402821405174342541,2382625998463,1519320314,2278980470,493708,
0,-201120,-198720,45281527,0,-198983,998538954046906622890,2173015122755,1519320314,2278980470,493709,
1,-201120,-198720,45281527,0,-198983,1105007150687424567925,2396133356057,1519320314,2278980470,493709,
0,-201120,-198720,45283327,0,-198983,999143153293825292733,2173015122755,1519320314,2278980470,493710,
1,-201120,-198720,45283327,0,-198983,1105611349934343237768,2396133356057,1519320314,2278980470,493710,
0,-201120,-198720,45285127,0,-198983,1000111671476939965983,2173015122755,1519320314,2278980470,493711,
1,-201120,-198720,45285127,0,-198983,1106579868117457911018,2396133356057,1519320314,2278980470,493711,
0,-201120,-198720,45286927,0,-198983,1000477722515629653121,2173015122755,1519320314,2278980470,493712,
1,-201120,-198720,45286927,0,-198983,1106945919156147598156,2396133356057,1519320314,2278980470,493712,
0,-201120,-198720,45288727,0,-198983,1001022358165156566066,2173015122755,1519320314,2278980470,493713,
1,-201120,-198720,45288727,0,-198983,1107490554805674511101,2396133356057,1519320314,2278980470,493713,
0,-201120,-198720,45290527,0,-198983,1001570393616589839221,2173015122755,1519320314,2278980470,493714,
1,-201120,-198720,45290527,0,-198983,1108038590257107784256,2396133356057,1519320314,2278980470,493714,
0,-201120,-198720,45292327,0,-198983,1001939647263272374639,2173015122755,1519320314,2278980470,493715,
1,-201120,-198720,45292327,0,-198983,1108407843903790319674,2396133356057,1519320314,2278980470,493715,
0,-201120,-198720,45294127,0,-198983,1003082557494993375597,2173015122755,1519320314,2278980470,493716,
1,-201120,-198720,45294127,0,-198983,1109550754135511320632,2396133356057,1519320314,2278980470,493716,
0,-201120,-198720,45295927,0,-198983,1003910803795600043994,2173015122755,1519320314,2278980470,493717,
1,-201120,-198720,45295927,0,-198983,1110379000436117989029,2396133356057,1519320314,2278980470,493717,
0,-201120,-198720,45297727,0,-198983,1006607678463409601305,2186522480349,1519320314,2278980470,493718,
1,-201120,-198720,45297727,0,-198983,1113075875103927546340,2409640713651,1519320314,2278980470,493718,
0,-201120,-198720,45299527,0,-198983,1008754849737240772295,2186522480349,1519320314,2278980470,493719,
1,-201120,-198720,45299527,0,-198983,1115223046377758717330,2409640713651,1519320314,2278980470,493719,
0,-201120,-198720,45301327,0,-198983,1009705869719409050321,2186522480349,1519320314,2278980470,493720,
1,-201120,-198720,45301327,0,-198983,1116174066359926995356,2409640713651,1519320314,2278980470,493720,
0,-201120,-198720,45303127,0,-198983,1010312685841265870771,2200029837943,1519320314,2278980470,493721,
1,-201120,-198720,45303127,0,-198983,1116780882481783815806,2423148071245,1519320314,2278980470,493721,
0,-201120,-198720,45304927,0,-198983,1010878198719329559881,2200029837943,1519320314,2278980470,493722,
1,-201120,-198720,45304927,0,-198983,1117346395359847504916,2423148071245,1519320314,2278980470,493722,
0,-201120,-198720,45306727,0,-198983,1011369863442559099286,2200029837943,1519320314,2278980470,493723,
1,-201120,-198720,45306727,0,-198983,1117838060083077044321,2423148071245,1519320314,2278980470,493723,
0,-201120,-198720,45308527,0,-198983,1011855503870794444970,2200029837943,1519320314,2278980470,493724,
1,-201120,-198720,45308527,0,-198983,1118323700511312390005,2423148071245,1519320314,2278980470,493724,
0,-201120,-198720,45310327,0,-198983,1012301420686677824196,2200029837943,1519320314,2278980470,493725,
1,-201120,-198720,45310327,0,-198983,1118769617327195769231,2423148071245,1519320314,2278980470,493725,
0,-201120,-198720,45312127,0,-198983,1012795535455471873148,2200029837943,1519320314,2278980470,493726,
1,-201120,-198720,45312127,0,-198983,1119263732095989818183,2423148071245,1519320314,2278980470,493726,
0,-201120,-198720,45313927,0,-198983,1013127475188889818965,2200029837943,1519320314,2278980470,493727,
1,-201120,-198720,45313927,0,-198983,1119595671829407764000,2423148071245,1519320314,2278980470,493727,
0,-201120,-198720,45315727,0,-198969,1013302392309007890576,2200029837943,1519320314,2278980470,493728,
1,-201120,-198720,45315727,0,-198969,1119770588949525835611,2423148071245,1519320314,2278980470,493728,
0,-201120,-198720,45317527,0,-198969,1013479517395827675597,2200029837943,1519320314,2278980470,493729,
1,-201120,-198720,45317527,0,-198969,1119947714036345620632,2423148071245,1519320314,2278980470,493729,
0,-201120,-198720,45319327,0,-198969,1014595953233679537905,2200029837943,1519320314,2278980470,493730,
1,-201120,-198720,45319327,0,-198969,1121064149874197482940,2423148071245,1519320314,2278980470,493730,
0,-201120,-198720,45321127,0,-198969,1015199361206083005176,2200029837943,1519320314,2278980470,493731,
1,-201120,-198720,45321127,0,-198969,1121667557846600950211,2423148071245,1519320314,2278980470,493731,
0,-201120,-198720,45322927,0,-198969,1016105174074981106112,2213537195536,1519320314,2278980470,493732,
1,-201120,-198720,45322927,0,-198969,1122573370715499051147,2436655428838,1519320314,2278980470,493732,
0,-201120,-198720,45324727,0,-198969,1017240050360030392153,2213537195536,1519320314,2278980470,493733,
1,-201120,-198720,45324727,0,-198969,1123708247000548337188,2436655428838,1519320314,2278980470,493733,
0,-201120,-198720,45326527,0,-198969,1017780521096887401513,2213537195536,1519320314,2278980470,493734,
1,-201120,-198720,45326527,0,-198969,1124248717737405346548,2436655428838,1519320314,2278980470,493734,
0,-201120,-198720,45328327,0,-198969,1018591653724003655070,2213537195536,1519320314,2278980470,493735,
1,-201120,-198720,45328327,0,-198969,1125059850364521600105,2436655428838,1519320314,2278980470,493735,
0,-201120,-198720,45330127,0,-198969,1019133127719845944147,2213537195536,1519320314,2278980470,493736,
1,-201120,-198720,45330127,0,-198969,1125601324360363889182,2436655428838,1519320314,2278980470,493736,
0,-201120,-198720,45331927,0,-198969,1019501489002949044971,2213537195536,1519320314,2278980470,493737,
1,-201120,-198720,45331927,0,-198969,1125969685643466990006,2436655428838,1519320314,2278980470,493737,
0,-201120,-198720,45333727,0,-198969,1020277334117601646438,2227044553130,1519320314,2278980470,493738,
1,-201120,-198720,45333727,0,-198969,1126745530758119591473,2450162786432,1519320314,2278980470,493738,
0,-201120,-198720,45335527,0,-198969,1021305872852015474940,2227044553130,1519320314,2278980470,493739,
1,-201120,-198720,45335527,0,-198969,1127774069492533419975,2450162786432,1519320314,2278980470,493739,
0,-201120,-198720,45337327,0,-198969,1021927599570324445778,2227044553130,1519320314,2278980470,493740,
1,-201120,-198720,45337327,0,-198969,1128395796210842390813,2450162786432,1519320314,2278980470,493740,
0,-201120,-198720,45339127,0,-198969,1023485251096308024937,2227044553130,1519320314,2278980470,493741,
1,-201120,-198720,45339127,0,-198969,1129953447736825969972,2450162786432,1519320314,2278980470,493741,
0,-201120,-198720,45340927,0,-198969,1025453174669610332737,2227044553130,1519320314,2278980470,493742,
1,-201120,-198720,45340927,0,-198969,1131921371310128277772,2450162786432,1519320314,2278980470,493742,
0,-201120,-198720,45342727,0,-198969,1026840059373184827376,2227044553130,1519320314,2278980470,493743,
1,-201120,-198720,45342727,0,-198969,1133308256013702772411,2450162786432,1519320314,2278980470,493743,
0,-201120,-198720,45344527,0,-198969,1029869278900588641437,2240551910724,1519320314,2278980470,493744,
1,-201120,-198720,45344527,0,-198969,1136337475541106586472,2463670144026,1519320314,2278980470,493744,
0,-201120,-198720,45346327,0,-198969,1031128387688834383016,2240551910724,1519320314,2278980470,493745,
1,-201120,-198720,45346327,0,-198969,1137596584329352328051,2463670144026,1519320314,2278980470,493745,
0,-201120,-198720,45348127,0,-198969,1031932605278259919513,2240551910724,1519320314,2278980470,493746,
1,-201120,-198720,45348127,0,-198969,1138400801918777864548,2463670144026,1519320314,2278980470,493746,
0,-201120,-198720,45349927,0,-198969,1040034201456842971138,2254059268318,1519320314,2278980470,493747,
1,-201120,-198720,45349927,0,-198969,1146502398097360916173,2477177501620,1519320314,2278980470,493747,
0,-201120,-198720,45351727,0,-198969,1041954103821008724123,2254059268318,1519320314,2278980470,493748,
1,-201120,-198720,45351727,0,-198969,1148422300461526669158,2477177501620,1519320314,2278980470,493748,
0,-201120,-198720,45353527,0,-198969,1043322230681497055847,2267566625912,1519320314,2278980470,493749,
1,-201120,-198720,45353527,0,-198969,1149790427322015000882,2490684859214,1519320314,2278980470,493749,
0,-201120,-198720,45355327,0,-198969,1044338619223578676320,2267566625912,1519320314,2278980470,493750,
1,-201120,-198720,45355327,0,-198969,1150806815864096621355,2490684859214,1519320314,2278980470,493750,
0,-201120,-198720,45357127,0,-198969,1044840362394140043848,2267566625912,1519320314,2278980470,493751,
1,-201120,-198720,45357127,0,-198969,1151308559034657988883,2490684859214,1519320314,2278980470,493751,
0,-201120,-198720,45358927,0,-199098,1045610871048969200823,2267566625912,1519320314,2278980470,493752,
1,-201120,-198720,45358927,0,-199098,1152079067689487145858,2490684859214,1519320314,2278980470,493752,
0,-201120,-198720,45360727,0,-199098,1046601292803680057762,2281073983505,1519320314,2278980470,493753,
1,-201120,-198720,45360727,0,-199098,1153069489444198002797,2504192216807,1519320314,2278980470,493753,
0,-201120,-198720,45362527,0,-199098,1047939973813716905308,2281073983505,1519320314,2278980470,493754,
1,-201120,-198720,45362527,0,-199098,1154408170454234850343,2504192216807,1519320314,2278980470,493754,
0,-201120,-198720,45364327,0,-199098,1050827558093473984014,2281073983505,1519320314,2278980470,493755,
1,-201120,-198720,45364327,0,-199098,1157295754733991929049,2504192216807,1519320314,2278980470,493755,
0,-201120,-198720,45366127,0,-199098,1051310470400174036529,2281073983505,1519320314,2278980470,493756,
1,-201120,-198720,45366127,0,-199098,1157778667040691981564,2504192216807,1519320314,2278980470,493756,
0,-201120,-198720,45367927,0,-199098,1052643261351336457567,2281073983505,1519320314,2278980470,493757,
1,-201120,-198720,45367927,0,-199098,1159111457991854402602,2504192216807,1519320314,2278980470,493757,
0,-201120,-198720,45369727,0,-199098,1053517595917685934792,2281073983505,1519320314,2278980470,493758,
1,-201120,-198720,45369727,0,-199098,1159985792558203879827,2504192216807,1519320314,2278980470,493758,
0,-201120,-198720,45371527,0,-199098,1053908971293297151411,2294581341099,1519320314,2278980470,493759,
1,-201120,-198720,45371527,0,-199098,1160377167933815096446,2517699574401,1519320314,2278980470,493759,
0,-201120,-198720,45373327,0,-199098,1054469036775609478125,2294581341099,1519320314,2278980470,493760,
1,-201120,-198720,45373327,0,-199098,1160937233416127423160,2517699574401,1519320314,2278980470,493760,
0,-201120,-198720,45375127,0,-199098,1055202372493465252021,2294581341099,1519320314,2278980470,493761,
1,-201120,-198720,45375127,0,-199098,1161670569133983197056,2517699574401,1519320314,2278980470,493761,
0,-201120,-198720,45376927,0,-199098,1055928032331191765123,2294581341099,1519320314,2278980470,493762,
1,-201120,-198720,45376927,0,-199098,1162396228971709710158,2517699574401,1519320314,2278980470,493762,
0,-201120,-198720,45378727,0,-199098,1056571411762451687542,2294581341099,1519320314,2278980470,493763,
1,-201120,-198720,45378727,0,-199098,1163039608402969632577,2517699574401,1519320314,2278980470,493763,
0,-201120,-198720,45380527,0,-199098,1057906829759592527322,2294581341099,1519320314,2278980470,493764,
1,-201120,-198720,45380527,0,-199098,1164375026400110472357,2517699574401,1519320314,2278980470,493764,
0,-201120,-198720,45382327,0,-199098,1058627349953203095234,2294581341099,1519320314,2278980470,493765,
1,-201120,-198720,45382327,0,-199098,1165095546593721040269,2517699574401,1519320314,2278980470,493765,
0,-201120,-198720,45384127,0,-199098,1060199323816708257068,2308088698693,1519320314,2278980470,493766,
1,-201120,-198720,45384127,0,-199098,1166667520457226202103,2531206931995,1519320314,2278980470,493766,
0,-201120,-198720,45385927,0,-199098,1062684500100274507194,2308088698693,1519320314,2278980470,493767,
1,-201120,-198720,45385927,0,-199098,1169152696740792452229,2531206931995,1519320314,2278980470,493767,
0,-201120,-198720,45387727,0,-199098,1063916944121953183065,2308088698693,1519320314,2278980470,493768,
1,-201120,-198720,45387727,0,-199098,1170385140762471128100,2531206931995,1519320314,2278980470,493768,
0,-201120,-198720,45389527,0,-199098,1064684188683297724769,2308088698693,1519320314,2278980470,493769,
1,-201120,-198720,45389527,0,-199098,1171152385323815669804,2531206931995,1519320314,2278980470,493769,
0,-201120,-198720,45391327,0,-199098,1065757756476993928850,2321596056287,1519320314,2278980470,493770,
1,-201120,-198720,45391327,0,-199098,1172225953117511873885,2544714289589,1519320314,2278980470,493770,
0,-201120,-198720,45393127,0,-199098,1066661085423874674981,2321596056287,1519320314,2278980470,493771,
1,-201120,-198720,45393127,0,-199098,1173129282064392620016,2544714289589,1519320314,2278980470,493771,
0,-201120,-198720,45394927,0,-199098,1067050643546609936536,2321596056287,1519320314,2278980470,493772,
1,-201120,-198720,45394927,0,-199098,1173518840187127881571,2544714289589,1519320314,2278980470,493772,
0,-201120,-198720,45396727,0,-199098,1067236436534422744022,2321596056287,1519320314,2278980470,493773,
1,-201120,-198720,45396727,0,-199098,1173704633174940689057,2544714289589,1519320314,2278980470,493773,
0,-201120,-198720,45398527,0,-199098,1067844242772605905418,2321596056287,1519320314,2278980470,493774,
1,-201120,-198720,45398527,0,-199098,1174312439413123850453,2544714289589,1519320314,2278980470,493774,
0,-201120,-198720,45400327,0,-199098,1068240451837176209996,2321596056287,1519320314,2278980470,493775,
1,-201120,-198720,45400327,0,-199098,1174708648477694155031,2544714289589,1519320314,2278980470,493775,
0,-201120,-198720,45402127,0,-198944,1068461558798366195832,2321596056287,1519320314,2278980470,493776,
1,-201120,-198720,45402127,0,-198944,1174929755438884140867,2544714289589,1519320314,2278980470,493776,
0,-201120,-198720,45403927,0,-198944,1068881053277736602926,2321596056287,1519320314,2278980470,493777,
1,-201120,-198720,45403927,0,-198944,1175349249918254547961,2544714289589,1519320314,2278980470,493777,
0,-201120,-198720,45405727,0,-198944,1069035035317305324114,2321596056287,1519320314,2278980470,493778,
1,-201120,-198720,45405727,0,-198944,1175503231957823269149,2544714289589,1519320314,2278980470,493778,
0,-201120,-198720,45407527,0,-198944,1069337330263909144223,2321596056287,1519320314,2278980470,493779,
1,-201120,-198720,45407527,0,-198944,1175805526904427089258,2544714289589,1519320314,2278980470,493779,
0,-201120,-198720,45409327,0,-198944,1070792920168899232895,2335103413880,1519320314,2278980470,493780,
1,-201120,-198720,45409327,0,-198944,1177261116809417177930,2558221647182,1519320314,2278980470,493780,
0,-201120,-198720,45411127,0,-198944,1071155699766101773734,2335103413880,1519320314,2278980470,493781,
1,-201120,-198720,45411127,0,-198944,1177623896406619718769,2558221647182,1519320314,2278980470,493781,
0,-201120,-198720,45412927,0,-198944,1071414137065503183234,2335103413880,1519320314,2278980470,493782,
1,-201120,-198720,45412927,0,-198944,1177882333706021128269,2558221647182,1519320314,2278980470,493782,
0,-201120,-198720,45414727,0,-198944,1072173773918352240068,2335103413880,1519320314,2278980470,493783,
1,-201120,-198720,45414727,0,-198944,1178641970558870185103,2558221647182,1519320314,2278980470,493783,
0,-201120,-198720,45416527,0,-198944,1072504946704006009752,2335103413880,1519320314,2278980470,493784,
1,-201120,-198720,45416527,0,-198944,1178973143344523954787,2558221647182,1519320314,2278980470,493784,
0,-201120,-198720,45418327,0,-198944,1072832690268728579924,2335103413880,1519320314,2278980470,493785,
1,-201120,-198720,45418327,0,-198944,1179300886909246524959,2558221647182,1519320314,2278980470,493785,
0,-201120,-198720,45420127,0,-198944,1073123138182134027318,2335103413880,1519320314,2278980470,493786,
1,-201120,-198720,45420127,0,-198944,1179591334822651972353,2558221647182,1519320314,2278980470,493786,
0,-201120,-198720,45421927,0,-198944,1073763694427075911383,2335103413880,1519320314,2278980470,493787,
1,-201120,-198720,45421927,0,-198944,1180231891067593856418,2558221647182,1519320314,2278980470,493787,
0,-201120,-198720,45423727,0,-198944,1074231823011933692102,2335103413880,1519320314,2278980470,493788,
1,-201120,-198720,45423727,0,-198944,1180700019652451637137,2558221647182,1519320314,2278980470,493788,
0,-201120,-198720,45425527,0,-198944,1075605341037043723221,2348610771474,1519320314,2278980470,493789,
1,-201120,-198720,45425527,0,-198944,1182073537677561668256,2571729004776,1519320314,2278980470,493789,
0,-201120,-198720,45427327,0,-198944,1077052563674298754700,2348610771474,1519320314,2278980470,493790,
1,-201120,-198720,45427327,0,-198944,1183520760314816699735,2571729004776,1519320314,2278980470,493790,
0,-201120,-198720,45429127,0,-198944,1078749944654324086772,2348610771474,1519320314,2278980470,493791,
1,-201120,-198720,45429127,0,-198944,1185218141294842031807,2571729004776,1519320314,2278980470,493791,
0,-201120,-198720,45430927,0,-198944,1080146928120296230613,2348610771474,1519320314,2278980470,493792,
1,-201120,-198720,45430927,0,-198944,1186615124760814175648,2571729004776,1519320314,2278980470,493792,
0,-201120,-198720,45432727,0,-198944,1081566816660893350666,2362118129068,1519320314,2278980470,493793,
1,-201120,-198720,45432727,0,-198944,1188035013301411295701,2585236362370,1519320314,2278980470,493793,
0,-201120,-198720,45434527,0,-198944,1082178860764984779777,2362118129068,1519320314,2278980470,493794,
1,-201120,-198720,45434527,0,-198944,1188647057405502724812,2585236362370,1519320314,2278980470,493794,
0,-201120,-198720,45436327,0,-198944,1082829689530972399726,2362118129068,1519320314,2278980470,493795,
1,-201120,-198720,45436327,0,-198944,1189297886171490344761,2585236362370,1519320314,2278980470,493795,
0,-201120,-198720,45438127,0,-198944,1083078611855971364189,2362118129068,1519320314,2278980470,493796,
1,-201120,-198720,45438127,0,-198944,1189546808496489309224,2585236362370,1519320314,2278980470,493796,
0,-201120,-198720,45439927,0,-198944,1084574581925443981300,2362118129068,1519320314,2278980470,493797,
1,-201120,-198720,45439927,0,-198944,1191042778565961926335,2585236362370,1519320314,2278980470,493797,
0,-201120,-198720,45441727,0,-198944,1085107670594214110269,2362118129068,1519320314,2278980470,493798,
1,-201120,-198720,45441727,0,-198944,1191575867234732055304,2585236362370,1519320314,2278980470,493798,
0,-201120,-198720,45443527,0,-198944,1085424578097424773503,2362118129068,1519320314,2278980470,493799,
1,-201120,-198720,45443527,0,-198944,1191892774737942718538,2585236362370,1519320314,2278980470,493799,
0,-201120,-198720,45445327,0,-198877,1085604334795709843970,2362118129068,1519320314,2278980470,493800,
1,-201120,-198720,45445327,0,-198877,1192072531436227789005,2585236362370,1519320314,2278980470,493800,
0,-201120,-198720,45447127,0,-198877,1085814486911685242965,2362118129068,1519320314,2278980470,493801,
1,-201120,-198720,45447127,0,-198877,1192282683552203188000,2585236362370,1519320314,2278980470,493801,
0,-201120,-198720,45448927,0,-198877,1086013308610368159426,2362118129068,1519320314,2278980470,493802,
1,-201120,-198720,45448927,0,-198877,1192481505250886104461,2585236362370,1519320314,2278980470,493802,
0,-201120,-198720,45450727,0,-198877,1086262944596605592468,2362118129068,1519320314,2278980470,493803,
1,-201120,-198720,45450727,0,-198877,1192731141237123537503,2585236362370,1519320314,2278980470,493803,
0,-201120,-198720,45452527,0,-198877,1086578709634003614253,2375625486662,1519320314,2278980470,493804,
1,-201120,-198720,45452527,0,-198877,1193046906274521559288,2598743719964,1519320314,2278980470,493804,
0,-201120,-198720,45454327,0,-198877,1086831788888824144363,2375625486662,1519320314,2278980470,493805,
1,-201120,-198720,45454327,0,-198877,1193299985529342089398,2598743719964,1519320314,2278980470,493805,
0,-201120,-198720,45456127,0,-198877,1086965687770394313876,2375625486662,1519320314,2278980470,493806,
1,-201120,-198720,45456127,0,-198877,1193433884410912258911,2598743719964,1519320314,2278980470,493806,
0,-201120,-198720,45457927,0,-198877,1087130512692690526873,2375625486662,1519320314,2278980470,493807,
1,-201120,-198720,45457927,0,-198877,1193598709333208471908,2598743719964,1519320314,2278980470,493807,
0,-201120,-198720,45459727,0,-198877,1087505367178706690289,2375625486662,1519320314,2278980470,493808,
1,-201120,-198720,45459727,0,-198877,1193973563819224635324,2598743719964,1519320314,2278980470,493808,
0,-201120,-198720,45461527,0,-198877,1087647614971512947016,2375625486662,1519320314,2278980470,493809,
1,-201120,-198720,45461527,0,-198877,1194115811612030892051,2598743719964,1519320314,2278980470,493809,
0,-201120,-198720,45463327,0,-198877,1087738475413611412477,2375625486662,1519320314,2278980470,493810,
1,-201120,-198720,45463327,0,-198877,1194206672054129357512,2598743719964,1519320314,2278980470,493810,
0,-201120,-198720,45465127,0,-198877,1087842413517243906854,2375625486662,1519320314,2278980470,493811,
1,-201120,-198720,45465127,0,-198877,1194310610157761851889,2598743719964,1519320314,2278980470,493811,
0,-201120,-198720,45466927,0,-198877,1088039110792231827577,2375625486662,1519320314,2278980470,493812,
1,-201120,-198720,45466927,0,-198877,1194507307432749772612,2598743719964,1519320314,2278980470,493812,
0,-201120,-198720,45468727,0,-198877,1088111878304429042668,2375625486662,1519320314,2278980470,493813,
1,-201120,-198720,45468727,0,-198877,1194580074944946987703,2598743719964,1519320314,2278980470,493813,
0,-201120,-198720,45470527,0,-198877,1088330226036639196807,2375625486662,1519320314,2278980470,493814,
1,-201120,-198720,45470527,0,-198877,1194798422677157141842,2598743719964,1519320314,2278980470,493814,
0,-201120,-198720,45472327,0,-198877,1088480006612628365579,2375625486662,1519320314,2278980470,493815,
1,-201120,-198720,45472327,0,-198877,1194948203253146310614,2598743719964,1519320314,2278980470,493815,
0,-201120,-198720,45474127,0,-198877,1088572368248942448708,2375625486662,1519320314,2278980470,493816,
1,-201120,-198720,45474127,0,-198877,1195040564889460393743,2598743719964,1519320314,2278980470,493816,
0,-201120,-198720,45475927,0,-198877,1088780021166079054306,2375625486662,1519320314,2278980470,493817,
1,-201120,-198720,45475927,0,-198877,1195248217806596999341,2598743719964,1519320314,2278980470,493817,
0,-201120,-198720,45477727,0,-198877,1088951710757129517071,2375625486662,1519320314,2278980470,493818,
1,-201120,-198720,45477727,0,-198877,1195419907397647462106,2598743719964,1519320314,2278980470,493818,
0,-201120,-198720,45479527,0,-198877,1089070633099327763250,2375625486662,1519320314,2278980470,493819,
1,-201120,-198720,45479527,0,-198877,1195538829739845708285,2598743719964,1519320314,2278980470,493819,
0,-201120,-198720,45481327,0,-198877,1089173218089905940820,2375625486662,1519320314,2278980470,493820,
1,-201120,-198720,45481327,0,-198877,1195641414730423885855,2598743719964,1519320314,2278980470,493820,
0,-201120,-198720,45483127,0,-198877,1089276174843487172631,2375625486662,1519320314,2278980470,493821,
1,-201120,-198720,45483127,0,-198877,1195744371484005117666,2598743719964,1519320314,2278980470,493821,
0,-201120,-198720,45484927,0,-198877,1090556177271709166844,2375625486662,1519320314,2278980470,493822,
1,-201120,-198720,45484927,0,-198877,1197024373912227111879,2598743719964,1519320314,2278980470,493822,
0,-201120,-198720,45486727,0,-198877,1091107659017373638079,2375625486662,1519320314,2278980470,493823,
1,-201120,-198720,45486727,0,-198877,1197575855657891583114,2598743719964,1519320314,2278980470,493823,
0,-201120,-198720,45488527,0,-198813,1091633829028481214849,2375625486662,1519320314,2278980470,493824,
1,-201120,-198720,45488527,0,-198813,1198102025668999159884,2598743719964,1519320314,2278980470,493824,
0,-201120,-198720,45490327,0,-198813,1092139398252632530227,2389132844256,1519320314,2278980470,493825,
1,-201120,-198720,45490327,0,-198813,1198607594893150475262,2612251077558,1519320314,2278980470,493825,
0,-201120,-198720,45492127,0,-198813,1092788613091998054627,2389132844256,1519320314,2278980470,493826,
1,-201120,-198720,45492127,0,-198813,1199256809732515999662,2612251077558,1519320314,2278980470,493826,
0,-201120,-198720,45493927,0,-198813,1093195968157907613546,2389132844256,1519320314,2278980470,493827,
1,-201120,-198720,45493927,0,-198813,1199664164798425558581,2612251077558,1519320314,2278980470,493827,
0,-201120,-198720,45495727,0,-198813,1093436756163060583542,2389132844256,1519320314,2278980470,493828,
1,-201120,-198720,45495727,0,-198813,1199904952803578528577,2612251077558,1519320314,2278980470,493828,
0,-201120,-198720,45497527,0,-198813,1093662132705434467343,2389132844256,1519320314,2278980470,493829,
1,-201120,-198720,45497527,0,-198813,1200130329345952412378,2612251077558,1519320314,2278980470,493829,
0,-201120,-198720,45499327,0,-198813,1093749085914723846198,2389132844256,1519320314,2278980470,493830,
1,-201120,-198720,45499327,0,-198813,1200217282555241791233,2612251077558,1519320314,2278980470,493830,
0,-201120,-198720,45501127,0,-198813,1093884504347008603357,2389132844256,1519320314,2278980470,493831,
1,-201120,-198720,45501127,0,-198813,1200352700987526548392,2612251077558,1519320314,2278980470,493831,
0,-201120,-198720,45502927,0,-198813,1094254654463507281885,2389132844256,1519320314,2278980470,493832,
1,-201120,-198720,45502927,0,-198813,1200722851104025226920,2612251077558,1519320314,2278980470,493832,
0,-201120,-198720,45504727,0,-198813,1094414436819066576354,2389132844256,1519320314,2278980470,493833,
1,-201120,-198720,45504727,0,-198813,1200882633459584521389,2612251077558,1519320314,2278980470,493833,
0,-201120,-198720,45506527,0,-198813,1094686783306442846877,2389132844256,1519320314,2278980470,493834,
1,-201120,-198720,45506527,0,-198813,1201154979946960791912,2612251077558,1519320314,2278980470,493834,
0,-201120,-198720,45508327,0,-198813,1094967419353725937443,2389132844256,1519320314,2278980470,493835,
1,-201120,-198720,45508327,0,-198813,1201435615994243882478,2612251077558,1519320314,2278980470,493835,
0,-201120,-198720,45510127,0,-198813,1095429971898758632385,2389132844256,1519320314,2278980470,493836,
1,-201120,-198720,45510127,0,-198813,1201898168539276577420,2612251077558,1519320314,2278980470,493836,
0,-201120,-198720,45511927,0,-198813,1095772211032863925755,2389132844256,1519320314,2278980470,493837,
1,-201120,-198720,45511927,0,-198813,1202240407673381870790,2612251077558,1519320314,2278980470,493837,
0,-201120,-198720,45513727,0,-198813,1096144995745953917960,2389132844256,1519320314,2278980470,493838,
1,-201120,-198720,45513727,0,-198813,1202613192386471862995,2612251077558,1519320314,2278980470,493838,
0,-201120,-198720,45515527,0,-198813,1096685845850456306870,2389132844256,1519320314,2278980470,493839,
1,-201120,-198720,45515527,0,-198813,1203154042490974251905,2612251077558,1519320314,2278980470,493839,
0,-201120,-198720,45517327,0,-198813,1097071019741556414261,2402640201849,1519320314,2278980470,493840,
1,-201120,-198720,45517327,0,-198813,1203539216382074359296,2625758435151,1519320314,2278980470,493840,
0,-201120,-198720,45519127,0,-198813,1097559400204816450847,2402640201849,1519320314,2278980470,493841,
1,-201120,-198720,45519127,0,-198813,1204027596845334395882,2625758435151,1519320314,2278980470,493841,
0,-201120,-198720,45520927,0,-198813,1097945424829819888731,2402640201849,1519320314,2278980470,493842,
1,-201120,-198720,45520927,0,-198813,1204413621470337833766,2625758435151,1519320314,2278980470,493842,
0,-201120,-198720,45522727,0,-198813,1098136763965675426907,2402640201849,1519320314,2278980470,493843,
1,-201120,-198720,45522727,0,-198813,1204604960606193371942,2625758435151,1519320314,2278980470,493843,
0,-201120,-198720,45524527,0,-198813,1098366891748097646092,2402640201849,1519320314,2278980470,493844,
1,-201120,-198720,45524527,0,-198813,1204835088388615591127,2625758435151,1519320314,2278980470,493844,
0,-201120,-198720,45526327,0,-198813,1099400634840377651694,2402640201849,1519320314,2278980470,493845,
1,-201120,-198720,45526327,0,-198813,1205868831480895596729,2625758435151,1519320314,2278980470,493845,
0,-201120,-198720,45528127,0,-198813,1100619147603059158268,2402640201849,1519320314,2278980470,493846,
1,-201120,-198720,45528127,0,-198813,1207087344243577103303,2625758435151,1519320314,2278980470,493846,
0,-201120,-198720,45529927,0,-198813,1102027931272220897110,2402640201849,1519320314,2278980470,493847,
1,-201120,-198720,45529927,0,-198813,1208496127912738842145,2625758435151,1519320314,2278980470,493847,
0,-201120,-198720,45531727,0,-198684,925664841918634814434,2010926831630,1519320314,2278980470,493848,
1,-201120,-198720,45531727,0,-198684,1032133038559152759469,2234045064932,1519320314,2278980470,493848,
0,-201120,-198720,45533527,0,-198684,925664841918634814434,2010926831630,1519320314,2278980470,493849,
1,-201120,-198720,45533527,0,-198684,1032133038559152759469,2234045064932,1519320314,2278980470,493849,
0,-201120,-198720,45535327,0,-198684,1106549334729749070120,2416147559444,1519320314,2278980470,493850,
1,-201120,-198720,45535327,0,-198684,1213017531370267015155,2639265792746,1519320314,2278980470,493850,
0,-201120,-198720,45537127,0,-198684,1106549334729749070120,2416147559444,1519320314,2278980470,493851,
1,-201120,-198720,45537127,0,-198684,1213017531370267015155,2639265792746,1519320314,2278980470,493851,
0,-201120,-198720,45538927,0,-198684,1106549334729749070120,2416147559444,1519320314,2278980470,493852,
1,-201120,-198720,45538927,0,-198684,1213017531370267015155,2639265792746,1519320314,2278980470,493852,
0,-201120,-198720,45540727,0,-198684,1106549334729749070120,2416147559444,1519320314,2278980470,493853,
1,-201120,-198720,45540727,0,-198684,1213017531370267015155,2639265792746,1519320314,2278980470,493853,
0,-201120,-198720,45542527,0,-198684,1106549334729749070120,2416147559444,1519320314,2278980470,493854,
1,-201120,-198720,45542527,0,-198684,1213017531370267015155,2639265792746,1519320314,2278980470,493854,
0,-201120,-198720,45544327,0,-198684,1106549334729749070120,2416147559444,1519320314,2278980470,493855,
1,-201120,-198720,45544327,0,-198684,1213017531370267015155,2639265792746,1519320314,2278980470,493855,
0,-201120,-198720,45546127,0,-198684,1106549334729749070120,2416147559444,1519320314,2278980470,493856,
1,-201120,-198720,45546127,0,-198684,1213017531370267015155,2639265792746,1519320314,2278980470,493856,
0,-201120,-198720,45547927,0,-198684,1106549334729749070120,2416147559444,1519320314,2278980470,493857,
1,-201120,-198720,45547927,0,-198684,1213017531370267015155,2639265792746,1519320314,2278980470,493857,
0,-201120,-198720,45549727,0,-198684,1106549334729749070120,2416147559444,1519320314,2278980470,493858,
1,-201120,-198720,45549727,0,-198684,1213017531370267015155,2639265792746,1519320314,2278980470,493858,
0,-201120,-198720,45551527,0,-198684,925664841918634814434,2010926831630,1519320314,2278980470,493859,
1,-201120,-198720,45551527,0,-198684,1032133038559152759469,2234045064932,1519320314,2278980470,493859,
0,-201120,-198720,45553327,0,-198684,925664841918634814434,2010926831630,1519320314,2278980470,493860,
1,-201120,-198720,45553327,0,-198684,1032133038559152759469,2234045064932,1519320314,2278980470,493860,
0,-201120,-198720,45555127,0,-198684,925664841918634814434,2010926831630,1519320314,2278980470,493861,
1,-201120,-198720,45555127,0,-198684,1032133038559152759469,2234045064932,1519320314,2278980470,493861,
0,-201120,-198720,45556927,0,-198684,925664841918634814434,2010926831630,1519320314,2278980470,493862,
1,-201120,-198720,45556927,0,-198684,1032133038559152759469,2234045064932,1519320314,2278980470,493862,
0,-201120,-198720,45558727,0,-198684,1115541505195120979569,2443162274631,1519320314,2278980470,493863,
1,-201120,-198720,45558727,0,-198684,1222009701835638924604,2666280507933,1519320314,2278980470,493863,
0,-201120,-198720,45560527,0,-198684,1116238353595967474232,2443162274631,1519320314,2278980470,493864,
1,-201120,-198720,45560527,0,-198684,1222706550236485419267,2666280507933,1519320314,2278980470,493864,
0,-201120,-198720,45562327,0,-198684,1116989010649429310096,2443162274631,1519320314,2278980470,493865,
1,-201120,-198720,45562327,0,-198684,1223457207289947255131,2666280507933,1519320314,2278980470,493865,
0,-201120,-198720,45564127,0,-198684,1116989010649429310096,2443162274631,1519320314,2278980470,493866,
1,-201120,-198720,45564127,0,-198684,1223457207289947255131,2666280507933,1519320314,2278980470,493866,
0,-201120,-198720,45565927,0,-198684,1116989010649429310096,2443162274631,1519320314,2278980470,493867,
1,-201120,-198720,45565927,0,-198684,1223457207289947255131,2666280507933,1519320314,2278980470,493867,
0,-201120,-198720,45567727,0,-198684,1116989010649429310096,2443162274631,1519320314,2278980470,493868,
1,-201120,-198720,45567727,0,-198684,1223457207289947255131,2666280507933,1519320314,2278980470,493868,
0,-201120,-198720,45569527,0,-198684,1116989010649429310096,2443162274631,1519320314,2278980470,493869,
1,-201120,-198720,45569527,0,-198684,1223457207289947255131,2666280507933,1519320314,2278980470,493869,
0,-201120,-198720,45571327,0,-198684,1116989010649429310096,2443162274631,1519320314,2278980470,493870,
1,-201120,-198720,45571327,0,-198684,1223457207289947255131,2666280507933,1519320314,2278980470,493870,
0,-201120,-198720,45573127,0,-198684,1116989010649429310096,2443162274631,1519320314,2278980470,493871,
1,-201120,-198720,45573127,0,-198684,1223457207289947255131,2666280507933,1519320314,2278980470,493871,
0,-201120,-198720,45574927,0,-198594,1116989010649429310096,2443162274631,1519320314,2278980470,493872,
1,-201120,-198720,45574927,0,-198594,1223457207289947255131,2666280507933,1519320314,2278980470,493872,
0,-201120,-198720,45576727,0,-198594,1116989010649429310096,2443162274631,1519320314,2278980470,493873,
1,-201120,-198720,45576727,0,-198594,1223457207289947255131,2666280507933,1519320314,2278980470,493873,
0,-201120,-198720,45578527,0,-198594,1116989010649429310096,2443162274631,1519320314,2278980470,493874,
1,-201120,-198720,45578527,0,-198594,1223457207289947255131,2666280507933,1519320314,2278980470,493874,
0,-201120,-198720,45580327,0,-198594,1116989010649429310096,2443162274631,1519320314,2278980470,493875,
1,-201120,-198720,45580327,0,-198594,1223457207289947255131,2666280507933,1519320314,2278980470,493875,
0,-201120,-198720,45582127,0,-198594,1116989010649429310096,2443162274631,1519320314,2278980470,493876,
1,-201120,-198720,45582127,0,-198594,1223457207289947255131,2666280507933,1519320314,2278980470,493876,
0,-201120,-198720,45583927,0,-198594,1116989010649429310096,2443162274631,1519320314,2278980470,493877,
1,-201120,-198720,45583927,0,-198594,1223457207289947255131,2666280507933,1519320314,2278980470,493877,
0,-201120,-198720,45585727,0,-198594,1116989010649429310096,2443162274631,1519320314,2278980470,493878,
1,-201120,-198720,45585727,0,-198594,1223457207289947255131,2666280507933,1519320314,2278980470,493878,
0,-201120,-198720,45587527,0,-198594,1116989010649429310096,2443162274631,1519320314,2278980470,493879,
1,-201120,-198720,45587527,0,-198594,1223457207289947255131,2666280507933,1519320314,2278980470,493879,
0,-201120,-198720,45589327,0,-198594,1116989010649429310096,2443162274631,1519320314,2278980470,493880,
1,-201120,-198720,45589327,0,-198594,1223457207289947255131,2666280507933,1519320314,2278980470,493880,
0,-201120,-198720,45591127,0,-198594,1116989010649429310096,2443162274631,1519320314,2278980470,493881,
1,-201120,-198720,45591127,0,-198594,1223457207289947255131,2666280507933,1519320314,2278980470,493881,
0,-201120,-198720,45592927,0,-198594,1116989010649429310096,2443162274631,1519320314,2278980470,493882,
1,-201120,-198720,45592927,0,-198594,1223457207289947255131,2666280507933,1519320314,2278980470,493882,
0,-201120,-198720,45594727,0,-198594,1116989010649429310096,2443162274631,1519320314,2278980470,493883,
1,-201120,-198720,45594727,0,-198594,1223457207289947255131,2666280507933,1519320314,2278980470,493883,
0,-201120,-198720,45596527,0,-198594,1116989010649429310096,2443162274631,1519320314,2278980470,493884,
1,-201120,-198720,45596527,0,-198594,1223457207289947255131,2666280507933,1519320314,2278980470,493884,
0,-201120,-198720,45598327,0,-198594,1116989010649429310096,2443162274631,1519320314,2278980470,493885,
1,-201120,-198720,45598327,0,-198594,1223457207289947255131,2666280507933,1519320314,2278980470,493885,
0,-201120,-198720,45600127,0,-198594,1116989010649429310096,2443162274631,1519320314,2278980470,493886,
1,-201120,-198720,45600127,0,-198594,1223457207289947255131,2666280507933,1519320314,2278980470,493886,
0,-201120,-198720,45601927,0,-198594,1116989010649429310096,2443162274631,1519320314,2278980470,493887,
1,-201120,-198720,45601927,0,-198594,1223457207289947255131,2666280507933,1519320314,2278980470,493887,
0,-201120,-198720,45603727,0,-198594,1116989010649429310096,2443162274631,1519320314,2278980470,493888,
1,-201120,-198720,45603727,0,-198594,1223457207289947255131,2666280507933,1519320314,2278980470,493888,
0,-201120,-198720,45605527,0,-198594,1116989010649429310096,2443162274631,1519320314,2278980470,493889,
1,-201120,-198720,45605527,0,-198594,1223457207289947255131,2666280507933,1519320314,2278980470,493889,
0,-201120,-198720,45607327,0,-198594,1116989010649429310096,2443162274631,1519320314,2278980470,493890,
1,-201120,-198720,45607327,0,-198594,1223457207289947255131,2666280507933,1519320314,2278980470,493890,
0,-201120,-198720,45609127,0,-198594,1116989010649429310096,2443162274631,1519320314,2278980470,493891,
1,-201120,-198720,45609127,0,-198594,1223457207289947255131,2666280507933,1519320314,2278980470,493891,
0,-201120,-198720,45610927,0,-198594,1116989010649429310096,2443162274631,1519320314,2278980470,493892,
1,-201120,-198720,45610927,0,-198594,1223457207289947255131,2666280507933,1519320314,2278980470,493892,
0,-201120,-198720,45612727,0,-198594,1116989010649429310096,2443162274631,1519320314,2278980470,493893,
1,-201120,-198720,45612727,0,-198594,1223457207289947255131,2666280507933,1519320314,2278980470,493893,
0,-201120,-198720,45614527,0,-198594,1116989010649429310096,2443162274631,1519320314,2278980470,493894,
1,-201120,-198720,45614527,0,-198594,1223457207289947255131,2666280507933,1519320314,2278980470,493894,
0,-201120,-198720,45616327,0,-198594,1116989010649429310096,2443162274631,1519320314,2278980470,493895,
1,-201120,-198720,45616327,0,-198594,1223457207289947255131,2666280507933,1519320314,2278980470,493895,
0,-201120,-198720,45618127,0,-198603,1116989010649429310096,2443162274631,1519320314,2278980470,493896,
1,-201120,-198720,45618127,0,-198603,1223457207289947255131,2666280507933,1519320314,2278980470,493896,
0,-201120,-198720,45619927,0,-198603,1116989010649429310096,2443162274631,1519320314,2278980470,493897,
1,-201120,-198720,45619927,0,-198603,1223457207289947255131,2666280507933,1519320314,2278980470,493897,
0,-201120,-198720,45621727,0,-198603,1116989010649429310096,2443162274631,1519320314,2278980470,493898,
1,-201120,-198720,45621727,0,-198603,1223457207289947255131,2666280507933,1519320314,2278980470,493898,
0,-201120,-198720,45623527,0,-198603,1116989010649429310096,2443162274631,1519320314,2278980470,493899,
1,-201120,-198720,45623527,0,-198603,1223457207289947255131,2666280507933,1519320314,2278980470,493899,
0,-201120,-198720,45625327,0,-198603,1116989010649429310096,2443162274631,1519320314,2278980470,493900,
1,-201120,-198720,45625327,0,-198603,1223457207289947255131,2666280507933,1519320314,2278980470,493900,
0,-201120,-198720,45627127,0,-198603,1116989010649429310096,2443162274631,1519320314,2278980470,493901,
1,-201120,-198720,45627127,0,-198603,1223457207289947255131,2666280507933,1519320314,2278980470,493901,
0,-201120,-198720,45628927,0,-198603,1116989010649429310096,2443162274631,1519320314,2278980470,493902,
1,-201120,-198720,45628927,0,-198603,1223457207289947255131,2666280507933,1519320314,2278980470,493902,
0,-201120,-198720,45630727,0,-198603,1116989010649429310096,2443162274631,1519320314,2278980470,493903,
1,-201120,-198720,45630727,0,-198603,1223457207289947255131,2666280507933,1519320314,2278980470,493903,
0,-201120,-198720,45632527,0,-198603,1116989010649429310096,2443162274631,1519320314,2278980470,493904,
1,-201120,-198720,45632527,0,-198603,1223457207289947255131,2666280507933,1519320314,2278980470,493904,
0,-201120,-198720,45634327,0,-198603,1116989010649429310096,2443162274631,1519320314,2278980470,493905,
1,-201120,-198720,45634327,0,-198603,1223457207289947255131,2666280507933,1519320314,2278980470,493905,
0,-201120,-198720,45636127,0,-198603,1116989010649429310096,2443162274631,1519320314,2278980470,493906,
1,-201120,-198720,45636127,0,-198603,1223457207289947255131,2666280507933,1519320314,2278980470,493906,
0,-201120,-198720,45637927,0,-198603,1116989010649429310096,2443162274631,1519320314,2278980470,493907,
1,-201120,-198720,45637927,0,-198603,1223457207289947255131,2666280507933,1519320314,2278980470,493907,
0,-201120,-198720,45639727,0,-198603,1116989010649429310096,2443162274631,1519320314,2278980470,493908,
1,-201120,-198720,45639727,0,-198603,1223457207289947255131,2666280507933,1519320314,2278980470,493908,
0,-201120,-198720,45641527,0,-198603,1116989010649429310096,2443162274631,1519320314,2278980470,493909,
1,-201120,-198720,45641527,0,-198603,1223457207289947255131,2666280507933,1519320314,2278980470,493909,
0,-201120,-198720,45643327,0,-198603,1116989010649429310096,2443162274631,1519320314,2278980470,493910,
1,-201120,-198720,45643327,0,-198603,1223457207289947255131,2666280507933,1519320314,2278980470,493910,
0,-201120,-198720,45645127,0,-198603,1116989010649429310096,2443162274631,1519320314,2278980470,493911,
1,-201120,-198720,45645127,0,-198603,1223457207289947255131,2666280507933,1519320314,2278980470,493911,
0,-201120,-198720,45646927,0,-198603,1116989010649429310096,2443162274631,1519320314,2278980470,493912,
1,-201120,-198720,45646927,0,-198603,1223457207289947255131,2666280507933,1519320314,2278980470,493912,
0,-201120,-198720,45648727,0,-198603,1116989010649429310096,2443162274631,1519320314,2278980470,493913,
1,-201120,-198720,45648727,0,-198603,1223457207289947255131,2666280507933,1519320314,2278980470,493913,
0,-201120,-198720,45650527,0,-198603,1116989010649429310096,2443162274631,1519320314,2278980470,493914,
1,-201120,-198720,45650527,0,-198603,1223457207289947255131,2666280507933,1519320314,2278980470,493914,
0,-201120,-198720,45652327,0,-198603,1117428621947133392622,2443162274631,1519320314,2278980470,493915,
1,-201120,-198720,45652327,0,-198603,1223896818587651337657,2666280507933,1519320314,2278980470,493915,
0,-201120,-198720,45654127,0,-198603,1117559843062597378664,2443162274631,1519320314,2278980470,493916,
1,-201120,-198720,45654127,0,-198603,1224028039703115323699,2666280507933,1519320314,2278980470,493916,
0,-201120,-198720,45655927,0,-198603,1117559843062597378664,2443162274631,1519320314,2278980470,493917,
1,-201120,-198720,45655927,0,-198603,1224028039703115323699,2666280507933,1519320314,2278980470,493917,
0,-201120,-198720,45657727,0,-198603,1117559843062597378664,2443162274631,1519320314,2278980470,493918,
1,-201120,-198720,45657727,0,-198603,1224028039703115323699,2666280507933,1519320314,2278980470,493918,
0,-201120,-198720,45659527,0,-198603,1117559843062597378664,2443162274631,1519320314,2278980470,493919,
1,-201120,-198720,45659527,0,-198603,1224028039703115323699,2666280507933,1519320314,2278980470,493919,
0,-201120,-198720,45661327,0,-198854,925664841918634814434,2010926831630,1519320314,2278980470,493920,
1,-201120,-198720,45661327,0,-198854,1032133038559152759469,2234045064932,1519320314,2278980470,493920,
0,-201120,-198720,45663127,0,-198854,1118922861670068813196,2443162274631,1519320314,2278980470,493921,
1,-201120,-198720,45663127,0,-198854,1225391058310586758231,2666280507933,1519320314,2278980470,493921,
0,-201120,-198720,45664927,0,-198854,1120605827868217190606,2456669632225,1519320314,2278980470,493922,
1,-201120,-198720,45664927,0,-198854,1227074024508735135641,2679787865527,1519320314,2278980470,493922,
0,-201120,-198720,45666727,0,-198854,1121523623046499966194,2456669632225,1519320314,2278980470,493923,
1,-201120,-198720,45666727,0,-198854,1227991819687017911229,2679787865527,1519320314,2278980470,493923,
0,-201120,-198720,45668527,0,-198854,1122063821002270368704,2456669632225,1519320314,2278980470,493924,
1,-201120,-198720,45668527,0,-198854,1228532017642788313739,2679787865527,1519320314,2278980470,493924,
0,-201120,-198720,45670327,0,-198854,1122419646863202686237,2456669632225,1519320314,2278980470,493925,
1,-201120,-198720,45670327,0,-198854,1228887843503720631272,2679787865527,1519320314,2278980470,493925,
0,-201120,-198720,45672127,0,-198854,1122689012884589096164,2456669632225,1519320314,2278980470,493926,
1,-201120,-198720,45672127,0,-198854,1229157209525107041199,2679787865527,1519320314,2278980470,493926,
0,-201120,-198720,45673927,0,-198854,1123326339925551029751,2456669632225,1519320314,2278980470,493927,
1,-201120,-198720,45673927,0,-198854,1229794536566068974786,2679787865527,1519320314,2278980470,493927,
0,-201120,-198720,45675727,0,-198854,1123806297538299510645,2456669632225,1519320314,2278980470,493928,
1,-201120,-198720,45675727,0,-198854,1230274494178817455680,2679787865527,1519320314,2278980470,493928,
0,-201120,-198720,45677527,0,-198854,1124781529323881104571,2456669632225,1519320314,2278980470,493929,
1,-201120,-198720,45677527,0,-198854,1231249725964399049606,2679787865527,1519320314,2278980470,493929,
0,-201120,-198720,45679327,0,-198854,1125472337504558802418,2456669632225,1519320314,2278980470,493930,
1,-201120,-198720,45679327,0,-198854,1231940534145076747453,2679787865527,1519320314,2278980470,493930,
0,-201120,-198720,45681127,0,-198854,1126304451501938880360,2470176989819,1519320314,2278980470,493931,
1,-201120,-198720,45681127,0,-198854,1232772648142456825395,2693295223121,1519320314,2278980470,493931,
0,-201120,-198720,45682927,0,-198854,1126660311131265182401,2470176989819,1519320314,2278980470,493932,
1,-201120,-198720,45682927,0,-198854,1233128507771783127436,2693295223121,1519320314,2278980470,493932,
0,-201120,-198720,45684727,0,-198854,1127108796695371605515,2470176989819,1519320314,2278980470,493933,
1,-201120,-198720,45684727,0,-198854,1233576993335889550550,2693295223121,1519320314,2278980470,493933,
0,-201120,-198720,45686527,0,-198854,1129299440265000393508,2470176989819,1519320314,2278980470,493934,
1,-201120,-198720,45686527,0,-198854,1235767636905518338543,2693295223121,1519320314,2278980470,493934,
0,-201120,-198720,45688327,0,-198854,1132033042815857975684,2470176989819,1519320314,2278980470,493935,
1,-201120,-198720,45688327,0,-198854,1238501239456375920719,2693295223121,1519320314,2278980470,493935,
0,-201120,-198720,45690127,0,-198854,1133759077642422279295,2483684347412,1519320314,2278980470,493936,
1,-201120,-198720,45690127,0,-198854,1240227274282940224330,2706802580714,1519320314,2278980470,493936,
0,-201120,-198720,45691927,0,-198854,1134917186082760675487,2483684347412,1519320314,2278980470,493937,
1,-201120,-198720,45691927,0,-198854,1241385382723278620522,2706802580714,1519320314,2278980470,493937,
0,-201120,-198720,45693727,0,-198854,1136422140125394010053,2483684347412,1519320314,2278980470,493938,
1,-201120,-198720,45693727,0,-198854,1242890336765911955088,2706802580714,1519320314,2278980470,493938,
0,-201120,-198720,45695527,0,-198854,1137327551474580277602,2483684347412,1519320314,2278980470,493939,
1,-201120,-198720,45695527,0,-198854,1243795748115098222637,2706802580714,1519320314,2278980470,493939,
0,-201120,-198720,45697327,0,-198854,1138329846763925106299,2483684347412,1519320314,2278980470,493940,
1,-201120,-198720,45697327,0,-198854,1244798043404443051334,2706802580714,1519320314,2278980470,493940,
0,-201120,-198720,45699127,0,-198854,1139098911320139194609,2483684347412,1519320314,2278980470,493941,
1,-201120,-198720,45699127,0,-198854,1245567107960657139644,2706802580714,1519320314,2278980470,493941,
0,-201120,-198720,45700927,0,-198854,1139744383351759621767,2497191705006,1519320314,2278980470,493942,
1,-201120,-198720,45700927,0,-198854,1246212579992277566802,2720309938308,1519320314,2278980470,493942,
0,-201120,-198720,45702727,0,-198854,1140552205420081137371,2497191705006,1519320314,2278980470,493943,
1,-201120,-198720,45702727,0,-198854,1247020402060599082406,2720309938308,1519320314,2278980470,493943,
0,-201120,-198720,45704527,0,-198959,1140888257995305462663,2497191705006,1519320314,2278980470,493944,
1,-201120,-198720,45704527,0,-198959,1247356454635823407698,2720309938308,1519320314,2278980470,493944,
0,-201120,-198720,45706327,0,-198959,1141431653980074489153,2497191705006,1519320314,2278980470,493945,
1,-201120,-198720,45706327,0,-198959,1247899850620592434188,2720309938308,1519320314,2278980470,493945,
0,-201120,-198720,45708127,0,-198959,1142023569460401705849,2497191705006,1519320314,2278980470,493946,
1,-201120,-198720,45708127,0,-198959,1248491766100919650884,2720309938308,1519320314,2278980470,493946,
0,-201120,-198720,45709927,0,-198959,1143589375918458967617,2497191705006,1519320314,2278980470,493947,
1,-201120,-198720,45709927,0,-198959,1250057572558976912652,2720309938308,1519320314,2278980470,493947,
0,-201120,-198720,45711727,0,-198959,1144392142709620068924,2497191705006,1519320314,2278980470,493948,
1,-201120,-198720,45711727,0,-198959,1250860339350138013959,2720309938308,1519320314,2278980470,493948,
0,-201120,-198720,45713527,0,-198959,1144669942590014473492,2497191705006,1519320314,2278980470,493949,
1,-201120,-198720,45713527,0,-198959,1251138139230532418527,2720309938308,1519320314,2278980470,493949,
0,-201120,-198720,45715327,0,-198959,1145103402637070338142,2497191705006,1519320314,2278980470,493950,
1,-201120,-198720,45715327,0,-198959,1251571599277588283177,2720309938308,1519320314,2278980470,493950,
0,-201120,-198720,45717127,0,-198959,1145961201766400633637,2497191705006,1519320314,2278980470,493951,
1,-201120,-198720,45717127,0,-198959,1252429398406918578672,2720309938308,1519320314,2278980470,493951,
0,-201120,-198720,45718927,0,-198959,1146429756738015577934,2510699062600,1519320314,2278980470,493952,
1,-201120,-198720,45718927,0,-198959,1252897953378533522969,2733817295902,1519320314,2278980470,493952,
0,-201120,-198720,45720727,0,-198959,1146665033079409754219,2510699062600,1519320314,2278980470,493953,
1,-201120,-198720,45720727,0,-198959,1253133229719927699254,2733817295902,1519320314,2278980470,493953,
0,-201120,-198720,45722527,0,-198959,1147299353666225816734,2510699062600,1519320314,2278980470,493954,
1,-201120,-198720,45722527,0,-198959,1253767550306743761769,2733817295902,1519320314,2278980470,493954,
0,-201120,-198720,45724327,0,-198959,1147705983643672382715,2510699062600,1519320314,2278980470,493955,
1,-201120,-198720,45724327,0,-198959,1254174180284190327750,2733817295902,1519320314,2278980470,493955,
0,-201120,-198720,45726127,0,-198959,1148192983411853895949,2510699062600,1519320314,2278980470,493956,
1,-201120,-198720,45726127,0,-198959,1254661180052371840984,2733817295902,1519320314,2278980470,493956,
0,-201120,-198720,45727927,0,-198959,1149538851848954697185,2510699062600,1519320314,2278980470,493957,
1,-201120,-198720,45727927,0,-198959,1256007048489472642220,2733817295902,1519320314,2278980470,493957,
0,-201120,-198720,45729727,0,-198959,1150911344908755795346,2510699062600,1519320314,2278980470,493958,
1,-201120,-198720,45729727,0,-198959,1257379541549273740381,2733817295902,1519320314,2278980470,493958,
0,-201120,-198720,45731527,0,-198959,1152676236310388119202,2524206420194,1519320314,2278980470,493959,
1,-201120,-198720,45731527,0,-198959,1259144432950906064237,2747324653496,1519320314,2278980470,493959,
0,-201120,-198720,45733327,0,-198959,1153960451602399475002,2524206420194,1519320314,2278980470,493960,
1,-201120,-198720,45733327,0,-198959,1260428648242917420037,2747324653496,1519320314,2278980470,493960,
0,-201120,-198720,45735127,0,-198959,1154753037587472902348,2524206420194,1519320314,2278980470,493961,
1,-201120,-198720,45735127,0,-198959,1261221234227990847383,2747324653496,1519320314,2278980470,493961,
0,-201120,-198720,45736927,0,-198959,1156139380713544673456,2524206420194,1519320314,2278980470,493962,
1,-201120,-198720,45736927,0,-198959,1262607577354062618491,2747324653496,1519320314,2278980470,493962,
0,-201120,-198720,45738727,0,-198959,1156963257829712547186,2537713777788,1519320314,2278980470,493963,
1,-201120,-198720,45738727,0,-198959,1263431454470230492221,2760832011090,1519320314,2278980470,493963,
0,-201120,-198720,45740527,0,-198959,1157485398190829164714,2537713777788,1519320314,2278980470,493964,
1,-201120,-198720,45740527,0,-198959,1263953594831347109749,2760832011090,1519320314,2278980470,493964,
0,-201120,-198720,45742327,0,-198959,1158040713054431605358,2537713777788,1519320314,2278980470,493965,
1,-201120,-198720,45742327,0,-198959,1264508909694949550393,2760832011090,1519320314,2278980470,493965,
0,-201120,-198720,45744127,0,-198959,1158354722743173524477,2537713777788,1519320314,2278980470,493966,
1,-201120,-198720,45744127,0,-198959,1264822919383691469512,2760832011090,1519320314,2278980470,493966,
0,-201120,-198720,45745927,0,-198959,1158813561089044505851,2537713777788,1519320314,2278980470,493967,
1,-201120,-198720,45745927,0,-198959,1265281757729562450886,2760832011090,1519320314,2278980470,493967,
0,-201120,-198720,45747727,0,-198834,1159281369414453737501,2537713777788,1519320314,2278980470,493968,
1,-201120,-198720,45747727,0,-198834,1265749566054971682536,2760832011090,1519320314,2278980470,493968,
0,-201120,-198720,45749527,0,-198834,1159491215764375285577,2537713777788,1519320314,2278980470,493969,
1,-201120,-198720,45749527,0,-198834,1265959412404893230612,2760832011090,1519320314,2278980470,493969,
0,-201120,-198720,45751327,0,-198834,1159766923179482761344,2537713777788,1519320314,2278980470,493970,
1,-201120,-198720,45751327,0,-198834,1266235119820000706379,2760832011090,1519320314,2278980470,493970,
0,-201120,-198720,45753127,0,-198834,1159947866012867574026,2537713777788,1519320314,2278980470,493971,
1,-201120,-198720,45753127,0,-198834,1266416062653385519061,2760832011090,1519320314,2278980470,493971,
0,-201120,-198720,45754927,0,-198834,1160303190993965598158,2537713777788,1519320314,2278980470,493972,
1,-201120,-198720,45754927,0,-198834,1266771387634483543193,2760832011090,1519320314,2278980470,493972,
0,-201120,-198720,45756727,0,-198834,1160927905715369966934,2537713777788,1519320314,2278980470,493973,
1,-201120,-198720,45756727,0,-198834,1267396102355887911969,2760832011090,1519320314,2278980470,493973,
0,-201120,-198720,45758527,0,-198834,1161133711325759971256,2537713777788,1519320314,2278980470,493974,
1,-201120,-198720,45758527,0,-198834,1267601907966277916291,2760832011090,1519320314,2278980470,493974,
0,-201120,-198720,45760327,0,-198834,1161446108884358354801,2537713777788,1519320314,2278980470,493975,
1,-201120,-198720,45760327,0,-198834,1267914305524876299836,2760832011090,1519320314,2278980470,493975,
0,-201120,-198720,45762127,0,-198834,1161680622775938433689,2537713777788,1519320314,2278980470,493976,
1,-201120,-198720,45762127,0,-198834,1268148819416456378724,2760832011090,1519320314,2278980470,493976,
0,-201120,-198720,45763927,0,-198834,1161830095249100887815,2551221135381,1519320314,2278980470,493977,
1,-201120,-198720,45763927,0,-198834,1268298291889618832850,2774339368683,1519320314,2278980470,493977,
0,-201120,-198720,45765727,0,-198834,1162202477267338935972,2551221135381,1519320314,2278980470,493978,
1,-201120,-198720,45765727,0,-198834,1268670673907856881007,2774339368683,1519320314,2278980470,493978,
0,-201120,-198720,45767527,0,-198834,1162418312698573430725,2551221135381,1519320314,2278980470,493979,
1,-201120,-198720,45767527,0,-198834,1268886509339091375760,2774339368683,1519320314,2278980470,493979,
0,-201120,-198720,45769327,0,-198834,1162450694859462801358,2551221135381,1519320314,2278980470,493980,
1,-201120,-198720,45769327,0,-198834,1268918891499980746393,2774339368683,1519320314,2278980470,493980,
0,-201120,-198720,45771127,0,-198834,1162602035886445351812,2551221135381,1519320314,2278980470,493981,
1,-201120,-198720,45771127,0,-198834,1269070232526963296847,2774339368683,1519320314,2278980470,493981,
0,-201120,-198720,45772927,0,-198834,1162750464956755757439,2551221135381,1519320314,2278980470,493982,
1,-201120,-198720,45772927,0,-198834,1269218661597273702474,2774339368683,1519320314,2278980470,493982,
0,-201120,-198720,45774727,0,-198834,1163327077857113451585,2551221135381,1519320314,2278980470,493983,
1,-201120,-198720,45774727,0,-198834,1269795274497631396620,2774339368683,1519320314,2278980470,493983,
0,-201120,-198720,45776527,0,-198834,1163768000611181031630,2551221135381,1519320314,2278980470,493984,
1,-201120,-198720,45776527,0,-198834,1270236197251698976665,2774339368683,1519320314,2278980470,493984,
0,-201120,-198720,45778327,0,-198834,1164114888802174463265,2551221135381,1519320314,2278980470,493985,
1,-201120,-198720,45778327,0,-198834,1270583085442692408300,2774339368683,1519320314,2278980470,493985,
0,-201120,-198720,45780127,0,-198834,1164674176719939545116,2551221135381,1519320314,2278980470,493986,
1,-201120,-198720,45780127,0,-198834,1271142373360457490151,2774339368683,1519320314,2278980470,493986,
0,-201120,-198720,45781927,0,-198834,1165065622293288176730,2551221135381,1519320314,2278980470,493987,
1,-201120,-198720,45781927,0,-198834,1271533818933806121765,2774339368683,1519320314,2278980470,493987,
0,-201120,-198720,45783727,0,-198834,1165328637317222271622,2551221135381,1519320314,2278980470,493988,
1,-201120,-198720,45783727,0,-198834,1271796833957740216657,2774339368683,1519320314,2278980470,493988,
0,-201120,-198720,45785527,0,-198834,1165497534505222652309,2551221135381,1519320314,2278980470,493989,
1,-201120,-198720,45785527,0,-198834,1271965731145740597344,2774339368683,1519320314,2278980470,493989,
0,-201120,-198720,45787327,0,-198834,1165533450569064574427,2551221135381,1519320314,2278980470,493990,
1,-201120,-198720,45787327,0,-198834,1272001647209582519462,2774339368683,1519320314,2278980470,493990,
0,-201120,-198720,45789127,0,-198834,1165742190950053699509,2551221135381,1519320314,2278980470,493991,
1,-201120,-198720,45789127,0,-198834,1272210387590571644544,2774339368683,1519320314,2278980470,493991,
0,-201120,-198720,45790927,0,-198723,1165992305934206123993,2551221135381,1519320314,2278980470,493992,
1,-201120,-198720,45790927,0,-198723,1272460502574724069028,2774339368683,1519320314,2278980470,493992,
0,-201120,-198720,45792727,0,-198723,1166471928496949490605,2551221135381,1519320314,2278980470,493993,
1,-201120,-198720,45792727,0,-198723,1272940125137467435640,2774339368683,1519320314,2278980470,493993,
0,-201120,-198720,45794527,0,-198723,1166719949435454147813,2551221135381,1519320314,2278980470,493994,
1,-201120,-198720,45794527,0,-198723,1273188146075972092848,2774339368683,1519320314,2278980470,493994,
0,-201120,-198720,45796327,0,-198723,1166881920415179081366,2551221135381,1519320314,2278980470,493995,
1,-201120,-198720,45796327,0,-198723,1273350117055697026401,2774339368683,1519320314,2278980470,493995,
0,-201120,-198720,45798127,0,-198723,1167221693348920183000,2564728492975,1519320314,2278980470,493996,
1,-201120,-198720,45798127,0,-198723,1273689889989438128035,2787846726277,1519320314,2278980470,493996,
0,-201120,-198720,45799927,0,-198723,1167404668891041929498,2564728492975,1519320314,2278980470,493997,
1,-201120,-198720,45799927,0,-198723,1273872865531559874533,2787846726277,1519320314,2278980470,493997,
0,-201120,-198720,45801727,0,-198723,1167542445707962564658,2564728492975,1519320314,2278980470,493998,
1,-201120,-198720,45801727,0,-198723,1274010642348480509693,2787846726277,1519320314,2278980470,493998,
0,-201120,-198720,45803527,0,-198723,1167547047934841925209,2564728492975,1519320314,2278980470,493999,
1,-201120,-198720,45803527,0,-198723,1274015244575359870244,2787846726277,1519320314,2278980470,493999,
0,-201120,-198720,45805327,0,-198723,1167698720662004906683,2564728492975,1519320314,2278980470,494000,
1,-201120,-198720,45805327,0,-198723,1274166917302522851718,2787846726277,1519320314,2278980470,494000,
0,-201120,-198720,45807127,0,-198723,1167896896425340329892,2564728492975,1519320314,2278980470,494001,
1,-201120,-198720,45807127,0,-198723,1274365093065858274927,2787846726277,1519320314,2278980470,494001,
0,-201120,-198720,45808927,0,-198723,1168116808066427409727,2564728492975,1519320314,2278980470,494002,
1,-201120,-198720,45808927,0,-198723,1274585004706945354762,2787846726277,1519320314,2278980470,494002,
0,-201120,-198720,45810727,0,-198723,1168464997529236713153,2564728492975,1519320314,2278980470,494003,
1,-201120,-198720,45810727,0,-198723,1274933194169754658188,2787846726277,1519320314,2278980470,494003,
0,-201120,-198720,45812527,0,-198723,1168810519977796477775,2564728492975,1519320314,2278980470,494004,
1,-201120,-198720,45812527,0,-198723,1275278716618314422810,2787846726277,1519320314,2278980470,494004,
0,-201120,-198720,45814327,0,-198723,1168896739791597943504,2564728492975,1519320314,2278980470,494005,
1,-201120,-198720,45814327,0,-198723,1275364936432115888539,2787846726277,1519320314,2278980470,494005,
0,-201120,-198720,45816127,0,-198723,1169013008788992535807,2564728492975,1519320314,2278980470,494006,
1,-201120,-198720,45816127,0,-198723,1275481205429510480842,2787846726277,1519320314,2278980470,494006,
0,-201120,-198720,45817927,0,-198723,1169408380775598037227,2564728492975,1519320314,2278980470,494007,
1,-201120,-198720,45817927,0,-198723,1275876577416115982262,2787846726277,1519320314,2278980470,494007,
0,-201120,-198720,45819727,0,-198723,925664841918634814434,2010926831630,1519320314,2278980470,494008,
1,-201120,-198720,45819727,0,-198723,1032133038559152759469,2234045064932,1519320314,2278980470,494008,
0,-201120,-198720,45821527,0,-198723,925664841918634814434,2010926831630,1519320314,2278980470,494009,
1,-201120,-198720,45821527,0,-198723,1032133038559152759469,2234045064932,1519320314,2278980470,494009,
0,-201120,-198720,45823327,0,-198723,925664841918634814434,2010926831630,1519320314,2278980470,494010,
1,-201120,-198720,45823327,0,-198723,1032133038559152759469,2234045064932,1519320314,2278980470,494010,
0,-201120,-198720,45825127,0,-198723,925664841918634814434,2010926831630,1519320314,2278980470,494011,
1,-201120,-198720,45825127,0,-198723,1032133038559152759469,2234045064932,1519320314,2278980470,494011,
0,-201120,-198720,45826927,0,-198723,925664841918634814434,2010926831630,1519320314,2278980470,494012,
1,-201120,-198720,45826927,0,-198723,1032133038559152759469,2234045064932,1519320314,2278980470,494012,
0,-201120,-198720,45828727,0,-198723,1171949232171959297844,2564728492975,1519320314,2278980470,494013,
1,-201120,-198720,45828727,0,-198723,1278417428812477242879,2787846726277,1519320314,2278980470,494013,
0,-201120,-198720,45830527,0,-198723,1173262635864186399937,2578235850569,1519320314,2278980470,494014,
1,-201120,-198720,45830527,0,-198723,1279730832504704344972,2801354083871,1519320314,2278980470,494014,
0,-201120,-198720,45832327,0,-198723,925664841918634814434,2010926831630,1519320314,2278980470,494015,
1,-201120,-198720,45832327,0,-198723,1032133038559152759469,2234045064932,1519320314,2278980470,494015,
0,-201120,-198720,45834127,0,-198746,925664841918634814434,2010926831630,1519320314,2278980470,494016,
1,-201120,-198720,45834127,0,-198746,1032133038559152759469,2234045064932,1519320314,2278980470,494016,
0,-201120,-198720,45835927,0,-198746,925664841918634814434,2010926831630,1519320314,2278980470,494017,
1,-201120,-198720,45835927,0,-198746,1032133038559152759469,2234045064932,1519320314,2278980470,494017,
0,-201120,-198720,45837727,0,-198746,925664841918634814434,2010926831630,1519320314,2278980470,494018,
1,-201120,-198720,45837727,0,-198746,1032133038559152759469,2234045064932,1519320314,2278980470,494018,
0,-201120,-198720,45839527,0,-198746,925664841918634814434,2010926831630,1519320314,2278980470,494019,
1,-201120,-198720,45839527,0,-198746,1032133038559152759469,2234045064932,1519320314,2278980470,494019,
0,-201120,-198720,45841327,0,-198746,1175695061242803121981,2578235850569,1519320314,2278980470,494020,
1,-201120,-198720,45841327,0,-198746,1282163257883321067016,2801354083871,1519320314,2278980470,494020,
0,-201120,-198720,45843127,0,-198746,1176063982919158074503,2578235850569,1519320314,2278980470,494021,
1,-201120,-198720,45843127,0,-198746,1282532179559676019538,2801354083871,1519320314,2278980470,494021,
0,-201120,-198720,45844927,0,-198746,1176398393837155164169,2578235850569,1519320314,2278980470,494022,
1,-201120,-198720,45844927,0,-198746,1282866590477673109204,2801354083871,1519320314,2278980470,494022,
0,-201120,-198720,45846727,0,-198746,1177052947945874512573,2578235850569,1519320314,2278980470,494023,
1,-201120,-198720,45846727,0,-198746,1283521144586392457608,2801354083871,1519320314,2278980470,494023,
0,-201120,-198720,45848527,0,-198746,1177403518512695166776,2578235850569,1519320314,2278980470,494024,
1,-201120,-198720,45848527,0,-198746,1283871715153213111811,2801354083871,1519320314,2278980470,494024,
0,-201120,-198720,45850327,0,-198746,1177929129076065923415,2578235850569,1519320314,2278980470,494025,
1,-201120,-198720,45850327,0,-198746,1284397325716583868450,2801354083871,1519320314,2278980470,494025,
0,-201120,-198720,45852127,0,-198746,1178196261547815337269,2578235850569,1519320314,2278980470,494026,
1,-201120,-198720,45852127,0,-198746,1284664458188333282304,2801354083871,1519320314,2278980470,494026,
0,-201120,-198720,45853927,0,-198746,1178765923805087697091,2591743208163,1519320314,2278980470,494027,
1,-201120,-198720,45853927,0,-198746,1285234120445605642126,2814861441465,1519320314,2278980470,494027,
0,-201120,-198720,45855727,0,-198746,1179006984942518571377,2591743208163,1519320314,2278980470,494028,
1,-201120,-198720,45855727,0,-198746,1285475181583036516412,2814861441465,1519320314,2278980470,494028,
0,-201120,-198720,45857527,0,-198746,1180427234683365107315,2591743208163,1519320314,2278980470,494029,
1,-201120,-198720,45857527,0,-198746,1286895431323883052350,2814861441465,1519320314,2278980470,494029,
0,-201120,-198720,45859327,0,-198746,1182060273460043862059,2591743208163,1519320314,2278980470,494030,
1,-201120,-198720,45859327,0,-198746,1288528470100561807094,2814861441465,1519320314,2278980470,494030,
0,-201120,-198720,45861127,0,-198746,1184181255736964493863,2591743208163,1519320314,2278980470,494031,
1,-201120,-198720,45861127,0,-198746,1290649452377482438898,2814861441465,1519320314,2278980470,494031,
0,-201120,-198720,45862927,0,-198746,1184978992469201808504,2605250565757,1519320314,2278980470,494032,
1,-201120,-198720,45862927,0,-198746,1291447189109719753539,2828368799059,1519320314,2278980470,494032,
0,-201120,-198720,45864727,0,-198746,1185994727741440762289,2605250565757,1519320314,2278980470,494033,
1,-201120,-198720,45864727,0,-198746,1292462924381958707324,2828368799059,1519320314,2278980470,494033,
0,-201120,-198720,45866527,0,-198746,1186777484368363748833,2605250565757,1519320314,2278980470,494034,
1,-201120,-198720,45866527,0,-198746,1293245681008881693868,2828368799059,1519320314,2278980470,494034,
0,-201120,-198720,45868327,0,-198746,1187657386397366239769,2605250565757,1519320314,2278980470,494035,
1,-201120,-198720,45868327,0,-198746,1294125583037884184804,2828368799059,1519320314,2278980470,494035,
0,-201120,-198720,45870127,0,-198746,1188145455205364514539,2605250565757,1519320314,2278980470,494036,
1,-201120,-198720,45870127,0,-198746,1294613651845882459574,2828368799059,1519320314,2278980470,494036,
0,-201120,-198720,45871927,0,-198746,1188753838680474447106,2605250565757,1519320314,2278980470,494037,
1,-201120,-198720,45871927,0,-198746,1295222035320992392141,2828368799059,1519320314,2278980470,494037,
0,-201120,-198720,45873727,0,-198746,1188984324718542126728,2605250565757,1519320314,2278980470,494038,
1,-201120,-198720,45873727,0,-198746,1295452521359060071763,2828368799059,1519320314,2278980470,494038,
0,-201120,-198720,45875527,0,-198746,1189497369171025646956,2605250565757,1519320314,2278980470,494039,
1,-201120,-198720,45875527,0,-198746,1295965565811543591991,2828368799059,1519320314,2278980470,494039,
0,-201120,-198720,45877327,0,-198960,1189799297176753073813,2618757923350,1519320314,2278980470,494040,
1,-201120,-198720,45877327,0,-198960,1296267493817271018848,2841876156652,1519320314,2278980470,494040,
0,-201120,-198720,45879127,0,-198960,1190340315515394293540,2618757923350,1519320314,2278980470,494041,
1,-201120,-198720,45879127,0,-198960,1296808512155912238575,2841876156652,1519320314,2278980470,494041,
0,-201120,-198720,45880927,0,-198960,1192945772319472204330,2618757923350,1519320314,2278980470,494042,
1,-201120,-198720,45880927,0,-198960,1299413968959990149365,2841876156652,1519320314,2278980470,494042,
0,-201120,-198720,45882727,0,-198960,1193615155710350988427,2618757923350,1519320314,2278980470,494043,
1,-201120,-198720,45882727,0,-198960,1300083352350868933462,2841876156652,1519320314,2278980470,494043,
0,-201120,-198720,45884527,0,-198960,1194189672093214475631,2618757923350,1519320314,2278980470,494044,
1,-201120,-198720,45884527,0,-198960,1300657868733732420666,2841876156652,1519320314,2278980470,494044,
0,-201120,-198720,45886327,0,-198960,1194463847071588219263,2618757923350,1519320314,2278980470,494045,
1,-201120,-198720,45886327,0,-198960,1300932043712106164298,2841876156652,1519320314,2278980470,494045,
0,-201120,-198720,45888127,0,-198960,1194982642200523155546,2618757923350,1519320314,2278980470,494046,
1,-201120,-198720,45888127,0,-198960,1301450838841041100581,2841876156652,1519320314,2278980470,494046,
0,-201120,-198720,45889927,0,-198960,1195540458586229895720,2618757923350,1519320314,2278980470,494047,
1,-201120,-198720,45889927,0,-198960,1302008655226747840755,2841876156652,1519320314,2278980470,494047,
0,-201120,-198720,45891727,0,-198960,1196877480203878986976,2618757923350,1519320314,2278980470,494048,
1,-201120,-198720,45891727,0,-198960,1303345676844396932011,2841876156652,1519320314,2278980470,494048,
0,-201120,-198720,45893527,0,-198960,1198207659507450646209,2632265280944,1519320314,2278980470,494049,
1,-201120,-198720,45893527,0,-198960,1304675856147968591244,2855383514246,1519320314,2278980470,494049,
0,-201120,-198720,45895327,0,-198960,1198740528506064227160,2632265280944,1519320314,2278980470,494050,
1,-201120,-198720,45895327,0,-198960,1305208725146582172195,2855383514246,1519320314,2278980470,494050,
0,-201120,-198720,45897127,0,-198960,1199366303744142715783,2632265280944,1519320314,2278980470,494051,
1,-201120,-198720,45897127,0,-198960,1305834500384660660818,2855383514246,1519320314,2278980470,494051,
0,-201120,-198720,45898927,0,-198960,1200107731436278427573,2632265280944,1519320314,2278980470,494052,
1,-201120,-198720,45898927,0,-198960,1306575928076796372608,2855383514246,1519320314,2278980470,494052,
0,-201120,-198720,45900727,0,-198960,1201345824964300141914,2632265280944,1519320314,2278980470,494053,
1,-201120,-198720,45900727,0,-198960,1307814021604818086949,2855383514246,1519320314,2278980470,494053,
0,-201120,-198720,45902527,0,-198960,1203524551221948996635,2632265280944,1519320314,2278980470,494054,
1,-201120,-198720,45902527,0,-198960,1309992747862466941670,2855383514246,1519320314,2278980470,494054,
0,-201120,-198720,45904327,0,-198960,1205975403337795184701,2645772638538,1519320314,2278980470,494055,
1,-201120,-198720,45904327,0,-198960,1312443599978313129736,2868890871840,1519320314,2278980470,494055,
0,-201120,-198720,45906127,0,-198960,1207630283038945603077,2645772638538,1519320314,2278980470,494056,
1,-201120,-198720,45906127,0,-198960,1314098479679463548112,2868890871840,1519320314,2278980470,494056,
0,-201120,-198720,45907927,0,-198960,1209061425504669151956,2645772638538,1519320314,2278980470,494057,
1,-201120,-198720,45907927,0,-198960,1315529622145187096991,2868890871840,1519320314,2278980470,494057,
0,-201120,-198720,45909727,0,-198960,1209303310996133976038,2645772638538,1519320314,2278980470,494058,
1,-201120,-198720,45909727,0,-198960,1315771507636651921073,2868890871840,1519320314,2278980470,494058,
0,-201120,-198720,45911527,0,-198960,1209822127993480856688,2645772638538,1519320314,2278980470,494059,
1,-201120,-198720,45911527,0,-198960,1316290324633998801723,2868890871840,1519320314,2278980470,494059,
0,-201120,-198720,45913327,0,-198960,1210194533798175627532,2659279996132,1519320314,2278980470,494060,
1,-201120,-198720,45913327,0,-198960,1316662730438693572567,2882398229434,1519320314,2278980470,494060,
0,-201120,-198720,45915127,0,-198960,1210544934037217023879,2659279996132,1519320314,2278980470,494061,
1,-201120,-198720,45915127,0,-198960,1317013130677734968914,2882398229434,1519320314,2278980470,494061,
0,-201120,-198720,45916927,0,-198960,1210783941191822754109,2659279996132,1519320314,2278980470,494062,
1,-201120,-198720,45916927,0,-198960,1317252137832340699144,2882398229434,1519320314,2278980470,494062,
0,-201120,-198720,45918727,0,-198960,1211281796796287691609,2659279996132,1519320314,2278980470,494063,
1,-201120,-198720,45918727,0,-198960,1317749993436805636644,2882398229434,1519320314,2278980470,494063,
0,-201120,-198720,45920527,0,-199011,1212048838490628531985,2659279996132,1519320314,2278980470,494064,
1,-201120,-198720,45920527,0,-199011,1318517035131146477020,2882398229434,1519320314,2278980470,494064,
0,-201120,-198720,45922327,0,-199011,1212549196143984715173,2659279996132,1519320314,2278980470,494065,
1,-201120,-198720,45922327,0,-199011,1319017392784502660208,2882398229434,1519320314,2278980470,494065,
0,-201120,-198720,45924127,0,-199011,1213305512402072341857,2659279996132,1519320314,2278980470,494066,
1,-201120,-198720,45924127,0,-199011,1319773709042590286892,2882398229434,1519320314,2278980470,494066,
0,-201120,-198720,45925927,0,-199011,1213859391649680282745,2659279996132,1519320314,2278980470,494067,
1,-201120,-198720,45925927,0,-199011,1320327588290198227780,2882398229434,1519320314,2278980470,494067,
0,-201120,-198720,45927727,0,-199011,1214051500151117006345,2659279996132,1519320314,2278980470,494068,
1,-201120,-198720,45927727,0,-199011,1320519696791634951380,2882398229434,1519320314,2278980470,494068,
0,-201120,-198720,45929527,0,-199011,1214395142551095362312,2659279996132,1519320314,2278980470,494069,
1,-201120,-198720,45929527,0,-199011,1320863339191613307347,2882398229434,1519320314,2278980470,494069,
0,-201120,-198720,45931327,0,-199011,1215004125428705877479,2659279996132,1519320314,2278980470,494070,
1,-201120,-198720,45931327,0,-199011,1321472322069223822514,2882398229434,1519320314,2278980470,494070,
0,-201120,-198720,45933127,0,-199011,1215314283170253341428,2672787353726,1519320314,2278980470,494071,
1,-201120,-198720,45933127,0,-199011,1321782479810771286463,2895905587028,1519320314,2278980470,494071,
0,-201120,-198720,45934927,0,-199011,1215584354802493094028,2672787353726,1519320314,2278980470,494072,
1,-201120,-198720,45934927,0,-199011,1322052551443011039063,2895905587028,1519320314,2278980470,494072,
0,-201120,-198720,45936727,0,-199011,1216008401923233134822,2672787353726,1519320314,2278980470,494073,
1,-201120,-198720,45936727,0,-199011,1322476598563751079857,2895905587028,1519320314,2278980470,494073,
0,-201120,-198720,45938527,0,-199011,1216441497055516245291,2672787353726,1519320314,2278980470,494074,
1,-201120,-198720,45938527,0,-199011,1322909693696034190326,2895905587028,1519320314,2278980470,494074,
0,-201120,-198720,45940327,0,-199011,1217127752311169799968,2672787353726,1519320314,2278980470,494075,
1,-201120,-198720,45940327,0,-199011,1323595948951687745003,2895905587028,1519320314,2278980470,494075,
0,-201120,-198720,45942127,0,-199011,1218002353553280251645,2672787353726,1519320314,2278980470,494076,
1,-201120,-198720,45942127,0,-199011,1324470550193798196680,2895905587028,1519320314,2278980470,494076,
0,-201120,-198720,45943927,0,-199011,1220713994694036433466,2672787353726,1519320314,2278980470,494077,
1,-201120,-198720,45943927,0,-199011,1327182191334554378501,2895905587028,1519320314,2278980470,494077,
0,-201120,-198720,45945727,0,-199011,1223651775286230754673,2686294711319,1519320314,2278980470,494078,
1,-201120,-198720,45945727,0,-199011,1330119971926748699708,2909412944621,1519320314,2278980470,494078,
0,-201120,-198720,45947527,0,-199011,1225280592811051082079,2686294711319,1519320314,2278980470,494079,
1,-201120,-198720,45947527,0,-199011,1331748789451569027114,2909412944621,1519320314,2278980470,494079,
0,-201120,-198720,45949327,0,-199011,1227596973036203256322,2686294711319,1519320314,2278980470,494080,
1,-201120,-198720,45949327,0,-199011,1334065169676721201357,2909412944621,1519320314,2278980470,494080,
0,-201120,-198720,45951127,0,-199011,1228413103480180720137,2686294711319,1519320314,2278980470,494081,
1,-201120,-198720,45951127,0,-199011,1334881300120698665172,2909412944621,1519320314,2278980470,494081,
0,-201120,-198720,45952927,0,-199011,1228779513814582402435,2686294711319,1519320314,2278980470,494082,
1,-201120,-198720,45952927,0,-199011,1335247710455100347470,2909412944621,1519320314,2278980470,494082,
0,-201120,-198720,45954727,0,-199011,1229392031567675215841,2699802068913,1519320314,2278980470,494083,
1,-201120,-198720,45954727,0,-199011,1335860228208193160876,2922920302215,1519320314,2278980470,494083,
0,-201120,-198720,45956527,0,-199011,1230191847771121454045,2699802068913,1519320314,2278980470,494084,
1,-201120,-198720,45956527,0,-199011,1336660044411639399080,2922920302215,1519320314,2278980470,494084,
0,-201120,-198720,45958327,0,-199011,1230347118196486902536,2699802068913,1519320314,2278980470,494085,
1,-201120,-198720,45958327,0,-199011,1336815314837004847571,2922920302215,1519320314,2278980470,494085,
0,-201120,-198720,45960127,0,-199011,1231045510542335799254,2699802068913,1519320314,2278980470,494086,
1,-201120,-198720,45960127,0,-199011,1337513707182853744289,2922920302215,1519320314,2278980470,494086,
0,-201120,-198720,45961927,0,-199011,1231516759515900754774,2699802068913,1519320314,2278980470,494087,
1,-201120,-198720,45961927,0,-199011,1337984956156418699809,2922920302215,1519320314,2278980470,494087,
0,-201120,-198720,45963727,0,-199012,1232068530953863540301,2699802068913,1519320314,2278980470,494088,
1,-201120,-198720,45963727,0,-199012,1338536727594381485336,2922920302215,1519320314,2278980470,494088,
0,-201120,-198720,45965527,0,-199012,1232370973684466794208,2699802068913,1519320314,2278980470,494089,
1,-201120,-198720,45965527,0,-199012,1338839170324984739243,2922920302215,1519320314,2278980470,494089,
0,-201120,-198720,45967327,0,-199012,1232951171248426877351,2699802068913,1519320314,2278980470,494090,
1,-201120,-198720,45967327,0,-199012,1339419367888944822386,2922920302215,1519320314,2278980470,494090,
0,-201120,-198720,45969127,0,-199012,1233906124397530822085,2699802068913,1519320314,2278980470,494091,
1,-201120,-198720,45969127,0,-199012,1340374321038048767120,2922920302215,1519320314,2278980470,494091,
0,-201120,-198720,45970927,0,-199012,1235849862682362770621,2699802068913,1519320314,2278980470,494092,
1,-201120,-198720,45970927,0,-199012,1342318059322880715656,2922920302215,1519320314,2278980470,494092,
0,-201120,-198720,45972727,0,-199012,1236086435567997660866,2713309426507,1519320314,2278980470,494093,
1,-201120,-198720,45972727,0,-199012,1342554632208515605901,2936427659809,1519320314,2278980470,494093,
0,-201120,-198720,45974527,0,-199012,1236367364319719809143,2713309426507,1519320314,2278980470,494094,
1,-201120,-198720,45974527,0,-199012,1342835560960237754178,2936427659809,1519320314,2278980470,494094,
0,-201120,-198720,45976327,0,-199012,1236866214916667178951,2713309426507,1519320314,2278980470,494095,
1,-201120,-198720,45976327,0,-199012,1343334411557185123986,2936427659809,1519320314,2278980470,494095,
0,-201120,-198720,45978127,0,-199012,1237332947259477845849,2713309426507,1519320314,2278980470,494096,
1,-201120,-198720,45978127,0,-199012,1343801143899995790884,2936427659809,1519320314,2278980470,494096,
0,-201120,-198720,45979927,0,-199012,1237771259676168350687,2713309426507,1519320314,2278980470,494097,
1,-201120,-198720,45979927,0,-199012,1344239456316686295722,2936427659809,1519320314,2278980470,494097,
0,-201120,-198720,45981727,0,-199012,1238455083283278438577,2713309426507,1519320314,2278980470,494098,
1,-201120,-198720,45981727,0,-199012,1344923279923796383612,2936427659809,1519320314,2278980470,494098,
0,-201120,-198720,45983527,0,-199012,1239106686574657844783,2713309426507,1519320314,2278980470,494099,
1,-201120,-198720,45983527,0,-199012,1345574883215175789818,2936427659809,1519320314,2278980470,494099,
0,-201120,-198720,45985327,0,-199012,1239872849804490214589,2713309426507,1519320314,2278980470,494100,
1,-201120,-198720,45985327,0,-199012,1346341046445008159624,2936427659809,1519320314,2278980470,494100,
0,-201120,-198720,45987127,0,-199012,1240527220658889087868,2713309426507,1519320314,2278980470,494101,
1,-201120,-198720,45987127,0,-199012,1346995417299407032903,2936427659809,1519320314,2278980470,494101,
0,-201120,-198720,45988927,0,-199012,1242771593944135438877,2726816784101,1519320314,2278980470,494102,
1,-201120,-198720,45988927,0,-199012,1349239790584653383912,2949935017403,1519320314,2278980470,494102,
0,-201120,-198720,45990727,0,-199012,1243994810333429762681,2726816784101,1519320314,2278980470,494103,
1,-201120,-198720,45990727,0,-199012,1350463006973947707716,2949935017403,1519320314,2278980470,494103,
0,-201120,-198720,45992527,0,-199012,1245421830394137755673,2740324141694,1519320314,2278980470,494104,
1,-201120,-198720,45992527,0,-199012,1351890027034655700708,2963442374996,1519320314,2278980470,494104,
0,-201120,-198720,45994327,0,-199012,1247525581510571621738,2740324141694,1519320314,2278980470,494105,
1,-201120,-198720,45994327,0,-199012,1353993778151089566773,2963442374996,1519320314,2278980470,494105,
0,-201120,-198720,45996127,0,-199012,1249700818304474408586,2740324141694,1519320314,2278980470,494106,
1,-201120,-198720,45996127,0,-199012,1356169014944992353621,2963442374996,1519320314,2278980470,494106,
0,-201120,-198720,45997927,0,-199012,1250631150647377097066,2753831499289,1519320314,2278980470,494107,
1,-201120,-198720,45997927,0,-199012,1357099347287895042101,2976949732591,1519320314,2278980470,494107,
0,-201120,-198720,45999727,0,-199012,1251577918634941064259,2753831499289,1519320314,2278980470,494108,
1,-201120,-198720,45999727,0,-199012,1358046115275459009294,2976949732591,1519320314,2278980470,494108,
0,-201120,-198720,46001527,0,-199012,1252334224857061998748,2753831499289,1519320314,2278980470,494109,
1,-201120,-198720,46001527,0,-199012,1358802421497579943783,2976949732591,1519320314,2278980470,494109,
0,-201120,-198720,46003327,0,-199012,1252788957222864258299,2753831499289,1519320314,2278980470,494110,
1,-201120,-198720,46003327,0,-199012,1359257153863382203334,2976949732591,1519320314,2278980470,494110,
0,-201120,-198720,43888479,0,-199976,0,0,3798300784,0,492935,mint
1,-201120,-198720,43888479,0,-199976,109154839970887057655,221557088919,383628379229,0,492935,mint
0,-201120,-198720,46005038,0,-198918,1253122451231985012080,2753831499289,0,0,494110,burn
1,-201120,-198720,46005038,0,-198918,1359590647872502957115,2976949732591,0,0,494110,burn
0,-202460,-202360,47344327,1,-202008,0,0,16657096271,16657096270,494855,
0,-202460,-202360,47346127,1,-201438,0,0,16657096271,16657096270,494856,
0,-202460,-202360,47347927,1,-201438,0,0,16657096271,16657096270,494857,
0,-202460,-202360,47349727,1,-201438,0,0,16657096271,16657096270,494858,
0,-202460,-202360,47351527,1,-201438,0,0,16657096271,16657096270,494859,
0,-202460,-202360,47353327,1,-201438,0,0,16657096271,16657096270,494860,
0,-202460,-202360,47355127,1,-201438,0,0,16657096271,16657096270,494861,
0,-202460,-202360,47356927,1,-201438,0,0,16657096271,16657096270,494862,
0,-202460,-202360,47358727,1,-201438,0,0,16657096271,16657096270,494863,
0,-202460,-202360,47360527,1,-201438,0,0,16657096271,16657096270,494864,
0,-202460,-202360,47362327,1,-201438,0,0,16657096271,16657096270,494865,
0,-202460,-202360,47364127,1,-201438,0,0,16657096271,16657096270,494866,
0,-202460,-202360,47365927,1,-201438,0,0,16657096271,16657096270,494867,
0,-202460,-202360,47367727,1,-201438,0,0,16657096271,16657096270,494868,
0,-202460,-202360,47369527,1,-201438,0,0,16657096271,16657096270,494869,
0,-202460,-202360,47371327,1,-201438,0,0,16657096271,16657096270,494870,
0,-202460,-202360,47373127,1,-201438,0,0,16657096271,16657096270,494871,
0,-202460,-202360,47374927,1,-201438,0,0,16657096271,16657096270,494872,
0,-202460,-202360,47376727,1,-201438,0,0,16657096271,16657096270,494873,
0,-202460,-202360,47378527,1,-201438,0,0,16657096271,16657096270,494874,
0,-202460,-202360,47380327,1,-201438,0,0,16657096271,16657096270,494875,
0,-202460,-202360,47382127,1,-201438,0,0,16657096271,16657096270,494876,
0,-202460,-202360,47383927,1,-201438,0,0,16657096271,16657096270,494877,
0,-202460,-202360,47385727,1,-201438,0,0,16657096271,16657096270,494878,
0,-202460,-202360,47387527,1,-201438,0,0,16657096271,16657096270,494879,
0,-202460,-202360,47389327,1,-201427,0,0,16657096271,16657096270,494880,
0,-202460,-202360,47391127,1,-201427,0,0,16657096271,16657096270,494881,
0,-202460,-202360,47392927,1,-201427,0,0,16657096271,16657096270,494882,
0,-202460,-202360,47394727,1,-201427,0,0,16657096271,16657096270,494883,
0,-202460,-202360,47396527,1,-201427,0,0,16657096271,16657096270,494884,
0,-202460,-202360,47398327,1,-201427,0,0,16657096271,16657096270,494885,
0,-202460,-202360,47400127,1,-201427,0,0,16657096271,16657096270,494886,
0,-202460,-202360,47401927,1,-201427,0,0,16657096271,16657096270,494887,
0,-202460,-202360,47403727,1,-201427,0,0,16657096271,16657096270,494888,
0,-202460,-202360,47405527,1,-201427,0,0,16657096271,16657096270,494889,
0,-202460,-202360,47407327,1,-201427,0,0,16657096271,16657096270,494890,
0,-202460,-202360,47409127,1,-201427,0,0,16657096271,16657096270,494891,
0,-202460,-202360,47410927,1,-201427,0,0,16657096271,16657096270,494892,
0,-202460,-202360,47412727,1,-201427,0,0,16657096271,16657096270,494893,
0,-202460,-202360,47414527,1,-201427,0,0,16657096271,16657096270,494894,
0,-202460,-202360,47416327,1,-201427,0,0,16657096271,16657096270,494895,
0,-202460,-202360,47418127,1,-201427,0,0,16657096271,16657096270,494896,
0,-202460,-202360,47419927,1,-201427,0,0,16657096271,16657096270,494897,
0,-202460,-202360,47421727,1,-201427,0,0,16657096271,16657096270,494898,
0,-202460,-202360,47423527,1,-201427,0,0,16657096271,16657096270,494899,
0,-202460,-202360,47425327,1,-201427,0,0,16657096271,16657096270,494900,
0,-202460,-202360,47427127,1,-201427,0,0,16657096271,16657096270,494901,
0,-202460,-202360,47428927,1,-201427,0,0,16657096271,16657096270,494902,
0,-202460,-202360,47430727,1,-201427,0,0,16657096271,16657096270,494903,
0,-202460,-202360,47432527,1,-201558,0,0,16657096271,16657096270,494904,
0,-202460,-202360,47434327,1,-201558,0,0,16657096271,16657096270,494905,
0,-202460,-202360,47436127,1,-201558,0,0,16657096271,16657096270,494906,
0,-202460,-202360,47437927,1,-201558,0,0,16657096271,16657096270,494907,
0,-202460,-202360,47439727,1,-201558,0,0,16657096271,16657096270,494908,
0,-202460,-202360,47441527,1,-201558,0,0,16657096271,16657096270,494909,
0,-202460,-202360,47443327,1,-201558,0,0,16657096271,16657096270,494910,
0,-202460,-202360,47445127,1,-201558,0,0,16657096271,16657096270,494911,
0,-202460,-202360,47446927,1,-201558,0,0,16657096271,16657096270,494912,
0,-202460,-202360,47448727,1,-201558,0,0,16657096271,16657096270,494913,
0,-202460,-202360,47450527,1,-201558,0,0,16657096271,16657096270,494914,
0,-202460,-202360,47452327,1,-201558,0,0,16657096271,16657096270,494915,
0,-202460,-202360,47454127,1,-201558,0,0,16657096271,16657096270,494916,
0,-202460,-202360,47455927,1,-201558,0,0,16657096271,16657096270,494917,
0,-202460,-202360,47457727,1,-201558,0,0,16657096271,16657096270,494918,
0,-202460,-202360,47459527,1,-201558,0,0,16657096271,16657096270,494919,
0,-202460,-202360,47461327,1,-201558,0,0,16657096271,16657096270,494920,
0,-202460,-202360,47463127,1,-201558,0,0,16657096271,16657096270,494921,
0,-202460,-202360,47464927,1,-201558,0,0,16657096271,16657096270,494922,
0,-202460,-202360,47466727,1,-201558,0,0,16657096271,16657096270,494923,
0,-202460,-202360,47468527,1,-201558,0,0,16657096271,16657096270,494924,
0,-202460,-202360,47470327,1,-201558,0,0,16657096271,16657096270,494925,
0,-202460,-202360,47472127,1,-201558,0,0,16657096271,16657096270,494926,
0,-202460,-202360,47473927,1,-201558,0,0,16657096271,16657096270,494927,
0,-202460,-202360,47475727,1,-201818,0,0,16657096271,16657096270,494928,
0,-202460,-202360,47477527,1,-201818,0,0,16657096271,16657096270,494929,
0,-202460,-202360,47479327,1,-201818,0,0,16657096271,16657096270,494930,
0,-202460,-202360,47481127,1,-201818,0,0,16657096271,16657096270,494931,
0,-202460,-202360,47482927,1,-201818,0,0,16657096271,16657096270,494932,
0,-202460,-202360,47484727,1,-201818,0,0,16657096271,16657096270,494933,
0,-202460,-202360,47486527,1,-201818,0,0,16657096271,16657096270,494934,
0,-202460,-202360,47488327,1,-201818,0,0,16657096271,16657096270,494935,
0,-202460,-202360,47490127,1,-201818,0,0,16657096271,16657096270,494936,
0,-202460,-202360,47491927,1,-201818,0,0,16657096271,16657096270,494937,
0,-202460,-202360,47493727,1,-201818,0,0,16657096271,16657096270,494938,
0,-202460,-202360,47495527,1,-201818,0,0,16657096271,16657096270,494939,
0,-202460,-202360,47497327,1,-201818,0,0,16657096271,16657096270,494940,
0,-202460,-202360,47499127,1,-201818,0,0,16657096271,16657096270,494941,
0,-202460,-202360,47500927,1,-201818,0,0,16657096271,16657096270,494942,
0,-202460,-202360,47502727,1,-201818,0,0,16657096271,16657096270,494943,
0,-202460,-202360,47504527,1,-201818,0,0,16657096271,16657096270,494944,
0,-202460,-202360,47506327,1,-201818,1289038083629921220,1245870633,16657096271,16657096270,494945,
0,-202460,-202360,47342678,1,-201818,0,0,16657096271,16657096270,494854,mint
0,-202460,-202360,47507537,1,-202059,1289038083629921220,1245870633,0,0,494945,burn
0,-202460,-202360,47344327,0,-202008,0,0,16657096271,16657096270,494855,
0,-202460,-202360,47346127,0,-201438,0,0,16657096271,16657096270,494856,
0,-202460,-202360,47347927,0,-201438,0,0,16657096271,16657096270,494857,
0,-202460,-202360,47349727,0,-201438,0,0,16657096271,16657096270,494858,
0,-202460,-202360,47351527,0,-201438,0,0,16657096271,16657096270,494859,
0,-202460,-202360,47353327,0,-201438,0,0,16657096271,16657096270,494860,
0,-202460,-202360,47355127,0,-201438,0,0,16657096271,16657096270,494861,
0,-202460,-202360,47356927,0,-201438,0,0,16657096271,16657096270,494862,
0,-202460,-202360,47358727,0,-201438,0,0,16657096271,16657096270,494863,
0,-202460,-202360,47360527,0,-201438,0,0,16657096271,16657096270,494864,
0,-202460,-202360,47362327,0,-201438,0,0,16657096271,16657096270,494865,
0,-202460,-202360,47364127,0,-201438,0,0,16657096271,16657096270,494866,
0,-202460,-202360,47365927,0,-201438,0,0,16657096271,16657096270,494867,
0,-202460,-202360,47367727,0,-201438,0,0,16657096271,16657096270,494868,
0,-202460,-202360,47369527,0,-201438,0,0,16657096271,16657096270,494869,
0,-202460,-202360,47371327,0,-201438,0,0,16657096271,16657096270,494870,
0,-202460,-202360,47373127,0,-201438,0,0,16657096271,16657096270,494871,
0,-202460,-202360,47374927,0,-201438,0,0,16657096271,16657096270,494872,
0,-202460,-202360,47376727,0,-201438,0,0,16657096271,16657096270,494873,
0,-202460,-202360,47378527,0,-201438,0,0,16657096271,16657096270,494874,
0,-202460,-202360,47380327,0,-201438,0,0,16657096271,16657096270,494875,
0,-202460,-202360,47382127,0,-201438,0,0,16657096271,16657096270,494876,
0,-202460,-202360,47383927,0,-201438,0,0,16657096271,16657096270,494877,
0,-202460,-202360,47385727,0,-201438,0,0,16657096271,16657096270,494878,
0,-202460,-202360,47387527,0,-201438,0,0,16657096271,16657096270,494879,
0,-202460,-202360,47389327,0,-201427,0,0,16657096271,16657096270,494880,
0,-202460,-202360,47391127,0,-201427,0,0,16657096271,16657096270,494881,
0,-202460,-202360,47392927,0,-201427,0,0,16657096271,16657096270,494882,
0,-202460,-202360,47394727,0,-201427,0,0,16657096271,16657096270,494883,
0,-202460,-202360,47396527,0,-201427,0,0,16657096271,16657096270,494884,
0,-202460,-202360,47398327,0,-201427,0,0,16657096271,16657096270,494885,
0,-202460,-202360,47400127,0,-201427,0,0,16657096271,16657096270,494886,
0,-202460,-202360,47401927,0,-201427,0,0,16657096271,16657096270,494887,
0,-202460,-202360,47403727,0,-201427,0,0,16657096271,16657096270,494888,
0,-202460,-202360,47405527,0,-201427,0,0,16657096271,16657096270,494889,
0,-202460,-202360,47407327,0,-201427,0,0,16657096271,16657096270,494890,
0,-202460,-202360,47409127,0,-201427,0,0,16657096271,16657096270,494891,
0,-202460,-202360,47410927,0,-201427,0,0,16657096271,16657096270,494892,
0,-202460,-202360,47412727,0,-201427,0,0,16657096271,16657096270,494893,
0,-202460,-202360,47414527,0,-201427,0,0,16657096271,16657096270,494894,
0,-202460,-202360,47416327,0,-201427,0,0,16657096271,16657096270,494895,
0,-202460,-202360,47418127,0,-201427,0,0,16657096271,16657096270,494896,
0,-202460,-202360,47419927,0,-201427,0,0,16657096271,16657096270,494897,
0,-202460,-202360,47421727,0,-201427,0,0,16657096271,16657096270,494898,
0,-202460,-202360,47423527,0,-201427,0,0,16657096271,16657096270,494899,
0,-202460,-202360,47425327,0,-201427,0,0,16657096271,16657096270,494900,
0,-202460,-202360,47427127,0,-201427,0,0,16657096271,16657096270,494901,
0,-202460,-202360,47428927,0,-201427,0,0,16657096271,16657096270,494902,
0,-202460,-202360,47430727,0,-201427,0,0,16657096271,16657096270,494903,
0,-202460,-202360,47432527,0,-201558,0,0,16657096271,16657096270,494904,
0,-202460,-202360,47434327,0,-201558,0,0,16657096271,16657096270,494905,
0,-202460,-202360,47436127,0,-201558,0,0,16657096271,16657096270,494906,
0,-202460,-202360,47437927,0,-201558,0,0,16657096271,16657096270,494907,
0,-202460,-202360,47439727,0,-201558,0,0,16657096271,16657096270,494908,
0,-202460,-202360,47441527,0,-201558,0,0,16657096271,16657096270,494909,
0,-202460,-202360,47443327,0,-201558,0,0,16657096271,16657096270,494910,
0,-202460,-202360,47445127,0,-201558,0,0,16657096271,16657096270,494911,
0,-202460,-202360,47446927,0,-201558,0,0,16657096271,16657096270,494912,
0,-202460,-202360,47448727,0,-201558,0,0,16657096271,16657096270,494913,
0,-202460,-202360,47450527,0,-201558,0,0,16657096271,16657096270,494914,
0,-202460,-202360,47452327,0,-201558,0,0,16657096271,16657096270,494915,
0,-202460,-202360,47454127,0,-201558,0,0,16657096271,16657096270,494916,
0,-202460,-202360,47455927,0,-201558,0,0,16657096271,16657096270,494917,
0,-202460,-202360,47457727,0,-201558,0,0,16657096271,16657096270,494918,
0,-202460,-202360,47459527,0,-201558,0,0,16657096271,16657096270,494919,
0,-202460,-202360,47461327,0,-201558,0,0,16657096271,16657096270,494920,
0,-202460,-202360,47463127,0,-201558,0,0,16657096271,16657096270,494921,
0,-202460,-202360,47464927,0,-201558,0,0,16657096271,16657096270,494922,
0,-202460,-202360,47466727,0,-201558,0,0,16657096271,16657096270,494923,
0,-202460,-202360,47468527,0,-201558,0,0,16657096271,16657096270,494924,
0,-202460,-202360,47470327,0,-201558,0,0,16657096271,16657096270,494925,
0,-202460,-202360,47472127,0,-201558,0,0,16657096271,16657096270,494926,
0,-202460,-202360,47473927,0,-201558,0,0,16657096271,16657096270,494927,
0,-202460,-202360,47475727,0,-201818,0,0,16657096271,16657096270,494928,
0,-202460,-202360,47477527,0,-201818,0,0,16657096271,16657096270,494929,
0,-202460,-202360,47479327,0,-201818,0,0,16657096271,16657096270,494930,
0,-202460,-202360,47481127,0,-201818,0,0,16657096271,16657096270,494931,
0,-202460,-202360,47482927,0,-201818,0,0,16657096271,16657096270,494932,
0,-202460,-202360,47484727,0,-201818,0,0,16657096271,16657096270,494933,
0,-202460,-202360,47486527,0,-201818,0,0,16657096271,16657096270,494934,
0,-202460,-202360,47488327,0,-201818,0,0,16657096271,16657096270,494935,
0,-202460,-202360,47490127,0,-201818,0,0,16657096271,16657096270,494936,
0,-202460,-202360,47491927,0,-201818,0,0,16657096271,16657096270,494937,
0,-202460,-202360,47493727,0,-201818,0,0,16657096271,16657096270,494938,
0,-202460,-202360,47495527,0,-201818,0,0,16657096271,16657096270,494939,
0,-202460,-202360,47497327,0,-201818,0,0,16657096271,16657096270,494940,
0,-202460,-202360,47499127,0,-201818,0,0,16657096271,16657096270,494941,
0,-202460,-202360,47500927,0,-201818,0,0,16657096271,16657096270,494942,
0,-202460,-202360,47502727,0,-201818,0,0,16657096271,16657096270,494943,
0,-202460,-202360,47504527,0,-201818,0,0,16657096271,16657096270,494944,
0,-202460,-202360,47506327,0,-201818,1217424856811989172,1176655598,16657096271,16657096270,494945,
0,-202460,-202360,47342678,0,-201818,0,0,16657096271,16657096270,494854,mint
0,-202460,-202360,47507537,0,-202059,1217424856811989172,1176655598,0,0,494945,burn
0,-202160,-202060,47344327,0,-202008,0,0,16908823362,0,494855,
0,-202160,-202060,47346127,0,-201438,0,0,16908823362,0,494856,
0,-202160,-202060,47347927,0,-201438,0,0,16908823362,0,494857,
0,-202160,-202060,47349727,0,-201438,0,0,16908823362,0,494858,
0,-202160,-202060,47351527,0,-201438,0,0,16908823362,0,494859,
0,-202160,-202060,47353327,0,-201438,0,0,16908823362,0,494860,
0,-202160,-202060,47355127,0,-201438,0,0,16908823362,0,494861,
0,-202160,-202060,47356927,0,-201438,0,0,16908823362,0,494862,
0,-202160,-202060,47358727,0,-201438,0,0,16908823362,0,494863,
0,-202160,-202060,47360527,0,-201438,0,0,16908823362,0,494864,
0,-202160,-202060,47362327,0,-201438,0,0,16908823362,0,494865,
0,-202160,-202060,47364127,0,-201438,0,0,16908823362,0,494866,
0,-202160,-202060,47365927,0,-201438,0,0,16908823362,0,494867,
0,-202160,-202060,47367727,0,-201438,0,0,16908823362,0,494868,
0,-202160,-202060,47369527,0,-201438,0,0,16908823362,0,494869,
0,-202160,-202060,47371327,0,-201438,0,0,16908823362,0,494870,
0,-202160,-202060,47373127,0,-201438,0,0,16908823362,0,494871,
0,-202160,-202060,47374927,0,-201438,0,0,16908823362,0,494872,
0,-202160,-202060,47376727,0,-201438,0,0,16908823362,0,494873,
0,-202160,-202060,47378527,0,-201438,0,0,16908823362,0,494874,
0,-202160,-202060,47380327,0,-201438,0,0,16908823362,0,494875,
0,-202160,-202060,47382127,0,-201438,0,0,16908823362,0,494876,
0,-202160,-202060,47383927,0,-201438,0,0,16908823362,0,494877,
0,-202160,-202060,47385727,0,-201438,0,0,16908823362,0,494878,
0,-202160,-202060,47387527,0,-201438,0,0,16908823362,0,494879,
0,-202160,-202060,47389327,0,-201427,0,0,16908823362,0,494880,
0,-202160,-202060,47391127,0,-201427,0,0,16908823362,0,494881,
0,-202160,-202060,47392927,0,-201427,0,0,16908823362,0,494882,
0,-202160,-202060,47394727,0,-201427,0,0,16908823362,0,494883,
0,-202160,-202060,47396527,0,-201427,0,0,16908823362,0,494884,
0,-202160,-202060,47398327,0,-201427,0,0,16908823362,0,494885,
0,-202160,-202060,47400127,0,-201427,0,0,16908823362,0,494886,
0,-202160,-202060,47401927,0,-201427,0,0,16908823362,0,494887,
0,-202160,-202060,47403727,0,-201427,0,0,16908823362,0,494888,
0,-202160,-202060,47405527,0,-201427,0,0,16908823362,0,494889,
0,-202160,-202060,47407327,0,-201427,0,0,16908823362,0,494890,
0,-202160,-202060,47409127,0,-201427,0,0,16908823362,0,494891,
0,-202160,-202060,47410927,0,-201427,0,0,16908823362,0,494892,
0,-202160,-202060,47412727,0,-201427,0,0,16908823362,0,494893,
0,-202160,-202060,47414527,0,-201427,0,0,16908823362,0,494894,
0,-202160,-202060,47416327,0,-201427,0,0,16908823362,0,494895,
0,-202160,-202060,47418127,0,-201427,0,0,16908823362,0,494896,
0,-202160,-202060,47419927,0,-201427,0,0,16908823362,0,494897,
0,-202160,-202060,47421727,0,-201427,0,0,16908823362,0,494898,
0,-202160,-202060,47423527,0,-201427,0,0,16908823362,0,494899,
0,-202160,-202060,47425327,0,-201427,0,0,16908823362,0,494900,
0,-202160,-202060,47427127,0,-201427,0,0,16908823362,0,494901,
0,-202160,-202060,47428927,0,-201427,0,0,16908823362,0,494902,
0,-202160,-202060,47430727,0,-201427,0,0,16908823362,0,494903,
0,-202160,-202060,47432527,0,-201558,0,0,16908823362,0,494904,
0,-202160,-202060,47434327,0,-201558,0,0,16908823362,0,494905,
0,-202160,-202060,47436127,0,-201558,0,0,16908823362,0,494906,
0,-202160,-202060,47437927,0,-201558,0,0,16908823362,0,494907,
0,-202160,-202060,47439727,0,-201558,0,0,16908823362,0,494908,
0,-202160,-202060,47441527,0,-201558,0,0,16908823362,0,494909,
0,-202160,-202060,47443327,0,-201558,0,0,16908823362,0,494910,
0,-202160,-202060,47445127,0,-201558,0,0,16908823362,0,494911,
0,-202160,-202060,47446927,0,-201558,0,0,16908823362,0,494912,
0,-202160,-202060,47448727,0,-201558,0,0,16908823362,0,494913,
0,-202160,-202060,47450527,0,-201558,0,0,16908823362,0,494914,
0,-202160,-202060,47452327,0,-201558,0,0,16908823362,0,494915,
0,-202160,-202060,47454127,0,-201558,0,0,16908823362,0,494916,
0,-202160,-202060,47455927,0,-201558,0,0,16908823362,0,494917,
0,-202160,-202060,47457727,0,-201558,0,0,16908823362,0,494918,
0,-202160,-202060,47459527,0,-201558,0,0,16908823362,0,494919,
0,-202160,-202060,47461327,0,-201558,0,0,16908823362,0,494920,
0,-202160,-202060,47463127,0,-201558,0,0,16908823362,0,494921,
0,-202160,-202060,47464927,0,-201558,0,0,16908823362,0,494922,
0,-202160,-202060,47466727,0,-201558,0,0,16908823362,0,494923,
0,-202160,-202060,47468527,0,-201558,0,0,16908823362,0,494924,
0,-202160,-202060,47470327,0,-201558,0,0,16908823362,0,494925,
0,-202160,-202060,47472127,0,-201558,0,0,16908823362,0,494926,
0,-202160,-202060,47473927,0,-201558,0,0,16908823362,0,494927,
0,-202160,-202060,47475727,0,-201818,0,0,16908823362,0,494928,
0,-202160,-202060,47477527,0,-201818,0,0,16908823362,0,494929,
0,-202160,-202060,47479327,0,-201818,0,0,16908823362,0,494930,
0,-202160,-202060,47481127,0,-201818,0,0,16908823362,0,494931,
0,-202160,-202060,47482927,0,-201818,0,0,16908823362,0,494932,
0,-202160,-202060,47484727,0,-201818,0,0,16908823362,0,494933,
0,-202160,-202060,47486527,0,-201818,0,0,16908823362,0,494934,
0,-202160,-202060,47488327,0,-201818,0,0,16908823362,0,494935,
0,-202160,-202060,47490127,0,-201818,0,0,16908823362,0,494936,
0,-202160,-202060,47491927,0,-201818,0,0,16908823362,0,494937,
0,-202160,-202060,47493727,0,-201818,0,0,16908823362,0,494938,
0,-202160,-202060,47495527,0,-201818,0,0,16908823362,0,494939,
0,-202160,-202060,47497327,0,-201818,0,0,16908823362,0,494940,
0,-202160,-202060,47499127,0,-201818,0,0,16908823362,0,494941,
0,-202160,-202060,47500927,0,-201818,0,0,16908823362,0,494942,
0,-202160,-202060,47502727,0,-201818,0,0,16908823362,0,494943,
0,-202160,-202060,47504527,0,-201818,0,0,16908823362,0,494944,
0,-202160,-202060,47506327,0,-201818,1128753563736867144,1090953739,16908823362,0,494945,
0,-202160,-202060,47342678,0,-201818,0,0,16908823362,0,494854,mint
0,-202160,-202060,47507537,0,-202059,2093011503688760268,3272861217,0,0,494945,burn
1,-201560,-201460,47344327,0,-202008,0,0,17094997365,0,494855,
1,-201560,-201460,47346127,0,-201438,8153377901695044158,14027944423,17094997365,0,494856,
1,-201560,-201460,47347927,0,-201438,8153377901695044158,14027944423,17094997365,0,494857,
1,-201560,-201460,47349727,0,-201438,8153377901695044158,14027944423,17094997365,0,494858,
1,-201560,-201460,47351527,0,-201438,8153377901695044158,14027944423,17094997365,0,494859,
1,-201560,-201460,47353327,0,-201438,8153377901695044158,14027944423,17094997365,0,494860,
1,-201560,-201460,47355127,0,-201438,8153377901695044158,14027944423,17094997365,0,494861,
1,-201560,-201460,47356927,0,-201438,8153377901695044158,14027944423,17094997365,0,494862,
1,-201560,-201460,47358727,0,-201438,8153377901695044158,14027944423,17094997365,0,494863,
1,-201560,-201460,47360527,0,-201438,8153377901695044158,14027944423,17094997365,0,494864,
1,-201560,-201460,47362327,0,-201438,8153377901695044158,14027944423,17094997365,0,494865,
1,-201560,-201460,47364127,0,-201438,8153377901695044158,14027944423,17094997365,0,494866,
1,-201560,-201460,47365927,0,-201438,8153377901695044158,14027944423,17094997365,0,494867,
1,-201560,-201460,47367727,0,-201438,7964248894796926904,12948871775,17094997365,0,494868,
1,-201560,-201460,47369527,0,-201438,0,0,17094997365,0,494869,
1,-201560,-201460,47371327,0,-201438,832147659738405386,3237217943,17094997365,0,494870,
1,-201560,-201460,47373127,0,-201438,832147659738405386,3237217943,17094997365,0,494871,
1,-201560,-201460,47374927,0,-201438,832147659738405386,3237217943,17094997365,0,494872,
1,-201560,-201460,47376727,0,-201438,832147659738405386,3237217943,17094997365,0,494873,
1,-201560,-201460,47378527,0,-201438,832147659738405386,3237217943,17094997365,0,494874,
1,-201560,-201460,47380327,0,-201438,832147659738405386,3237217943,17094997365,0,494875,
1,-201560,-201460,47382127,0,-201438,832147659738405386,3237217943,17094997365,0,494876,
1,-201560,-201460,47383927,0,-201438,832147659738405386,3237217943,17094997365,0,494877,
1,-201560,-201460,47385727,0,-201438,832147659738405386,3237217943,17094997365,0,494878,
1,-201560,-201460,47387527,0,-201438,832147659738405386,3237217943,17094997365,0,494879,
1,-201560,-201460,47389327,0,-201427,832147659738405386,3237217943,17094997365,0,494880,
1,-201560,-201460,47391127,0,-201427,832147659738405386,3237217943,17094997365,0,494881,
1,-201560,-201460,47392927,0,-201427,832147659738405386,3237217943,17094997365,0,494882,
1,-201560,-201460,47394727,0,-201427,0,0,17094997365,0,494883,
1,-201560,-201460,47396527,0,-201427,0,0,17094997365,0,494884,
1,-201560,-201460,47398327,0,-201427,3606162246447062976,5395363239,17094997365,0,494885,
1,-201560,-201460,47400127,0,-201427,3606162246447062976,5395363239,17094997365,0,494886,
1,-201560,-201460,47401927,0,-201427,0,0,17094997365,0,494887,
1,-201560,-201460,47403727,0,-201427,0,0,17094997365,0,494888,
1,-201560,-201460,47405527,0,-201427,6353557139286507010,12948871775,17094997365,0,494889,
1,-201560,-201460,47407327,0,-201427,6353557139286507010,12948871775,17094997365,0,494890,
1,-201560,-201460,47409127,0,-201427,6353557139286507010,12948871775,17094997365,0,494891,
1,-201560,-201460,47410927,0,-201427,6353557139286507010,12948871775,17094997365,0,494892,
1,-201560,-201460,47412727,0,-201427,6353557139286507010,12948871775,17094997365,0,494893,
1,-201560,-201460,47414527,0,-201427,6353557139286507010,12948871775,17094997365,0,494894,
1,-201560,-201460,47416327,0,-201427,0,0,17094997365,0,494895,
1,-201560,-201460,47418127,0,-201427,0,0,17094997365,0,494896,
1,-201560,-201460,47419927,0,-201427,0,0,17094997365,0,494897,
1,-201560,-201460,47421727,0,-201427,14737295791434070999,28055888847,17094997365,0,494898,
1,-201560,-201460,47423527,0,-201427,14737295791434070999,28055888847,17094997365,0,494899,
1,-201560,-201460,47425327,0,-201427,14737295791434070999,28055888847,17094997365,0,494900,
1,-201560,-201460,47427127,0,-201427,14737295791434070999,28055888847,17094997365,0,494901,
1,-201560,-201460,47428927,0,-201427,14737295791434070999,28055888847,17094997365,0,494902,
1,-201560,-201460,47430727,0,-201427,14737295791434070999,28055888847,17094997365,0,494903,
1,-201560,-201460,47432527,0,-201558,0,0,17094997365,0,494904,
1,-201560,-201460,47434327,0,-201558,0,0,17094997365,0,494905,
1,-201560,-201460,47436127,0,-201558,0,0,17094997365,0,494906,
1,-201560,-201460,47437927,0,-201558,0,0,17094997365,0,494907,
1,-201560,-201460,47439727,0,-201558,0,0,17094997365,0,494908,
1,-201560,-201460,47441527,0,-201558,0,0,17094997365,0,494909,
1,-201560,-201460,47443327,0,-201558,0,0,17094997365,0,494910,
1,-201560,-201460,47445127,0,-201558,0,0,17094997365,0,494911,
1,-201560,-201460,47446927,0,-201558,0,0,17094997365,0,494912,
1,-201560,-201460,47448727,0,-201558,24544057364169447844617,63854123943689,17094997365,0,494913,
1,-201560,-201460,47450527,0,-201558,18163359077785939208,32372179439,17094997365,0,494914,
1,-201560,-201460,47452327,0,-201558,19405966281894871404,34530324735,17094997365,0,494915,
1,-201560,-201460,47454127,0,-201558,24545710968400776040083,63857361161633,17094997365,0,494916,
1,-201560,-201460,47455927,0,-201558,24548883594841847026647,63861677452225,17094997365,0,494917,
1,-201560,-201460,47457727,0,-201558,24550339789877847983970,63864914670169,17094997365,0,494918,
1,-201560,-201460,47459527,0,-201558,24554814810313546612255,63871389106057,17094997365,0,494919,
1,-201560,-201460,47461327,0,-201558,21709577540513811991,38846615326,17094997365,0,494920,
1,-201560,-201460,47463127,0,-201558,23875251960108113719,42083833270,17094997365,0,494921,
1,-201560,-201460,47464927,0,-201558,0,0,17094997365,0,494922,
1,-201560,-201460,47466727,0,-201558,32353081206421055090,57190850342,17094997365,0,494923,
1,-201560,-201460,47468527,0,-201558,24565955843792198196132,63888654268425,17094997365,0,494924,
1,-201560,-201460,47470327,0,-201558,24568149754502163179602,63894049631664,17094997365,0,494925,
1,-201560,-201460,47472127,0,-201558,24569285008494563320360,63895128704312,17094997365,0,494926,
1,-201560,-201460,47473927,0,-201558,24571168024143837748063,63898365922256,17094997365,0,494927,
1,-201560,-201460,47475727,0,-201818,33709009638542186014,59348995638,17094997365,0,494928,
1,-201560,-201460,47477527,0,-201818,33709009638542186014,59348995638,17094997365,0,494929,
1,-201560,-201460,47479327,0,-201818,33709009638542186014,59348995638,17094997365,0,494930,
1,-201560,-201460,47481127,0,-201818,33709009638542186014,59348995638,17094997365,0,494931,
1,-201560,-201460,47482927,0,-201818,33709009638542186014,59348995638,17094997365,0,494932,
1,-201560,-201460,47484727,0,-201818,33709009638542186014,59348995638,17094997365,0,494933,
1,-201560,-201460,47486527,0,-201818,33709009638542186014,59348995638,17094997365,0,494934,
1,-201560,-201460,47488327,0,-201818,33709009638542186014,59348995638,17094997365,0,494935,
1,-201560,-201460,47490127,0,-201818,33709009638542186014,59348995638,17094997365,0,494936,
1,-201560,-201460,47491927,0,-201818,33709009638542186014,59348995638,17094997365,0,494937,
1,-201560,-201460,47493727,0,-201818,33709009638542186014,59348995638,17094997365,0,494938,
1,-201560,-201460,47495527,0,-201818,33709009638542186014,59348995638,17094997365,0,494939,
1,-201560,-201460,47497327,0,-201818,33709009638542186014,59348995638,17094997365,0,494940,
1,-201560,-201460,47499127,0,-201818,33709009638542186014,59348995638,17094997365,0,494941,
1,-201560,-201460,47500927,0,-201818,33709009638542186014,59348995638,17094997365,0,494942,
1,-201560,-201460,47502727,0,-201818,33709009638542186014,59348995638,17094997365,0,494943,
1,-201560,-201460,47504527,0,-201818,33709009638542186014,59348995638,17094997365,0,494944,
1,-201560,-201460,47506327,0,-201818,33709009638542186014,59348995638,17094997365,0,494945,
1,-201560,-201460,47342678,0,-201818,0,0,17094997365,0,494854,mint
1,-201560,-201460,47507537,0,-202059,33709009638542186014,59348995638,0,0,494945,burn
1,-201260,-201160,47344327,1,-202008,0,0,16840498642,16840498641,494855,
1,-201260,-201160,47346127,1,-201438,0,0,16840498642,16840498641,494856,
1,-201260,-201160,47347927,1,-201438,0,0,16840498642,16840498641,494857,
1,-201260,-201160,47349727,1,-201438,0,0,16840498642,16840498641,494858,
1,-201260,-201160,47351527,1,-201438,0,0,16840498642,16840498641,494859,
1,-201260,-201160,47353327,1,-201438,0,0,16840498642,16840498641,494860,
1,-201260,-201160,47355127,1,-201438,0,0,16840498642,16840498641,494861,
1,-201260,-201160,47356927,1,-201438,0,0,16840498642,16840498641,494862,
1,-201260,-201160,47358727,1,-201438,0,0,16840498642,16840498641,494863,
1,-201260,-201160,47360527,1,-201438,0,0,16840498642,16840498641,494864,
1,-201260,-201160,47362327,1,-201438,0,0,16840498642,16840498641,494865,
1,-201260,-201160,47364127,1,-201438,0,0,16840498642,16840498641,494866,
1,-201260,-201160,47365927,1,-201438,0,0,16840498642,16840498641,494867,
1,-201260,-201160,47367727,1,-201438,0,0,16840498642,16840498641,494868,
1,-201260,-201160,47369527,1,-201438,0,0,16840498642,16840498641,494869,
1,-201260,-201160,47371327,1,-201438,1065350970268492686,1232302411,16840498642,16840498641,494870,
1,-201260,-201160,47373127,1,-201438,1065350970268492686,1232302411,16840498642,16840498641,494871,
1,-201260,-201160,47374927,1,-201438,0,0,16840498642,16840498641,494872,
1,-201260,-201160,47376727,1,-201438,0,0,16840498642,16840498641,494873,
1,-201260,-201160,47378527,1,-201438,0,0,16840498642,16840498641,494874,
1,-201260,-201160,47380327,1,-201438,0,0,16840498642,16840498641,494875,
1,-201260,-201160,47382127,1,-201438,0,0,16840498642,16840498641,494876,
1,-201260,-201160,47383927,1,-201438,8928987350549358031,16019931345,16840498642,16840498641,494877,
1,-201260,-201160,47385727,1,-201438,9051014783185846277,16019931345,16840498642,16840498641,494878,
1,-201260,-201160,47387527,1,-201438,9051014783185846277,16019931345,16840498642,16840498641,494879,
1,-201260,-201160,47389327,1,-201427,9051014783185846277,16019931345,16840498642,16840498641,494880,
1,-201260,-201160,47391127,1,-201427,9051014783185846277,16019931345,16840498642,16840498641,494881,
1,-201260,-201160,47392927,1,-201427,9051014783185846277,16019931345,16840498642,16840498641,494882,
1,-201260,-201160,47394727,1,-201427,9051014783185846277,16019931345,16840498642,16840498641,494883,
1,-201260,-201160,47396527,1,-201427,9051014783185846277,16019931345,16840498642,16840498641,494884,
1,-201260,-201160,47398327,1,-201427,9051014783185846277,16019931345,16840498642,16840498641,494885,
1,-201260,-201160,47400127,1,-201427,9051014783185846277,16019931345,16840498642,16840498641,494886,
1,-201260,-201160,47401927,1,-201427,9051014783185846277,16019931345,16840498642,16840498641,494887,
1,-201260,-201160,47403727,1,-201427,9051014783185846277,16019931345,16840498642,16840498641,494888,
1,-201260,-201160,47405527,1,-201427,9051014783185846277,16019931345,16840498642,16840498641,494889,
1,-201260,-201160,47407327,1,-201427,9051014783185846277,16019931345,16840498642,16840498641,494890,
1,-201260,-201160,47409127,1,-201427,9051014783185846277,16019931345,16840498642,16840498641,494891,
1,-201260,-201160,47410927,1,-201427,9051014783185846277,16019931345,16840498642,16840498641,494892,
1,-201260,-201160,47412727,1,-201427,11114338882650650087,19716838579,16840498642,16840498641,494893,
1,-201260,-201160,47414527,1,-201427,11114338882650650087,19716838579,16840498642,16840498641,494894,
1,-201260,-201160,47416327,1,-201427,11114338882650650087,19716838579,16840498642,16840498641,494895,
1,-201260,-201160,47418127,1,-201427,11114338882650650087,19716838579,16840498642,16840498641,494896,
1,-201260,-201160,47419927,1,-201427,11114338882650650087,19716838579,16840498642,16840498641,494897,
1,-201260,-201160,47421727,1,-201427,11114338882650650087,19716838579,16840498642,16840498641,494898,
1,-201260,-201160,47423527,1,-201427,11114338882650650087,19716838579,16840498642,16840498641,494899,
1,-201260,-201160,47425327,1,-201427,11114338882650650087,19716838579,16840498642,16840498641,494900,
1,-201260,-201160,47427127,1,-201427,11114338882650650087,19716838579,16840498642,16840498641,494901,
1,-201260,-201160,47428927,1,-201427,11114338882650650087,19716838579,16840498642,16840498641,494902,
1,-201260,-201160,47430727,1,-201427,11114338882650650087,19716838579,16840498642,16840498641,494903,
1,-201260,-201160,47432527,1,-201558,11114338882650650087,19716838579,16840498642,16840498641,494904,
1,-201260,-201160,47434327,1,-201558,11114338882650650087,19716838579,16840498642,16840498641,494905,
1,-201260,-201160,47436127,1,-201558,11114338882650650087,19716838579,16840498642,16840498641,494906,
1,-201260,-201160,47437927,1,-201558,11114338882650650087,19716838579,16840498642,16840498641,494907,
1,-201260,-201160,47439727,1,-201558,11114338882650650087,19716838579,16840498642,16840498641,494908,
1,-201260,-201160,47441527,1,-201558,11114338882650650087,19716838579,16840498642,16840498641,494909,
1,-201260,-201160,47443327,1,-201558,11114338882650650087,19716838579,16840498642,16840498641,494910,
1,-201260,-201160,47445127,1,-201558,11114338882650650087,19716838579,16840498642,16840498641,494911,
1,-201260,-201160,47446927,1,-201558,11114338882650650087,19716838579,16840498642,16840498641,494912,
1,-201260,-201160,47448727,1,-201558,11114338882650650087,19716838579,16840498642,16840498641,494913,
1,-201260,-201160,47450527,1,-201558,11114338882650650087,19716838579,16840498642,16840498641,494914,
1,-201260,-201160,47452327,1,-201558,11114338882650650087,19716838579,16840498642,16840498641,494915,
1,-201260,-201160,47454127,1,-201558,11114338882650650087,19716838579,16840498642,16840498641,494916,
1,-201260,-201160,47455927,1,-201558,11114338882650650087,19716838579,16840498642,16840498641,494917,
1,-201260,-201160,47457727,1,-201558,11114338882650650087,19716838579,16840498642,16840498641,494918,
1,-201260,-201160,47459527,1,-201558,11114338882650650087,19716838579,16840498642,16840498641,494919,
1,-201260,-201160,47461327,1,-201558,11114338882650650087,19716838579,16840498642,16840498641,494920,
1,-201260,-201160,47463127,1,-201558,11114338882650650087,19716838579,16840498642,16840498641,494921,
1,-201260,-201160,47464927,1,-201558,11114338882650650087,19716838579,16840498642,16840498641,494922,
1,-201260,-201160,47466727,1,-201558,11114338882650650087,19716838579,16840498642,16840498641,494923,
1,-201260,-201160,47468527,1,-201558,11114338882650650087,19716838579,16840498642,16840498641,494924,
1,-201260,-201160,47470327,1,-201558,11114338882650650087,19716838579,16840498642,16840498641,494925,
1,-201260,-201160,47472127,1,-201558,11114338882650650087,19716838579,16840498642,16840498641,494926,
1,-201260,-201160,47473927,1,-201558,11114338882650650087,19716838579,16840498642,16840498641,494927,
1,-201260,-201160,47475727,1,-201818,11114338882650650087,19716838579,16840498642,16840498641,494928,
1,-201260,-201160,47477527,1,-201818,11114338882650650087,19716838579,16840498642,16840498641,494929,
1,-201260,-201160,47479327,1,-201818,11114338882650650087,19716838579,16840498642,16840498641,494930,
1,-201260,-201160,47481127,1,-201818,11114338882650650087,19716838579,16840498642,16840498641,494931,
1,-201260,-201160,47482927,1,-201818,11114338882650650087,19716838579,16840498642,16840498641,494932,
1,-201260,-201160,47484727,1,-201818,11114338882650650087,19716838579,16840498642,16840498641,494933,
1,-201260,-201160,47486527,1,-201818,11114338882650650087,19716838579,16840498642,16840498641,494934,
1,-201260,-201160,47488327,1,-201818,11114338882650650087,19716838579,16840498642,16840498641,494935,
1,-201260,-201160,47490127,1,-201818,11114338882650650087,19716838579,16840498642,16840498641,494936,
1,-201260,-201160,47491927,1,-201818,11114338882650650087,19716838579,16840498642,16840498641,494937,
1,-201260,-201160,47493727,1,-201818,11114338882650650087,19716838579,16840498642,16840498641,494938,
1,-201260,-201160,47495527,1,-201818,11114338882650650087,19716838579,16840498642,16840498641,494939,
1,-201260,-201160,47497327,1,-201818,11114338882650650087,19716838579,16840498642,16840498641,494940,
1,-201260,-201160,47499127,1,-201818,11114338882650650087,19716838579,16840498642,16840498641,494941,
1,-201260,-201160,47500927,1,-201818,11114338882650650087,19716838579,16840498642,16840498641,494942,
1,-201260,-201160,47502727,1,-201818,11114338882650650087,19716838579,16840498642,16840498641,494943,
1,-201260,-201160,47504527,1,-201818,11114338882650650087,19716838579,16840498642,16840498641,494944,
1,-201260,-201160,47506327,1,-201818,11114338882650650087,19716838579,16840498642,16840498641,494945,
1,-201260,-201160,47342678,1,-201818,0,0,16840498642,16840498641,494854,mint
1,-201260,-201160,47507537,1,-202059,11114338882650650087,19716838579,0,0,494945,burn
1,-201260,-201160,47344327,0,-202008,0,0,16840498642,16840498641,494855,
1,-201260,-201160,47346127,0,-201438,0,0,16840498642,16840498641,494856,
1,-201260,-201160,47347927,0,-201438,0,0,16840498642,16840498641,494857,
1,-201260,-201160,47349727,0,-201438,0,0,16840498642,16840498641,494858,
1,-201260,-201160,47351527,0,-201438,0,0,16840498642,16840498641,494859,
1,-201260,-201160,47353327,0,-201438,0,0,16840498642,16840498641,494860,
1,-201260,-201160,47355127,0,-201438,0,0,16840498642,16840498641,494861,
1,-201260,-201160,47356927,0,-201438,0,0,16840498642,16840498641,494862,
1,-201260,-201160,47358727,0,-201438,0,0,16840498642,16840498641,494863,
1,-201260,-201160,47360527,0,-201438,0,0,16840498642,16840498641,494864,
1,-201260,-201160,47362327,0,-201438,0,0,16840498642,16840498641,494865,
1,-201260,-201160,47364127,0,-201438,0,0,16840498642,16840498641,494866,
1,-201260,-201160,47365927,0,-201438,0,0,16840498642,16840498641,494867,
1,-201260,-201160,47367727,0,-201438,0,0,16840498642,16840498641,494868,
1,-201260,-201160,47369527,0,-201438,0,0,16840498642,16840498641,494869,
1,-201260,-201160,47371327,0,-201438,1006164805261581707,1163841166,16840498642,16840498641,494870,
1,-201260,-201160,47373127,0,-201438,1006164805261581707,1163841166,16840498642,16840498641,494871,
1,-201260,-201160,47374927,0,-201438,0,0,16840498642,16840498641,494872,
1,-201260,-201160,47376727,0,-201438,0,0,16840498642,16840498641,494873,
1,-201260,-201160,47378527,0,-201438,0,0,16840498642,16840498641,494874,
1,-201260,-201160,47380327,0,-201438,0,0,16840498642,16840498641,494875,
1,-201260,-201160,47382127,0,-201438,0,0,16840498642,16840498641,494876,
1,-201260,-201160,47383927,0,-201438,8432932497808154737,15129935159,16840498642,16840498641,494877,
1,-201260,-201160,47385727,0,-201438,8548180628632421688,15129935159,16840498642,16840498641,494878,
1,-201260,-201160,47387527,0,-201438,8548180628632421688,15129935159,16840498642,16840498641,494879,
1,-201260,-201160,47389327,0,-201427,8548180628632421688,15129935159,16840498642,16840498641,494880,
1,-201260,-201160,47391127,0,-201427,8548180628632421688,15129935159,16840498642,16840498641,494881,
1,-201260,-201160,47392927,0,-201427,8548180628632421688,15129935159,16840498642,16840498641,494882,
1,-201260,-201160,47394727,0,-201427,8548180628632421688,15129935159,16840498642,16840498641,494883,
1,-201260,-201160,47396527,0,-201427,8548180628632421688,15129935159,16840498642,16840498641,494884,
1,-201260,-201160,47398327,0,-201427,8548180628632421688,15129935159,16840498642,16840498641,494885,
1,-201260,-201160,47400127,0,-201427,8548180628632421688,15129935159,16840498642,16840498641,494886,
1,-201260,-201160,47401927,0,-201427,8548180628632421688,15129935159,16840498642,16840498641,494887,
1,-201260,-201160,47403727,0,-201427,8548180628632421688,15129935159,16840498642,16840498641,494888,
1,-201260,-201160,47405527,0,-201427,8548180628632421688,15129935159,16840498642,16840498641,494889,
1,-201260,-201160,47407327,0,-201427,8548180628632421688,15129935159,16840498642,16840498641,494890,
1,-201260,-201160,47409127,0,-201427,8548180628632421688,15129935159,16840498642,16840498641,494891,
1,-201260,-201160,47410927,0,-201427,8548180628632421688,15129935159,16840498642,16840498641,494892,
1,-201260,-201160,47412727,0,-201427,10496875611475796224,18621458658,16840498642,16840498641,494893,
1,-201260,-201160,47414527,0,-201427,10496875611475796224,18621458658,16840498642,16840498641,494894,
1,-201260,-201160,47416327,0,-201427,10496875611475796224,18621458658,16840498642,16840498641,494895,
1,-201260,-201160,47418127,0,-201427,10496875611475796224,18621458658,16840498642,16840498641,494896,
1,-201260,-201160,47419927,0,-201427,10496875611475796224,18621458658,16840498642,16840498641,494897,
1,-201260,-201160,47421727,0,-201427,10496875611475796224,18621458658,16840498642,16840498641,494898,
1,-201260,-201160,47423527,0,-201427,10496875611475796224,18621458658,16840498642,16840498641,494899,
1,-201260,-201160,47425327,0,-201427,10496875611475796224,18621458658,16840498642,16840498641,494900,
1,-201260,-201160,47427127,0,-201427,10496875611475796224,18621458658,16840498642,16840498641,494901,
1,-201260,-201160,47428927,0,-201427,10496875611475796224,18621458658,16840498642,16840498641,494902,
1,-201260,-201160,47430727,0,-201427,10496875611475796224,18621458658,16840498642,16840498641,494903,
1,-201260,-201160,47432527,0,-201558,10496875611475796224,18621458658,16840498642,16840498641,494904,
1,-201260,-201160,47434327,0,-201558,10496875611475796224,18621458658,16840498642,16840498641,494905,
1,-201260,-201160,47436127,0,-201558,10496875611475796224,18621458658,16840498642,16840498641,494906,
1,-201260,-201160,47437927,0,-201558,10496875611475796224,18621458658,16840498642,16840498641,494907,
1,-201260,-201160,47439727,0,-201558,10496875611475796224,18621458658,16840498642,16840498641,494908,
1,-201260,-201160,47441527,0,-201558,10496875611475796224,18621458658,16840498642,16840498641,494909,
1,-201260,-201160,47443327,0,-201558,10496875611475796224,18621458658,16840498642,16840498641,494910,
1,-201260,-201160,47445127,0,-201558,10496875611475796224,18621458658,16840498642,16840498641,494911,
1,-201260,-201160,47446927,0,-201558,10496875611475796224,18621458658,16840498642,16840498641,494912,
1,-201260,-201160,47448727,0,-201558,10496875611475796224,18621458658,16840498642,16840498641,494913,
1,-201260,-201160,47450527,0,-201558,10496875611475796224,18621458658,16840498642,16840498641,494914,
1,-201260,-201160,47452327,0,-201558,10496875611475796224,18621458658,16840498642,16840498641,494915,
1,-201260,-201160,47454127,0,-201558,10496875611475796224,18621458658,16840498642,16840498641,494916,
1,-201260,-201160,47455927,0,-201558,10496875611475796224,18621458658,16840498642,16840498641,494917,
1,-201260,-201160,47457727,0,-201558,10496875611475796224,18621458658,16840498642,16840498641,494918,
1,-201260,-201160,47459527,0,-201558,10496875611475796224,18621458658,16840498642,16840498641,494919,
1,-201260,-201160,47461327,0,-201558,10496875611475796224,18621458658,16840498642,16840498641,494920,
1,-201260,-201160,47463127,0,-201558,10496875611475796224,18621458658,16840498642,16840498641,494921,
1,-201260,-201160,47464927,0,-201558,10496875611475796224,18621458658,16840498642,16840498641,494922,
1,-201260,-201160,47466727,0,-201558,10496875611475796224,18621458658,16840498642,16840498641,494923,
1,-201260,-201160,47468527,0,-201558,10496875611475796224,18621458658,16840498642,16840498641,494924,
1,-201260,-201160,47470327,0,-201558,10496875611475796224,18621458658,16840498642,16840498641,494925,
1,-201260,-201160,47472127,0,-201558,10496875611475796224,18621458658,16840498642,16840498641,494926,
1,-201260,-201160,47473927,0,-201558,10496875611475796224,18621458658,16840498642,16840498641,494927,
1,-201260,-201160,47475727,0,-201818,10496875611475796224,18621458658,16840498642,16840498641,494928,
1,-201260,-201160,47477527,0,-201818,10496875611475796224,18621458658,16840498642,16840498641,494929,
1,-201260,-201160,47479327,0,-201818,10496875611475796224,18621458658,16840498642,16840498641,494930,
1,-201260,-201160,47481127,0,-201818,10496875611475796224,18621458658,16840498642,16840498641,494931,
1,-201260,-201160,47482927,0,-201818,10496875611475796224,18621458658,16840498642,16840498641,494932,
1,-201260,-201160,47484727,0,-201818,10496875611475796224,18621458658,16840498642,16840498641,494933,
1,-201260,-201160,47486527,0,-201818,10496875611475796224,18621458658,16840498642,16840498641,494934,
1,-201260,-201160,47488327,0,-201818,10496875611475796224,18621458658,16840498642,16840498641,494935,
1,-201260,-201160,47490127,0,-201818,10496875611475796224,18621458658,16840498642,16840498641,494936,
1,-201260,-201160,47491927,0,-201818,10496875611475796224,18621458658,16840498642,16840498641,494937,
1,-201260,-201160,47493727,0,-201818,10496875611475796224,18621458658,16840498642,16840498641,494938,
1,-201260,-201160,47495527,0,-201818,10496875611475796224,18621458658,16840498642,16840498641,494939,
1,-201260,-201160,47497327,0,-201818,10496875611475796224,18621458658,16840498642,16840498641,494940,
1,-201260,-201160,47499127,0,-201818,10496875611475796224,18621458658,16840498642,16840498641,494941,
1,-201260,-201160,47500927,0,-201818,10496875611475796224,18621458658,16840498642,16840498641,494942,
1,-201260,-201160,47502727,0,-201818,10496875611475796224,18621458658,16840498642,16840498641,494943,
1,-201260,-201160,47504527,0,-201818,10496875611475796224,18621458658,16840498642,16840498641,494944,
1,-201260,-201160,47506327,0,-201818,10496875611475796224,18621458658,16840498642,16840498641,494945,
1,-201260,-201160,47342678,0,-201818,0,0,16840498642,16840498641,494854,mint
1,-201260,-201160,47507537,0,-202059,10496875611475796224,18621458658,0,0,494945,burn
0,-202580,-200180,46867327,0,-201119,8004899404076023197,19852530779,353091644887,0,494590,
0,-202580,-200180,46869127,0,-201119,13775832329277232610,28211491107,353091644887,0,494591,
0,-202580,-200180,46870927,0,-201519,18126497108830982063,34532954855,353091644887,0,494592,
0,-202580,-200180,46872727,0,-201519,28499827477224812171,50937414499,353091644887,0,494593,
0,-202580,-200180,46874527,0,-201519,45520738015717432493,77215896030,353091644887,0,494594,
0,-202580,-200180,46876327,0,-201519,57420892067573088929,98896949381,353091644887,0,494595,
0,-202580,-200180,46878127,0,-201519,61665667485014780164,111069685359,353091644887,0,494596,
0,-202580,-200180,46879927,0,-201519,64402492786948200459,115667113540,353091644887,0,494597,
0,-202580,-200180,46881727,0,-201519,69303279660506282759,122249794798,353091644887,0,494598,
0,-202580,-200180,46883527,0,-201519,73692149968499634412,130660998628,353091644887,0,494599,
0,-202580,-200180,46885327,0,-201519,77592200361786132584,136303296850,353091644887,0,494600,
0,-202580,-200180,46887127,0,-201519,82494796245385918574,144505526672,353091644887,0,494601,
0,-202580,-200180,46888927,0,-201519,88549090907787798137,154275061555,353091644887,0,494602,
0,-202580,-200180,46890727,0,-201519,95833869008304730254,163887865932,353091644887,0,494603,
0,-202580,-200180,46892527,0,-201519,100455822100112735275,173448426808,353091644887,0,494604,
0,-202580,-200180,46894327,0,-201519,106055859362872575163,186300328312,353091644887,0,494605,
0,-202580,-200180,46896127,0,-201519,112843084756161856317,199152229816,353091644887,0,494606,
0,-202580,-200180,46897927,0,-201519,117896998192068599367,206884268120,353091644887,0,494607,
0,-202580,-200180,46899727,0,-201519,121933532104054248503,214459575917,353091644887,0,494608,
0,-202580,-200180,46901527,0,-201519,124838094099929900737,219004760596,353091644887,0,494609,
0,-202580,-200180,46903327,0,-201519,128498227093206315626,225065006834,353091644887,0,494610,
0,-202580,-200180,46905127,0,-201519,131073366264624705441,230550574549,353091644887,0,494611,
0,-202580,-200180,46906927,0,-201519,133227947022852198410,234416593701,353091644887,0,494612,
0,-202580,-200180,46908727,0,-201519,135288200107317891505,237707934330,353091644887,0,494613,
0,-202580,-200180,46910527,0,-201519,138512956128164180339,241991901498,353091644887,0,494614,
0,-202580,-200180,46912327,0,-201519,143623254121294318027,251918166888,353091644887,0,494615,
0,-202580,-200180,46914127,0,-202287,145868752206815396415,255888673043,353091644887,0,494616,
0,-202580,-200180,46915927,0,-202287,149194397967500440639,260642831730,353091644887,0,494617,
0,-202580,-200180,46917727,0,-202287,153761852507973154885,268009165519,353091644887,0,494618,
0,-202580,-200180,46919527,0,-202287,159538608788409547076,275532229814,353091644887,0,494619,
0,-202580,-200180,46921327,0,-202287,166056556650682851101,286660095751,353091644887,0,494620,
0,-202580,-200180,46923127,0,-202287,170554782696479415137,296063926120,353091644887,0,494621,
0,-202580,-200180,46924927,0,-202287,181387138819537677248,307818714082,353091644887,0,494622,
0,-202580,-200180,46926727,0,-202287,209988169593219157261,351964473315,353091644887,0,494623,
0,-202580,-200180,46928527,0,-202287,221064331747315075322,372861874135,353091644887,0,494624,
0,-202580,-200180,46930327,0,-202287,228521993756381532871,383676279059,353091644887,0,494625,
0,-202580,-200180,46932127,0,-202287,234996202668444668133,396580424066,353091644887,0,494626,
0,-202580,-200180,46933927,0,-202287,237978016896856164861,400916634736,353091644887,0,494627,
0,-202580,-200180,46935727,0,-202287,241582082085680066016,405514062916,353091644887,0,494628,
0,-202580,-200180,46937527,0,-202287,250617112881622622365,419724295474,353091644887,0,494629,
0,-202580,-200180,46939327,0,-202287,260568079949579816263,431583570440,353091644887,0,494630,
0,-202580,-200180,46941127,0,-202287,280870989334671030568,462563967156,353091644887,0,494631,
0,-202580,-200180,46942927,0,-202287,23699521595811104178896,62463741626272,353091644887,0,494632,
0,-202580,-200180,46944727,0,-202287,290020109853484062569,478028043763,353091644887,0,494633,
0,-202580,-200180,46946527,0,-202287,23717132644212939346266,62492632282906,353091644887,0,494634,
0,-202580,-200180,46948327,0,-202287,23729081375808385947726,62506685784958,353091644887,0,494635,
0,-202580,-200180,46950127,0,-202287,23742654190018571830560,62530195360880,353091644887,0,494636,
0,-202580,-200180,46951927,0,-202287,298830790417029001069,491611354296,353091644887,0,494637,
0,-202580,-200180,46953727,0,-202287,304497791549991261095,501485376183,353091644887,0,494638,
0,-202580,-200180,46955527,0,-202287,311850445045116157213,511829589589,353091644887,0,494639,
0,-202580,-200180,46957327,0,-202791,313192038276919971328,513501381655,353091644887,0,494640,
0,-202580,-200180,46959127,0,-202791,315499647120166551700,517210670301,353091644887,0,494641,
0,-202580,-200180,46960927,0,-202791,315646999316847798567,517419644309,353091644887,0,494642,
0,-202580,-200180,46962727,0,-202791,315646999316847798567,517419644309,353091644887,0,494643,
0,-202580,-200180,46964527,0,-202791,315646999316847798567,517419644309,353091644887,0,494644,
0,-202580,-200180,46966327,0,-202791,315646999316847798567,517419644309,353091644887,0,494645,
0,-202580,-200180,46968127,0,-202791,315646999316847798567,517419644309,353091644887,0,494646,
0,-202580,-200180,46969927,0,-202791,315646999316847798567,517419644309,353091644887,0,494647,
0,-202580,-200180,46971727,0,-202791,315646999316847798567,517419644309,353091644887,0,494648,
0,-202580,-200180,46973527,0,-202791,315646999316847798567,517419644309,353091644887,0,494649,
0,-202580,-200180,46975327,0,-202791,315646999316847798567,517419644309,353091644887,0,494650,
0,-202580,-200180,46977127,0,-202791,315646999316847798567,517419644309,353091644887,0,494651,
0,-202580,-200180,46978927,0,-202791,315646999316847798567,517419644309,353091644887,0,494652,
0,-202580,-200180,46980727,0,-202791,315646999316847798567,517419644309,353091644887,0,494653,
0,-202580,-200180,46982527,0,-202791,315646999316847798567,517419644309,353091644887,0,494654,
0,-202580,-200180,46984327,0,-202791,315646999316847798567,517419644309,353091644887,0,494655,
0,-202580,-200180,46986127,0,-202791,315646999316847798567,517419644309,353091644887,0,494656,
0,-202580,-200180,46987927,0,-202791,315646999316847798567,517419644309,353091644887,0,494657,
0,-202580,-200180,46989727,0,-202791,315646999316847798567,517419644309,353091644887,0,494658,
0,-202580,-200180,46991527,0,-202791,315646999316847798567,517419644309,353091644887,0,494659,
0,-202580,-200180,46993327,0,-202791,315646999316847798567,517419644309,353091644887,0,494660,
0,-202580,-200180,46995127,0,-202791,315646999316847798567,517419644309,353091644887,0,494661,
0,-202580,-200180,46996927,0,-202791,315646999316847798567,517419644309,353091644887,0,494662,
0,-202580,-200180,46998727,0,-202791,315646999316847798567,517419644309,353091644887,0,494663,
0,-202580,-200180,47000527,0,-202378,23859170430023036300005,62711323582490,353091644887,0,494664,
0,-202580,-200180,47002327,0,-202378,23860759733424605273928,62713413322572,353091644887,0,494665,
0,-202580,-200180,47004127,0,-202378,23864519562511977876262,62722190230916,353091644887,0,494666,
0,-202580,-200180,47005927,0,-202378,23866479709041086038344,62725586058550,353091644887,0,494667,
0,-202580,-200180,47007727,0,-202378,316669373375883426631,519091436374,353091644887,0,494668,
0,-202580,-200180,47009527,0,-202378,316983148464627883726,519927332407,353091644887,0,494669,
0,-202580,-200180,47011327,0,-202378,319646609094949379689,524994952106,353091644887,0,494670,
0,-202580,-200180,47013127,0,-202378,322393769430374102738,530428276319,353091644887,0,494671,
0,-202580,-200180,47014927,0,-202378,323913901964827567899,533197181928,353091644887,0,494672,
0,-202580,-200180,47016727,0,-202378,326711040088761133668,540563515717,353091644887,0,494673,
0,-202580,-200180,47018527,0,-202378,330016094974417824760,545160943898,353091644887,0,494674,
0,-202580,-200180,47020327,0,-202378,332389005638744146462,548191067017,353091644887,0,494675,
0,-202580,-200180,47022127,0,-202378,333498776830947542345,550489781107,353091644887,0,494676,
0,-202580,-200180,47023927,0,-202378,339255336753265803639,558639767427,353091644887,0,494677,
0,-202580,-200180,47025727,0,-202378,341664972552946759438,562244569068,353091644887,0,494678,
0,-202580,-200180,47027527,0,-202378,344803170056924998593,568513789314,353091644887,0,494679,
0,-202580,-200180,47029327,0,-202378,347143334714215624485,572536538972,353091644887,0,494680,
0,-202580,-200180,47031127,0,-202378,348909063548489202170,575200957577,353091644887,0,494681,
0,-202580,-200180,47032927,0,-202378,350265656025669340628,577917619683,353091644887,0,494682,
0,-202580,-200180,47034727,0,-202378,351422144200877738428,579641655251,353091644887,0,494683,
0,-202580,-200180,47036527,0,-202378,357337145296900458478,587164719546,353091644887,0,494684,
0,-202580,-200180,47038327,0,-202378,358838587077624275917,591396443212,353091644887,0,494685,
0,-202580,-200180,47040127,0,-202378,359948651730407841959,593851887809,353091644887,0,494686,
0,-202580,-200180,47041927,0,-202378,384713616538367264444,639773926111,353091644887,0,494687,
0,-202580,-200180,47043727,0,-202043,389186461349097775800,649334486987,353091644887,0,494688,
0,-202580,-200180,47045527,0,-202043,393479552838507765002,657379986302,353091644887,0,494689,
0,-202580,-200180,47047327,0,-202043,399666824718284017238,666574842663,353091644887,0,494690,
0,-202580,-200180,47049127,0,-202043,402249388534083731241,670597592321,353091644887,0,494691,
0,-202580,-200180,47050927,0,-202043,404169334478860373424,673314254428,353091644887,0,494692,
0,-202580,-200180,47052727,0,-202043,407862188656038189287,677075786575,353091644887,0,494693,
0,-202580,-200180,47054527,0,-202043,410844167594158149557,681359753744,353091644887,0,494694,
0,-202580,-200180,47056327,0,-202043,412560622152645533691,685748207916,353091644887,0,494695,
0,-202580,-200180,47058127,0,-202043,414834165598019790671,690293392594,353091644887,0,494696,
0,-202580,-200180,47059927,0,-202043,417817405414410812339,694002681240,353091644887,0,494697,
0,-202580,-200180,47061727,0,-202043,420225948106632685935,698965813935,353091644887,0,494698,
0,-202580,-200180,47063527,0,-202043,421966531575952626107,702048180556,353091644887,0,494699,
0,-202580,-200180,47065327,0,-202043,425242297951377115048,708944322826,353091644887,0,494700,
0,-202580,-200180,47067127,0,-202043,429960825164704686059,718086935685,353091644887,0,494701,
0,-202580,-200180,47068927,0,-202043,436040971688252523909,726968331034,353091644887,0,494702,
0,-202580,-200180,47070727,0,-202043,439941666111273054477,734543638831,353091644887,0,494703,
0,-202580,-200180,47072527,0,-202043,443750906717798276319,740917346081,353091644887,0,494704,
0,-202580,-200180,47074327,0,-202043,446307537099395686701,744469904221,353091644887,0,494705,
0,-202580,-200180,47076127,0,-202043,448934186564204069286,749171819405,353091644887,0,494706,
0,-202580,-200180,47077927,0,-202043,450947688691140698425,752358673030,353091644887,0,494707,
0,-202580,-200180,47079727,0,-202043,452715407736609518150,755388796149,353091644887,0,494708,
0,-202580,-200180,47081527,0,-202043,453895537152128022369,757896484248,353091644887,0,494709,
0,-202580,-200180,47083327,0,-202043,455894254078241864654,763016347449,353091644887,0,494710,
0,-202580,-200180,47085127,0,-202043,458086486594183680196,766568905588,353091644887,0,494711,
0,-202580,-200180,47086927,0,-202187,461532350458698601955,771114090267,353091644887,0,494712,
0,-202580,-200180,47088727,0,-202187,469449103314646192950,781197086162,353091644887,0,494713,
0,-202580,-200180,47090527,0,-202187,471832158728672960551,785846757845,353091644887,0,494714,
0,-202580,-200180,47092327,0,-202187,474363473426484672214,789869507503,353091644887,0,494715,
0,-202580,-200180,47094127,0,-202187,475631850166749950732,792168221593,353091644887,0,494716,
0,-202580,-200180,47095927,0,-202187,478335774249964614983,798698659349,353091644887,0,494717,
0,-202580,-200180,47097727,0,-202187,479979215986900120297,801572051962,353091644887,0,494718,
0,-202580,-200180,47099527,0,-202187,481349986872038560803,803661792044,353091644887,0,494719,
0,-202580,-200180,47101327,0,-202187,483092539829071541095,805908262632,353091644887,0,494720,
0,-202580,-200180,47103127,0,-202187,485549739282072223579,809513064274,353091644887,0,494721,
0,-202580,-200180,47104927,0,-202187,486866415923531340843,811184856339,353091644887,0,494722,
0,-202580,-200180,47106727,0,-202187,488086537000728525011,813744787940,353091644887,0,494723,
0,-202580,-200180,47108527,0,-202187,489106580509110698326,815103118993,353091644887,0,494724,
0,-202580,-200180,47110327,0,-202187,490890906695240574604,818655677133,353091644887,0,494725,
0,-202580,-200180,47112127,0,-202187,494831884074974551781,824141244848,353091644887,0,494726,
0,-202580,-200180,47113927,0,-202187,503586507870245567229,836105006818,353091644887,0,494727,
0,-202580,-200180,47115727,0,-202187,508512632150750961906,843157879594,353091644887,0,494728,
0,-202580,-200180,47117527,0,-202187,515662802527203153620,854285745531,353091644887,0,494729,
0,-202580,-200180,47119327,0,-202187,518817656155506702491,860763939785,353091644887,0,494730,
0,-202580,-200180,47121127,0,-202187,520772529950918901313,864995663452,353091644887,0,494731,
0,-202580,-200180,47122927,0,-202187,522800994024558244281,868861682603,353091644887,0,494732,
0,-202580,-200180,47124727,0,-202187,523940188554881950961,871055909689,353091644887,0,494733,
0,-202580,-200180,47126527,0,-202187,525309099975032929863,872153023232,353091644887,0,494734,
0,-202580,-200180,47128327,0,-202187,527169293918690820926,874190519812,353091644887,0,494735,
0,-202580,-200180,47130127,0,-202347,528882898860060769365,876907181919,353091644887,0,494736,
0,-202580,-200180,47131927,0,-202347,531222659969733895557,881400123095,353091644887,0,494737,
0,-202580,-200180,47133727,0,-202347,533568755866136308792,884482489716,353091644887,0,494738,
0,-202580,-200180,47135527,0,-202347,536625204986979532456,887878317350,353091644887,0,494739,
0,-202580,-200180,47137327,0,-202347,537966351994964083281,890647222958,353091644887,0,494740,
0,-202580,-200180,47139127,0,-202347,539544610448504851003,892736963040,353091644887,0,494741,
0,-202580,-200180,47140927,0,-202347,541143535103113559490,895610355653,353091644887,0,494742,
0,-202580,-200180,47142727,0,-202347,542398557855436711378,898118043752,353091644887,0,494743,
0,-202580,-200180,47144527,0,-202347,543309363936911633646,900469001344,353091644887,0,494744,
0,-202580,-200180,47146327,0,-202347,546158555082878365399,903081176446,353091644887,0,494745,
0,-202580,-200180,47148127,0,-202347,548985982688803382092,907887578635,353091644887,0,494746,
0,-202580,-200180,47149927,0,-202347,550151344794443107197,910290779729,353091644887,0,494747,
0,-202580,-200180,47151727,0,-202347,554030660688208998814,915567373437,353091644887,0,494748,
0,-202580,-200180,47153527,0,-202347,560414025051833950310,927844596418,353091644887,0,494749,
0,-202580,-200180,47155327,0,-202347,564789771386180176154,936778235269,353091644887,0,494750,
0,-202580,-200180,47157127,0,-202347,569522948375194709928,944040082054,353091644887,0,494751,
0,-202580,-200180,47158927,0,-202347,576304295748782872661,956421792040,353091644887,0,494752,
0,-202580,-200180,47160727,0,-202347,581434042072083212803,963056716801,353091644887,0,494753,
0,-202580,-200180,47162527,0,-202347,586213190522171126416,969796128565,353091644887,0,494754,
0,-202580,-200180,47164327,0,-202347,588892407419901457694,973975608729,353091644887,0,494755,
0,-202580,-200180,47166127,0,-202347,591191045653190529980,977684897375,353091644887,0,494756,
0,-202580,-200180,47167927,0,-202347,593721370341653758657,981812134037,353091644887,0,494757,
0,-202580,-200180,47169727,0,-202347,598019167686192010495,986514049221,353091644887,0,494758,
0,-202580,-200180,47171527,0,-202347,600577751242364458688,991372694912,353091644887,0,494759,
0,-202580,-200180,47173327,0,-202199,602424788982993104403,994873009549,353091644887,0,494760,
0,-202580,-200180,47175127,0,-202199,604025916766823957703,998321080685,353091644887,0,494761,
0,-202580,-200180,47176927,0,-202199,606024705888233283736,1003284213380,353091644887,0,494762,
0,-202580,-200180,47178727,0,-202199,607648452816007184017,1005635170972,353091644887,0,494763,
0,-202580,-200180,47180527,0,-202199,609848382687776732480,1010755034173,353091644887,0,494764,
0,-202580,-200180,47182327,0,-202199,610940231791008641101,1012792530753,353091644887,0,494765,
0,-202580,-200180,47184127,0,-202199,612123578957168319671,1013837400794,353091644887,0,494766,
0,-202580,-200180,47185927,0,-202199,613338868078312689099,1016606306402,353091644887,0,494767,
0,-202580,-200180,47187727,0,-202199,614242283464174302706,1017964637456,353091644887,0,494768,
0,-202580,-200180,47189527,0,-202199,614762776887735676229,1019479699015,353091644887,0,494769,
0,-202580,-200180,47191327,0,-202199,615439228208776525608,1020576812558,353091644887,0,494770,
0,-202580,-200180,47193127,0,-202199,616192700365224962883,1021830656608,353091644887,0,494771,
0,-202580,-200180,47194927,0,-202199,617442621832293214056,1024808536224,353091644887,0,494772,
0,-202580,-200180,47196727,0,-202199,621456302283213743000,1029719425417,353091644887,0,494773,
0,-202580,-200180,47198527,0,-202199,623976336601782494020,1034003392585,353091644887,0,494774,
0,-202580,-200180,47200327,0,-202199,627223739210605892045,1038235116251,353091644887,0,494775,
0,-202580,-200180,47202127,0,-202199,629987445721659388699,1042884787934,353091644887,0,494776,
0,-202580,-200180,47203927,0,-202199,631689165441955475770,1045183502024,353091644887,0,494777,
0,-202580,-200180,47205727,0,-202199,638522127101452985597,1061901422680,353091644887,0,494778,
0,-202580,-200180,47207527,0,-202199,641717458186050235906,1066916798877,353091644887,0,494779,
0,-202580,-200180,47209327,0,-202199,645048091787942140039,1072245636086,353091644887,0,494780,
0,-202580,-200180,47211127,0,-202199,646642133685648048795,1073760697646,353091644887,0,494781,
0,-202580,-200180,47212927,0,-202199,647522597764843395658,1075850437728,353091644887,0,494782,
0,-202580,-200180,47214727,0,-202199,648534806210527059902,1077522229793,353091644887,0,494783,
0,-202580,-200180,47216527,0,-202121,649559001031571203934,1078880560847,353091644887,0,494784,
0,-202580,-200180,47218327,0,-202121,651951517013611910029,1082851067003,353091644887,0,494785,
0,-202580,-200180,47220127,0,-202121,653193454444381710748,1084052667550,353091644887,0,494786,
0,-202580,-200180,47221927,0,-202121,653908182287975046926,1086403625142,353091644887,0,494787,
0,-202580,-200180,47223727,0,-202121,654679135377195407082,1087291764677,353091644887,0,494788,
0,-202580,-200180,47225527,0,-202121,655456795221289599952,1089172530751,353091644887,0,494789,
0,-202580,-200180,47227327,0,-202121,656788786190044239882,1089903939779,353091644887,0,494790,
0,-202580,-200180,47229127,0,-202121,658230019425387430322,1091575731845,353091644887,0,494791,
0,-202580,-200180,47230927,0,-202121,658824435555661862686,1093038549902,353091644887,0,494792,
0,-202580,-200180,47232727,0,-202121,659815546771271920290,1095964186017,353091644887,0,494793,
0,-202580,-200180,47234527,0,-202121,660479584769992656729,1097897195593,353091644887,0,494794,
0,-202580,-200180,47236327,0,-202121,661974133905312359041,1099777961667,353091644887,0,494795,
0,-202580,-200180,47238127,0,-202121,662966836130637094575,1101293023226,353091644887,0,494796,
0,-202580,-200180,47239927,0,-202121,664247346492431398960,1102546867276,353091644887,0,494797,
0,-202580,-200180,47241727,0,-202121,666592470881573823936,1105420259888,353091644887,0,494798,
0,-202580,-200180,47243527,0,-202121,669816871046276086515,1113988194225,353091644887,0,494799,
0,-202580,-200180,47245327,0,-202121,674697690980591845868,1119369274936,353091644887,0,494800,
0,-202580,-200180,47247127,0,-202121,676973757248641371991,1124593625141,353091644887,0,494801,
0,-202580,-200180,47248927,0,-202121,678347681239513149963,1126474391215,353091644887,0,494802,
0,-202580,-200180,47250727,0,-202121,679767606437393313835,1128720861803,353091644887,0,494803,
0,-202580,-200180,47252527,0,-202121,680785217706906823024,1130288166865,353091644887,0,494804,
0,-202580,-200180,47254327,0,-202121,681795116886514446462,1131750984922,353091644887,0,494805,
0,-202580,-200180,47256127,0,-202121,682089357360034175317,1132221176440,353091644887,0,494806,
0,-202580,-200180,47257927,0,-202121,682505266704641554963,1132691367959,353091644887,0,494807,
0,-202580,-200180,47259727,0,-202085,683241723919615690542,1134310916522,353091644887,0,494808,
0,-202580,-200180,47261527,0,-202085,683923344727347923120,1135669247576,353091644887,0,494809,
0,-202580,-200180,47263327,0,-202085,685311965471524925280,1138647127193,353091644887,0,494810,
0,-202580,-200180,47265127,0,-202085,686321843267031263369,1139639753732,353091644887,0,494811,
0,-202580,-200180,47266927,0,-202085,686813562210080626489,1140214432254,353091644887,0,494812,
0,-202580,-200180,47268727,0,-202085,687080238007641610139,1140632380271,353091644887,0,494813,
0,-202580,-200180,47270527,0,-202085,687479942379872491792,1141207058793,353091644887,0,494814,
0,-202580,-200180,47272327,0,-202085,687837974929994915299,1142356415838,353091644887,0,494815,
0,-202580,-200180,47274127,0,-202085,687994130412294659582,1143453529381,353091644887,0,494816,
0,-202580,-200180,47275927,0,-202085,688737218524995598396,1144498399422,353091644887,0,494817,
0,-202580,-200180,47277727,0,-202085,689034328761563049696,1144916347439,353091644887,0,494818,
0,-202580,-200180,47279527,0,-202085,689375859317707218277,1145438782459,353091644887,0,494819,
0,-202580,-200180,47281327,0,-202085,689643617906046203689,1146326921994,353091644887,0,494820,
0,-202580,-200180,47283127,0,-202085,689822559750573696460,1147058331023,353091644887,0,494821,
0,-202580,-200180,47284927,0,-202085,690991705942455579729,1148573392582,353091644887,0,494822,
0,-202580,-200180,47286727,0,-202085,691168836067697839469,1149148071105,353091644887,0,494823,
0,-202580,-200180,47288527,0,-202085,691805499780984162246,1150506402158,353091644887,0,494824,
0,-202580,-200180,47290327,0,-202085,693172227051559343307,1152125950722,353091644887,0,494825,
0,-202580,-200180,47292127,0,-202085,694613717181210748640,1154267934306,353091644887,0,494826,
0,-202580,-200180,47293927,0,-202085,695362046653033711727,1155887482869,353091644887,0,494827,
0,-202580,-200180,47295727,0,-202085,696525584850195522862,1158081709956,353091644887,0,494828,
0,-202580,-200180,47297527,0,-202085,697069973272250033100,1158604144976,353091644887,0,494829,
0,-202580,-200180,47299327,0,-202085,698149607388616734672,1161529781091,353091644887,0,494830,
0,-202580,-200180,47301127,0,-202085,698737351829385719178,1162052216111,353091644887,0,494831,
0,-202580,-200180,47302927,0,-202008,699235243335515194381,1162731381638,353091644887,0,494832,
0,-202580,-200180,47304727,0,-202008,699590227871208969874,1163567277671,353091644887,0,494833,
0,-202580,-200180,47306527,0,-202008,700093192409150706313,1164664391214,353091644887,0,494834,
0,-202580,-200180,47308327,0,-202008,700444271274389741324,1165134582732,353091644887,0,494835,
0,-202580,-200180,47310127,0,-202008,700940345678011288698,1165709261255,353091644887,0,494836,
0,-202580,-200180,47311927,0,-202008,701489008917150269841,1166283939777,353091644887,0,494837,
0,-202580,-200180,47313727,0,-202008,702072737506806828649,1167276566316,353091644887,0,494838,
0,-202580,-200180,47315527,0,-202008,702585268595236851014,1167955731843,353091644887,0,494839,
0,-202580,-200180,47317327,0,-202008,703313833763905242350,1169052845386,353091644887,0,494840,
0,-202580,-200180,47319127,0,-202008,703546530643307717033,1169470793403,353091644887,0,494841,
0,-202580,-200180,47320927,0,-202008,704179066478904270943,1170776880954,353091644887,0,494842,
0,-202580,-200180,47322727,0,-202008,704856925554082785264,1171456046480,353091644887,0,494843,
0,-202580,-200180,47324527,0,-202008,705125772643466790073,1171978481501,353091644887,0,494844,
0,-202580,-200180,47326327,0,-202008,705963150099081048232,1172448673019,353091644887,0,494845,
0,-202580,-200180,47328127,0,-202008,706548408779864475347,1173441299558,353091644887,0,494846,
0,-202580,-200180,47329927,0,-202008,708216054844157869884,1175322065632,353091644887,0,494847,
0,-202580,-200180,47331727,0,-202008,708770527631410337861,1176784883690,353091644887,0,494848,
0,-202580,-200180,47333527,0,-202008,709445477675130761407,1177620779722,353091644887,0,494849,
0,-202580,-200180,47335327,0,-202008,710087800741686525701,1178822380270,353091644887,0,494850,
0,-202580,-200180,47337127,0,-202008,710424049239139806504,1179292571788,353091644887,0,494851,
0,-202580,-200180,47338927,0,-202008,711384900834256045781,1181330068368,353091644887,0,494852,
0,-202580,-200180,47340727,0,-202008,711820823405796321718,1182740642923,353091644887,0,494853,
0,-202580,-200180,47342527,0,-202008,718430177600968355683,1199458563580,353091644887,0,494854,
0,-202580,-200180,47344327,0,-202008,722338129047497082131,1206406949352,353091644887,0,494855,
0,-202580,-200180,47346127,0,-201438,723939775829352928691,1209541559475,353091644887,0,494856,
0,-202580,-200180,47347927,0,-201438,725511759350134134206,1211735786562,353091644887,0,494857,
0,-202580,-200180,47349727,0,-201438,727192706913897823640,1214138987656,353091644887,0,494858,
0,-202580,-200180,47351527,0,-201438,727970706687338738122,1215601805713,353091644887,0,494859,
0,-202580,-200180,47353327,0,-201438,728600311863921196350,1217012380269,353091644887,0,494860,
0,-202580,-200180,47355127,0,-201438,729085924678451690521,1217534815289,353091644887,0,494861,
0,-202580,-200180,47356927,0,-201438,729552250062192867221,1218631928832,353091644887,0,494862,
0,-202580,-200180,47358727,0,-201438,730006570298960842324,1219467824865,353091644887,0,494863,
0,-202580,-200180,47360527,0,-201438,730702568778839018794,1220251477396,353091644887,0,494864,
0,-202580,-200180,47362327,0,-201438,731072424529214087782,1221244103935,353091644887,0,494865,
0,-202580,-200180,47364127,0,-201438,732095910798545322859,1222759165494,353091644887,0,494866,
0,-202580,-200180,47365927,0,-201438,734182998506130122259,1228558194222,353091644887,0,494867,
0,-202580,-200180,47367727,0,-201438,737088736568698041940,1236603693538,353091644887,0,494868,
0,-202580,-200180,47369527,0,-201438,738256365395290990906,1239999521171,353091644887,0,494869,
0,-202580,-200180,47371327,0,-201438,744221619177764010232,1254888919255,353091644887,0,494870,
0,-202580,-200180,47373127,0,-201438,747077834996510038337,1260165512962,353091644887,0,494871,
0,-202580,-200180,47374927,0,-201438,749657642722815775210,1268106525274,353091644887,0,494872,
0,-202580,-200180,47376727,0,-201438,752768004245731692128,1273748823496,353091644887,0,494873,
0,-202580,-200180,47378527,0,-201438,755280377034349754432,1276674459610,353091644887,0,494874,
0,-202580,-200180,47380327,0,-201438,756638455069302986714,1279234391211,353091644887,0,494875,
0,-202580,-200180,47382127,0,-201438,759645025413940402001,1283831819391,353091644887,0,494876,
0,-202580,-200180,47383927,0,-201438,760905907344188927250,1285660341963,353091644887,0,494877,
0,-202580,-200180,47385727,0,-201438,761882832213231572206,1286809699008,353091644887,0,494878,
0,-202580,-200180,47387527,0,-201438,765364198034786016430,1290832448666,353091644887,0,494879,
0,-202580,-200180,47389327,0,-201427,766723215300441235078,1293862571785,353091644887,0,494880,
0,-202580,-200180,47391127,0,-201427,768165021937528035686,1295847824863,353091644887,0,494881,
0,-202580,-200180,47392927,0,-201427,768956777901780833714,1297467373427,353091644887,0,494882,
0,-202580,-200180,47394727,0,-201427,771607932340986687258,1299713844015,353091644887,0,494883,
0,-202580,-200180,47396527,0,-201427,772495369254398664251,1302378262619,353091644887,0,494884,
0,-202580,-200180,47398327,0,-201427,774671158593193946993,1304259028693,353091644887,0,494885,
0,-202580,-200180,47400127,0,-201427,775578240403004835386,1305983064261,353091644887,0,494886,
0,-202580,-200180,47401927,0,-201427,776220826733605558591,1308125047845,353091644887,0,494887,
0,-202580,-200180,47403727,0,-201427,776942726773768707095,1309692352906,353091644887,0,494888,
0,-202580,-200180,47405527,0,-201427,778534710679298595831,1315543625136,353091644887,0,494889,
0,-202580,-200180,47407327,0,-201427,780711990833496288264,1318051313235,353091644887,0,494890,
0,-202580,-200180,47409127,0,-201427,781707636047353846926,1320297783823,353091644887,0,494891,
0,-202580,-200180,47410927,0,-201427,782553864055686108789,1322387523905,353091644887,0,494892,
0,-202580,-200180,47412727,0,-201427,786263669206297202030,1330850971237,353091644887,0,494893,
0,-202580,-200180,47414527,0,-201427,790942048501236261338,1337485895997,353091644887,0,494894,
0,-202580,-200180,47416327,0,-201427,796777137642339198282,1345844856325,353091644887,0,494895,
0,-202580,-200180,47418127,0,-201427,799462098179191403892,1351069206530,353091644887,0,494896,
0,-202580,-200180,47419927,0,-201427,801111068044899309012,1353367920621,353091644887,0,494897,
0,-202580,-200180,47421727,0,-201427,802797064136235301364,1358226566311,353091644887,0,494898,
0,-202580,-200180,47423527,0,-201427,804796354848813902917,1362301559471,353091644887,0,494899,
0,-202580,-200180,47425327,0,-201427,806749886685868380355,1365331682590,353091644887,0,494900,
0,-202580,-200180,47427127,0,-201427,807760771754640697558,1367369179170,353091644887,0,494901,
0,-202580,-200180,47428927,0,-201427,808507959754060120063,1368570779717,353091644887,0,494902,
0,-202580,-200180,47430727,0,-201427,809646498204268098356,1370608276297,353091644887,0,494903,
0,-202580,-200180,47432527,0,-201558,810294896679693334318,1371391928828,353091644887,0,494904,
0,-202580,-200180,47434327,0,-201558,810893352234967866182,1372698016379,353091644887,0,494905,
0,-202580,-200180,47436127,0,-201558,812630700544230982663,1376198331017,353091644887,0,494906,
0,-202580,-200180,47437927,0,-201558,814407947549166967573,1379071723630,353091644887,0,494907,
0,-202580,-200180,47439727,0,-201558,815516898061936691359,1380848002699,353091644887,0,494908,
0,-202580,-200180,47441527,0,-201558,816385503907379544137,1382572038267,353091644887,0,494909,
0,-202580,-200180,47443327,0,-201558,817198425523348792432,1383878125818,353091644887,0,494910,
0,-202580,-200180,47445127,0,-201558,818255626658230157611,1385445430880,353091644887,0,494911,
0,-202580,-200180,47446927,0,-201558,819719542212919006238,1387535170962,353091644887,0,494912,
0,-202580,-200180,47448727,0,-201558,822455660456363293188,1390251833068,353091644887,0,494913,
0,-202580,-200180,47450527,0,-201558,823592114679119096196,1392916251673,353091644887,0,494914,
0,-202580,-200180,47452327,0,-201558,824834721882713051756,1394692530743,353091644887,0,494915,
0,-202580,-200180,47454127,0,-201558,827105259601325499561,1398349575886,353091644887,0,494916,
0,-202580,-200180,47455927,0,-201558,830277886041988282418,1403260465079,353091644887,0,494917,
0,-202580,-200180,47457727,0,-201558,832552668106610386604,1407596675749,353091644887,0,494918,
0,-202580,-200180,47459527,0,-201558,837027688542448953205,1414754035530,353091644887,0,494919,
0,-202580,-200180,47461327,0,-201558,839212973835976340410,1420553064258,353091644887,0,494920,
0,-202580,-200180,47463127,0,-201558,841838195338964951879,1425098248936,353091644887,0,494921,
0,-202580,-200180,47464927,0,-201558,843744470924562882004,1430270355639,353091644887,0,494922,
0,-202580,-200180,47466727,0,-201558,855195058227112655094,1448660068361,353091644887,0,494923,
0,-202580,-200180,47468527,0,-201558,864379474183147759423,1460623830331,353091644887,0,494924,
0,-202580,-200180,47470327,0,-201558,866573384893073935977,1465848180536,353091644887,0,494925,
0,-202580,-200180,47472127,0,-201558,867708638884845981062,1466840807075,353091644887,0,494926,
0,-202580,-200180,47473927,0,-201558,869591654534087679878,1470393365214,353091644887,0,494927,
0,-202580,-200180,47475727,0,-201818,870095875298643542132,1472274131288,353091644887,0,494928,
0,-202580,-200180,47477527,0,-201818,871154944399313805081,1474416114872,353091644887,0,494929,
0,-202580,-200180,47479327,0,-201818,872143450566932125104,1476349124448,353091644887,0,494930,
0,-202580,-200180,47481127,0,-201818,873055495038044703066,1478177647020,353091644887,0,494931,
0,-202580,-200180,47482927,0,-201818,874955553543978910783,1480110656596,353091644887,0,494932,
0,-202580,-200180,47484727,0,-201818,877915674865250003872,1483872188743,353091644887,0,494933,
0,-202580,-200180,47486527,0,-201818,880329149416997384531,1487894938401,353091644887,0,494934,
0,-202580,-200180,47488327,0,-201818,881182946688919503051,1489932434981,353091644887,0,494935,
0,-202580,-200180,47490127,0,-201818,881900914636685722981,1492701340590,353091644887,0,494936,
0,-202580,-200180,47491927,0,-201818,882869924410843363012,1494216402149,353091644887,0,494937,
0,-202580,-200180,47493727,0,-201818,883836441452911122989,1495835950713,353091644887,0,494938,
0,-202580,-200180,47495527,0,-201818,884937889067743054047,1497873447293,353091644887,0,494939,
0,-202580,-200180,47497327,0,-201818,886188880827585285421,1499545239358,353091644887,0,494940,
0,-202580,-200180,47499127,0,-201818,886954974307588029920,1501634979440,353091644887,0,494941,
0,-202580,-200180,47500927,0,-201818,890031022746292888475,1505396511588,353091644887,0,494942,
0,-202580,-200180,47502727,0,-201818,892876081614987813172,1510777592299,353091644887,0,494943,
0,-202580,-200180,47504527,0,-201818,902440911742775220469,1520756101191,353091644887,0,494944,
0,-202580,-200180,47506327,0,-201818,912108466086851622430,1537212804337,353091644887,0,494945,
0,-202580,-200180,47508127,0,-201818,915509229700843620351,1542019206525,353091644887,0,494946,
0,-202580,-200180,47509927,0,-201818,917046877365620580686,1545206060151,353091644887,0,494947,
0,-202580,-200180,47511727,0,-201818,917867822212948770885,1548967592298,353091644887,0,494948,
0,-202580,-200180,47513527,0,-201818,918947298545841536778,1551370793393,353091644887,0,494949,
0,-202580,-200180,47515327,0,-201818,920492124895413316110,1553721750985,353091644887,0,494950,
0,-202580,-200180,47517127,0,-201818,921274166828644931934,1554975595034,353091644887,0,494951,
0,-202580,-200180,46866190,0,-201377,102291627658062,0,353091644887,0,494589,mint
0,-202580,-200180,47517841,0,-201904,921605993015628944050,1555498030055,0,0,494951,burn
1,-201690,-201590,47560327,0,-201948,0,0,504178282797,0,494975,
1,-201690,-201590,47562127,0,-201788,0,0,504178282797,0,494976,
1,-201690,-201590,47563927,0,-201788,0,0,504178282797,0,494977,
1,-201690,-201590,47565727,0,-201788,0,0,504178282797,0,494978,
1,-201690,-201590,47567527,0,-201788,0,0,504178282797,0,494979,
1,-201690,-201590,47569327,0,-201788,0,0,504178282797,0,494980,
1,-201690,-201590,47571127,0,-201788,0,0,504178282797,0,494981,
1,-201690,-201590,47572927,0,-201788,0,0,504178282797,0,494982,
1,-201690,-201590,47574727,0,-201788,0,0,504178282797,0,494983,
1,-201690,-201590,47576527,0,-201788,0,0,504178282797,0,494984,
1,-201690,-201590,47578327,0,-201788,0,0,504178282797,0,494985,
1,-201690,-201590,47580127,0,-201788,0,0,504178282797,0,494986,
1,-201690,-201590,47581927,0,-201788,0,0,504178282797,0,494987,
1,-201690,-201590,47583727,0,-201788,0,0,504178282797,0,494988,
1,-201690,-201590,47585527,0,-201788,0,0,504178282797,0,494989,
1,-201690,-201590,47587327,0,-201788,0,0,504178282797,0,494990,
1,-201690,-201590,47589127,0,-201788,255038087380717808,439052883,504178282797,0,494991,
1,-201690,-201590,47590927,0,-201788,773512864358685903,1317158650,504178282797,0,494992,
1,-201690,-201590,47592727,0,-201788,773512864358685903,1317158650,504178282797,0,494993,
1,-201690,-201590,47594527,0,-201788,773512864358685903,1317158650,504178282797,0,494994,
1,-201690,-201590,47558805,0,-201936,0,0,504178282797,0,494974,mint
1,-201690,-201590,47595298,0,-201779,773512864358685903,1317158650,503972761058,0,494994,burn
1,-201690,-201590,47596327,0,-201788,773512864358685903,1317158650,503972761058,0,494995,
1,-201690,-201590,47598127,0,-201788,773512864358685903,1317158650,503972761058,0,494996,
1,-201690,-201590,47599927,0,-201788,773512864358685903,1317158650,503972761058,0,494997,
1,-201690,-201590,47601727,0,-201788,773512864358685903,1317158650,503972761058,0,494998,
1,-201690,-201590,47603527,0,-201788,905756678419196175,1536774615,503972761058,0,494999,
1,-201690,-201590,47605327,0,-201798,905756678419196175,1536774615,503972761058,0,495000,
1,-201690,-201590,47607127,0,-201798,905756678419196175,1536774615,503972761058,0,495001,
1,-201690,-201590,47608927,0,-201798,905756678419196175,1536774615,503972761058,0,495002,
1,-201690,-201590,47610727,0,-201798,905756678419196175,1536774615,503972761058,0,495003,
1,-201690,-201590,47612527,0,-201798,905756678419196175,1536774615,503972761058,0,495004,
1,-201690,-201590,47613590,0,-201715,905756678419196175,1536774615,0,0,495004,burn
0,-202080,-201980,47695327,0,-202095,0,0,512503003399,0,495050,
0,-202080,-201980,47697127,0,-202095,0,0,512503003399,0,495051,
0,-202080,-201980,47698927,0,-202095,0,0,512503003399,0,495052,
0,-202080,-201980,47700727,0,-202095,0,0,512503003399,0,495053,
0,-202080,-201980,47702527,0,-202095,0,0,512503003399,0,495054,
0,-202080,-201980,47694045,0,-201755,0,0,512503003399,0,495049,mint
0,-202080,-201980,47703297,0,-202031,1557209924682280259,1655698057,0,0,495054,burn
0,-202400,-202300,47704327,1,-202095,0,0,505536851119,505536851119,495055,
0,-202400,-202300,47706127,1,-202095,0,0,505536851119,505536851119,495056,
0,-202400,-202300,47707927,1,-202095,262815801261872172,410505920,505536851119,505536851119,495057,
0,-202400,-202300,47709727,1,-202095,262815801261872172,410505920,505536851119,505536851119,495058,
0,-202400,-202300,47711527,1,-202095,262815801261872172,410505920,505536851119,505536851119,495059,
0,-202400,-202300,47713327,1,-202095,262815801261872172,410505920,505536851119,505536851119,495060,
0,-202400,-202300,47703297,1,-202031,0,0,505536851119,505536851119,495054,mint
0,-202400,-202300,47714174,1,-202198,262815801261872172,410505920,0,0,495060,burn
0,-202400,-202300,47704327,0,-202095,0,0,505536851119,505536851119,495055,
0,-202400,-202300,47706127,0,-202095,0,0,505536851119,505536851119,495056,
0,-202400,-202300,47707927,0,-202095,248214923414372268,387700036,505536851119,505536851119,495057,
0,-202400,-202300,47709727,0,-202095,248214923414372268,387700036,505536851119,505536851119,495058,
0,-202400,-202300,47711527,0,-202095,248214923414372268,387700036,505536851119,505536851119,495059,
0,-202400,-202300,47713327,0,-202095,248214923414372268,387700036,505536851119,505536851119,495060,
0,-202400,-202300,47703297,0,-202031,0,0,505536851119,505536851119,495054,mint
0,-202400,-202300,47714174,0,-202198,248214923414372268,387700036,0,0,495060,burn
0,-202100,-202000,47704327,0,-202095,0,0,513176677358,0,495055,
0,-202100,-202000,47706127,0,-202095,1580303672930867115,2372448247,513176677358,0,495056,
0,-202100,-202000,47707927,0,-202095,24915326166502605099679,64494322631236,513176677358,0,495057,
0,-202100,-202000,47709727,0,-202095,24915841824112193988546,64495436962989,513176677358,0,495058,
0,-202100,-202000,47711527,0,-202095,24916696675728975404942,64497018595154,513176677358,0,495059,
0,-202100,-202000,47713327,0,-202095,24917580068844457791712,64499391043402,513176677358,0,495060,
0,-202100,-202000,47703297,0,-202031,0,0,513176677358,0,495054,mint
0,-202100,-202000,47714174,0,-202198,2756267704837045431,3307049072,0,0,495060,burn
0,-202220,-202120,47714174,0,-202198,0,0,531428215163,0,495060,mint
0,-202220,-202120,47714385,0,-202202,248251920342420321,312404746,0,0,495060,burn
0,-202660,-202560,47715127,1,-202095,0,0,553380336318,553380336317,495061,
0,-202660,-202560,47716927,1,-202095,0,0,553380336318,553380336317,495062,
0,-202660,-202560,47718727,1,-202095,0,0,553380336318,553380336317,495063,
0,-202660,-202560,47720527,1,-202095,0,0,553380336318,553380336317,495064,
0,-202660,-202560,47722327,1,-202095,0,0,553380336318,553380336317,495065,
0,-202660,-202560,47724127,1,-202095,0,0,553380336318,553380336317,495066,
0,-202660,-202560,47725927,1,-202095,0,0,553380336318,553380336317,495067,
0,-202660,-202560,47727727,1,-202095,0,0,553380336318,553380336317,495068,
0,-202660,-202560,47729527,1,-202095,0,0,553380336318,553380336317,495069,
0,-202660,-202560,47731327,1,-202095,0,0,553380336318,553380336317,495070,
0,-202660,-202560,47733127,1,-202095,0,0,553380336318,553380336317,495071,
0,-202660,-202560,47734927,1,-202334,0,0,553380336318,553380336317,495072,
0,-202660,-202560,47736727,1,-202334,0,0,553380336318,553380336317,495073,
0,-202660,-202560,47738527,1,-202334,0,0,553380336318,553380336317,495074,
0,-202660,-202560,47740327,1,-202334,0,0,553380336318,553380336317,495075,
0,-202660,-202560,47742127,1,-202334,0,0,553380336318,553380336317,495076,
0,-202660,-202560,47743927,1,-202334,0,0,553380336318,553380336317,495077,
0,-202660,-202560,47745727,1,-202334,0,0,553380336318,553380336317,495078,
0,-202660,-202560,47747527,1,-202334,0,0,553380336318,553380336317,495079,
0,-202660,-202560,47749327,1,-202334,0,0,553380336318,553380336317,495080,
0,-202660,-202560,47751127,1,-202334,0,0,553380336318,553380336317,495081,
0,-202660,-202560,47752927,1,-202334,0,0,553380336318,553380336317,495082,
0,-202660,-202560,47754727,1,-202334,0,0,553380336318,553380336317,495083,
0,-202660,-202560,47756527,1,-202334,0,0,553380336318,553380336317,495084,
0,-202660,-202560,47758327,1,-202334,0,0,553380336318,553380336317,495085,
0,-202660,-202560,47760127,1,-202334,0,0,553380336318,553380336317,495086,
0,-202660,-202560,47761927,1,-202334,0,0,553380336318,553380336317,495087,
0,-202660,-202560,47763727,1,-202334,0,0,553380336318,553380336317,495088,
0,-202660,-202560,47765527,1,-202334,0,0,553380336318,553380336317,495089,
0,-202660,-202560,47767327,1,-202334,0,0,553380336318,553380336317,495090,
0,-202660,-202560,47769127,1,-202334,0,0,553380336318,553380336317,495091,
0,-202660,-202560,47770927,1,-202334,0,0,553380336318,553380336317,495092,
0,-202660,-202560,47772727,1,-202334,8312350171344201802,13200524438,553380336318,553380336317,495093,
0,-202660,-202560,47774527,1,-202334,8312350171344201802,13200524438,553380336318,553380336317,495094,
0,-202660,-202560,47776327,1,-202334,8312350171344201802,13200524438,553380336318,553380336317,495095,
0,-202660,-202560,47778127,1,-202565,0,0,553380336318,553380336317,495096,
0,-202660,-202560,47779927,1,-202565,0,0,553380336318,553380336317,495097,
0,-202660,-202560,47781727,1,-202565,0,0,553380336318,553380336317,495098,
0,-202660,-202560,47783527,1,-202565,0,0,553380336318,553380336317,495099,
0,-202660,-202560,47785327,1,-202565,0,0,553380336318,553380336317,495100,
0,-202660,-202560,47787127,1,-202565,0,0,553380336318,553380336317,495101,
0,-202660,-202560,47788927,1,-202565,0,0,553380336318,553380336317,495102,
0,-202660,-202560,47790727,1,-202565,0,0,553380336318,553380336317,495103,
0,-202660,-202560,47792527,1,-202565,0,0,553380336318,553380336317,495104,
0,-202660,-202560,47794327,1,-202565,0,0,553380336318,553380336317,495105,
0,-202660,-202560,47796127,1,-202565,0,0,553380336318,553380336317,495106,
0,-202660,-202560,47797927,1,-202565,0,0,553380336318,553380336317,495107,
0,-202660,-202560,47799727,1,-202565,0,0,553380336318,553380336317,495108,
0,-202660,-202560,47801527,1,-202565,0,0,553380336318,553380336317,495109,
0,-202660,-202560,47803327,1,-202565,27961710343769573139583,72443878092954,553380336318,553380336317,495110,
0,-202660,-202560,47805127,1,-202565,27977760728171262887889,72472754240163,553380336318,553380336317,495111,
0,-202660,-202560,47806927,1,-202565,27985413156886997250615,72484004687127,553380336318,553380336317,495112,
0,-202660,-202560,47808727,1,-202565,27985413156886997250615,72484004687127,553380336318,553380336317,495113,
0,-202660,-202560,47810527,1,-202565,27985941331372898566433,72486217275030,553380336318,553380336317,495114,
0,-202660,-202560,47812327,1,-202565,27990935019675819110532,72493005044698,553380336318,553380336317,495115,
0,-202660,-202560,47814127,1,-202565,27994664231949580498943,72497880238383,553380336318,553380336317,495116,
0,-202660,-202560,47815927,1,-202565,27997971726935384682605,72503130446966,553380336318,553380336317,495117,
0,-202660,-202560,47817727,1,-202565,27999546629900680054931,72508193148100,553380336318,553380336317,495118,
0,-202660,-202560,47714385,1,-202202,0,0,553380336318,553380336317,495060,mint
0,-202660,-202560,47818629,1,-202749,12672086835649055475,18075718122,0,0,495118,burn
0,-202660,-202560,47715127,0,-202095,0,0,553380336318,553380336317,495061,
0,-202660,-202560,47716927,0,-202095,0,0,553380336318,553380336317,495062,
0,-202660,-202560,47718727,0,-202095,0,0,553380336318,553380336317,495063,
0,-202660,-202560,47720527,0,-202095,0,0,553380336318,553380336317,495064,
0,-202660,-202560,47722327,0,-202095,0,0,553380336318,553380336317,495065,
0,-202660,-202560,47724127,0,-202095,0,0,553380336318,553380336317,495066,
0,-202660,-202560,47725927,0,-202095,0,0,553380336318,553380336317,495067,
0,-202660,-202560,47727727,0,-202095,0,0,553380336318,553380336317,495068,
0,-202660,-202560,47729527,0,-202095,0,0,553380336318,553380336317,495069,
0,-202660,-202560,47731327,0,-202095,0,0,553380336318,553380336317,495070,
0,-202660,-202560,47733127,0,-202095,0,0,553380336318,553380336317,495071,
0,-202660,-202560,47734927,0,-202334,0,0,553380336318,553380336317,495072,
0,-202660,-202560,47736727,0,-202334,0,0,553380336318,553380336317,495073,
0,-202660,-202560,47738527,0,-202334,0,0,553380336318,553380336317,495074,
0,-202660,-202560,47740327,0,-202334,0,0,553380336318,553380336317,495075,
0,-202660,-202560,47742127,0,-202334,0,0,553380336318,553380336317,495076,
0,-202660,-202560,47743927,0,-202334,0,0,553380336318,553380336317,495077,
0,-202660,-202560,47745727,0,-202334,0,0,553380336318,553380336317,495078,
0,-202660,-202560,47747527,0,-202334,0,0,553380336318,553380336317,495079,
0,-202660,-202560,47749327,0,-202334,0,0,553380336318,553380336317,495080,
0,-202660,-202560,47751127,0,-202334,0,0,553380336318,553380336317,495081,
0,-202660,-202560,47752927,0,-202334,0,0,553380336318,553380336317,495082,
0,-202660,-202560,47754727,0,-202334,0,0,553380336318,553380336317,495083,
0,-202660,-202560,47756527,0,-202334,0,0,553380336318,553380336317,495084,
0,-202660,-202560,47758327,0,-202334,0,0,553380336318,553380336317,495085,
0,-202660,-202560,47760127,0,-202334,0,0,553380336318,553380336317,495086,
0,-202660,-202560,47761927,0,-202334,0,0,553380336318,553380336317,495087,
0,-202660,-202560,47763727,0,-202334,0,0,553380336318,553380336317,495088,
0,-202660,-202560,47765527,0,-202334,0,0,553380336318,553380336317,495089,
0,-202660,-202560,47767327,0,-202334,0,0,553380336318,553380336317,495090,
0,-202660,-202560,47769127,0,-202334,0,0,553380336318,553380336317,495091,
0,-202660,-202560,47770927,0,-202334,0,0,553380336318,553380336317,495092,
0,-202660,-202560,47772727,0,-202334,7850552939611063198,12467161969,553380336318,553380336317,495093,
0,-202660,-202560,47774527,0,-202334,7850552939611063198,12467161969,553380336318,553380336317,495094,
0,-202660,-202560,47776327,0,-202334,7850552939611063198,12467161969,553380336318,553380336317,495095,
0,-202660,-202560,47778127,0,-202565,0,0,553380336318,553380336317,495096,
0,-202660,-202560,47779927,0,-202565,0,0,553380336318,553380336317,495097,
0,-202660,-202560,47781727,0,-202565,0,0,553380336318,553380336317,495098,
0,-202660,-202560,47783527,0,-202565,0,0,553380336318,553380336317,495099,
0,-202660,-202560,47785327,0,-202565,0,0,553380336318,553380336317,495100,
0,-202660,-202560,47787127,0,-202565,0,0,553380336318,553380336317,495101,
0,-202660,-202560,47788927,0,-202565,0,0,553380336318,553380336317,495102,
0,-202660,-202560,47790727,0,-202565,0,0,553380336318,553380336317,495103,
0,-202660,-202560,47792527,0,-202565,0,0,553380336318,553380336317,495104,
0,-202660,-202560,47794327,0,-202565,0,0,553380336318,553380336317,495105,
0,-202660,-202560,47796127,0,-202565,0,0,553380336318,553380336317,495106,
0,-202660,-202560,47797927,0,-202565,0,0,553380336318,553380336317,495107,
0,-202660,-202560,47799727,0,-202565,0,0,553380336318,553380336317,495108,
0,-202660,-202560,47801527,0,-202565,0,0,553380336318,553380336317,495109,
0,-202660,-202560,47803327,0,-202565,26408281991365533948842,68419218198973,553380336318,553380336317,495110,
0,-202660,-202560,47805127,0,-202565,26423440687744923444937,68446490115781,553380336318,553380336317,495111,
0,-202660,-202560,47806927,0,-202565,26430667981532013453089,68457115537914,553380336318,553380336317,495112,
0,-202660,-202560,47808727,0,-202565,26430667981532013453089,68457115537914,553380336318,553380336317,495113,
0,-202660,-202560,47810527,0,-202565,26431166812990920772775,68459205204267,553380336318,553380336317,495114,
0,-202660,-202560,47812327,0,-202565,26435883074165906216408,68465615875620,553380336318,553380336317,495115,
0,-202660,-202560,47814127,0,-202565,26439405107980017875825,68470220225211,553380336318,553380336317,495116,
0,-202660,-202560,47815927,0,-202565,26442528853244391758883,68475178755540,553380336318,553380336317,495117,
0,-202660,-202560,47817727,0,-202565,26444016261600505609710,68479960195499,553380336318,553380336317,495118,
0,-202660,-202560,47714385,0,-202202,0,0,553380336318,553380336317,495060,mint
0,-202660,-202560,47818629,0,-202749,11968082011458840037,17071511560,0,0,495118,burn
0,-202360,-202260,47715127,0,-202095,0,0,561743187818,0,495061,
0,-202360,-202260,47716927,0,-202095,83339447682025506,131353575,561743187818,0,495062,
0,-202360,-202260,47718727,0,-202095,83339447682025506,131353575,561743187818,0,495063,
0,-202360,-202260,47720527,0,-202095,83339447682025506,131353575,561743187818,0,495064,
0,-202360,-202260,47722327,0,-202095,83339447682025506,131353575,561743187818,0,495065,
0,-202360,-202260,47724127,0,-202095,83339447682025506,131353575,561743187818,0,495066,
0,-202360,-202260,47725927,0,-202095,83339447682025506,131353575,561743187818,0,495067,
0,-202360,-202260,47727727,0,-202095,83339447682025506,131353575,561743187818,0,495068,
0,-202360,-202260,47729527,0,-202095,83339447682025506,131353575,561743187818,0,495069,
0,-202360,-202260,47731327,0,-202095,83339447682025506,131353575,561743187818,0,495070,
0,-202360,-202260,47733127,0,-202095,83339447682025506,131353575,561743187818,0,495071,
0,-202360,-202260,47734927,0,-202334,0,0,561743187818,0,495072,
0,-202360,-202260,47736727,0,-202334,0,0,561743187818,0,495073,
0,-202360,-202260,47738527,0,-202334,0,0,561743187818,0,495074,
0,-202360,-202260,47740327,0,-202334,0,0,561743187818,0,495075,
0,-202360,-202260,47742127,0,-202334,0,0,561743187818,0,495076,
0,-202360,-202260,47743927,0,-202334,0,0,561743187818,0,495077,
0,-202360,-202260,47745727,0,-202334,0,0,561743187818,0,495078,
0,-202360,-202260,47747527,0,-202334,0,0,561743187818,0,495079,
0,-202360,-202260,47749327,0,-202334,0,0,561743187818,0,495080,
0,-202360,-202260,47751127,0,-202334,0,0,561743187818,0,495081,
0,-202360,-202260,47752927,0,-202334,0,0,561743187818,0,495082,
0,-202360,-202260,47754727,0,-202334,0,0,561743187818,0,495083,
0,-202360,-202260,47756527,0,-202334,0,0,561743187818,0,495084,
0,-202360,-202260,47758327,0,-202334,0,0,561743187818,0,495085,
0,-202360,-202260,47760127,0,-202334,2029287717535120472,3119647420,561743187818,0,495086,
0,-202360,-202260,47761927,0,-202334,4628390184974287924,7585668991,561743187818,0,495087,
0,-202360,-202260,47763727,0,-202334,0,0,561743187818,0,495088,
0,-202360,-202260,47765527,0,-202334,0,0,561743187818,0,495089,
0,-202360,-202260,47767327,0,-202334,0,0,561743187818,0,495090,
0,-202360,-202260,47769127,0,-202334,0,0,561743187818,0,495091,
0,-202360,-202260,47770927,0,-202334,0,0,561743187818,0,495092,
0,-202360,-202260,47772727,0,-202334,0,0,561743187818,0,495093,
0,-202360,-202260,47774527,0,-202334,0,0,561743187818,0,495094,
0,-202360,-202260,47776327,0,-202334,0,0,561743187818,0,495095,
0,-202360,-202260,47778127,0,-202565,8434847579288483976,11953175380,561743187818,0,495096,
0,-202360,-202260,47779927,0,-202565,8434847579288483976,11953175380,561743187818,0,495097,
0,-202360,-202260,47781727,0,-202565,8434847579288483976,11953175380,561743187818,0,495098,
0,-202360,-202260,47783527,0,-202565,8434847579288483976,11953175380,561743187818,0,495099,
0,-202360,-202260,47785327,0,-202565,8434847579288483976,11953175380,561743187818,0,495100,
0,-202360,-202260,47787127,0,-202565,0,0,561743187818,0,495101,
0,-202360,-202260,47788927,0,-202565,0,0,561743187818,0,495102,
0,-202360,-202260,47790727,0,-202565,0,0,561743187818,0,495103,
0,-202360,-202260,47792527,0,-202565,0,0,561743187818,0,495104,
0,-202360,-202260,47794327,0,-202565,0,0,561743187818,0,495105,
0,-202360,-202260,47796127,0,-202565,0,0,561743187818,0,495106,
0,-202360,-202260,47797927,0,-202565,0,0,561743187818,0,495107,
0,-202360,-202260,47799727,0,-202565,0,0,561743187818,0,495108,
0,-202360,-202260,47801527,0,-202565,0,0,561743187818,0,495109,
0,-202360,-202260,47803327,0,-202565,21107775494255841447,32707040327,561743187818,0,495110,
0,-202360,-202260,47805127,0,-202565,21107775494255841447,32707040327,561743187818,0,495111,
0,-202360,-202260,47806927,0,-202565,21107775494255841447,32707040327,561743187818,0,495112,
0,-202360,-202260,47808727,0,-202565,21107775494255841447,32707040327,561743187818,0,495113,
0,-202360,-202260,47810527,0,-202565,21107775494255841447,32707040327,561743187818,0,495114,
0,-202360,-202260,47812327,0,-202565,21107775494255841447,32707040327,561743187818,0,495115,
0,-202360,-202260,47814127,0,-202565,21107775494255841447,32707040327,561743187818,0,495116,
0,-202360,-202260,47815927,0,-202565,21107775494255841447,32707040327,561743187818,0,495117,
0,-202360,-202260,47817727,0,-202565,21107775494255841447,32707040327,561743187818,0,495118,
0,-202360,-202260,47714385,0,-202202,0,0,561743187818,0,495060,mint
0,-202360,-202260,47818629,0,-202749,21107775494255841447,32707040327,0,0,495118,burn
0,-203040,-202940,47819527,0,-202565,0,0,44372331306,0,495119,
0,-203040,-202940,47821327,0,-202816,0,0,44372331306,0,495120,
0,-203040,-202940,47823127,0,-202816,0,0,44372331306,0,495121,
0,-203040,-202940,47824927,0,-202816,0,0,44372331306,0,495122,
0,-203040,-202940,47826727,0,-202816,0,0,44372331306,0,495123,
0,-203040,-202940,47828527,0,-202816,12235667748845309296,18291956166,44372331306,0,495124,
0,-203040,-202940,47830327,0,-202816,12235667748845309296,18291956166,44372331306,0,495125,
0,-203040,-202940,47832127,0,-202816,12235667748845309296,18291956166,44372331306,0,495126,
0,-203040,-202940,47833927,0,-202816,12235667748845309296,18291956166,44372331306,0,495127,
0,-203040,-202940,47835727,0,-202816,12235667748845309296,18291956166,44372331306,0,495128,
0,-203040,-202940,47837527,0,-202816,12235667748845309296,18291956166,44372331306,0,495129,
0,-203040,-202940,47839327,0,-202816,12235667748845309296,18291956166,44372331306,0,495130,
0,-203040,-202940,47841127,0,-202816,12235667748845309296,18291956166,44372331306,0,495131,
0,-203040,-202940,47842927,0,-202816,12235667748845309296,18291956166,44372331306,0,495132,
0,-203040,-202940,47844727,0,-202816,0,0,44372331306,0,495133,
0,-203040,-202940,47846527,0,-202816,20219530053782057488,30763744461,44372331306,0,495134,
0,-203040,-202940,47848327,0,-202816,20219530053782057488,30763744461,44372331306,0,495135,
0,-203040,-202940,47850127,0,-202816,20219530053782057488,30763744461,44372331306,0,495136,
0,-203040,-202940,47851927,0,-202816,20219530053782057488,30763744461,44372331306,0,495137,
0,-203040,-202940,47853727,0,-202816,20219530053782057488,30763744461,44372331306,0,495138,
0,-203040,-202940,47855527,0,-202816,20219530053782057488,30763744461,44372331306,0,495139,
0,-203040,-202940,47857327,0,-202816,20219530053782057488,30763744461,44372331306,0,495140,
0,-203040,-202940,47859127,0,-202816,20219530053782057488,30763744461,44372331306,0,495141,
0,-203040,-202940,47860927,0,-202816,20219530053782057488,30763744461,44372331306,0,495142,
0,-203040,-202940,47862727,0,-202816,20219530053782057488,30763744461,44372331306,0,495143,
0,-203040,-202940,47864527,0,-202652,20219530053782057488,30763744461,44372331306,0,495144,
0,-203040,-202940,47866327,0,-202652,20219530053782057488,30763744461,44372331306,0,495145,
0,-203040,-202940,47868127,0,-202652,20219530053782057488,30763744461,44372331306,0,495146,
0,-203040,-202940,47869927,0,-202652,20219530053782057488,30763744461,44372331306,0,495147,
0,-203040,-202940,47871727,0,-202652,20219530053782057488,30763744461,44372331306,0,495148,
0,-203040,-202940,47873527,0,-202652,20219530053782057488,30763744461,44372331306,0,495149,
0,-203040,-202940,47875327,0,-202652,20219530053782057488,30763744461,44372331306,0,495150,
0,-203040,-202940,47877127,0,-202652,20219530053782057488,30763744461,44372331306,0,495151,
0,-203040,-202940,47878927,0,-202652,20219530053782057488,30763744461,44372331306,0,495152,
0,-203040,-202940,47880727,0,-202652,20219530053782057488,30763744461,44372331306,0,495153,
0,-203040,-202940,47882527,0,-202652,20219530053782057488,30763744461,44372331306,0,495154,
0,-203040,-202940,47884327,0,-202652,20219530053782057488,30763744461,44372331306,0,495155,
0,-203040,-202940,47886127,0,-202652,20219530053782057488,30763744461,44372331306,0,495156,
0,-203040,-202940,47887927,0,-202652,20219530053782057488,30763744461,44372331306,0,495157,
0,-203040,-202940,47889727,0,-202652,20219530053782057488,30763744461,44372331306,0,495158,
0,-203040,-202940,47891527,0,-202652,20219530053782057488,30763744461,44372331306,0,495159,
0,-203040,-202940,47893327,0,-202652,20219530053782057488,30763744461,44372331306,0,495160,
0,-203040,-202940,47895127,0,-202652,20219530053782057488,30763744461,44372331306,0,495161,
0,-203040,-202940,47896927,0,-202652,20219530053782057488,30763744461,44372331306,0,495162,
0,-203040,-202940,47898727,0,-202652,20219530053782057488,30763744461,44372331306,0,495163,
0,-203040,-202940,47900527,0,-202652,20219530053782057488,30763744461,44372331306,0,495164,
0,-203040,-202940,47902327,0,-202652,20219530053782057488,30763744461,44372331306,0,495165,
0,-203040,-202940,47904127,0,-202652,20219530053782057488,30763744461,44372331306,0,495166,
0,-203040,-202940,47905927,0,-202652,20219530053782057488,30763744461,44372331306,0,495167,
0,-203040,-202940,47907727,0,-202724,20219530053782057488,30763744461,44372331306,0,495168,
0,-203040,-202940,47909527,0,-202724,20219530053782057488,30763744461,44372331306,0,495169,
0,-203040,-202940,47911327,0,-202724,20219530053782057488,30763744461,44372331306,0,495170,
0,-203040,-202940,47913127,0,-202724,20219530053782057488,30763744461,44372331306,0,495171,
0,-203040,-202940,47914927,0,-202724,20219530053782057488,30763744461,44372331306,0,495172,
0,-203040,-202940,47916727,0,-202724,20219530053782057488,30763744461,44372331306,0,495173,
0,-203040,-202940,47918527,0,-202724,20219530053782057488,30763744461,44372331306,0,495174,
0,-203040,-202940,47920327,0,-202724,20219530053782057488,30763744461,44372331306,0,495175,
0,-203040,-202940,47922127,0,-202724,20219530053782057488,30763744461,44372331306,0,495176,
0,-203040,-202940,47923927,0,-202724,20219530053782057488,30763744461,44372331306,0,495177,
0,-203040,-202940,47925727,0,-202724,20219530053782057488,30763744461,44372331306,0,495178,
0,-203040,-202940,47927527,0,-202724,20219530053782057488,30763744461,44372331306,0,495179,
0,-203040,-202940,47929327,0,-202724,20219530053782057488,30763744461,44372331306,0,495180,
0,-203040,-202940,47931127,0,-202724,20219530053782057488,30763744461,44372331306,0,495181,
0,-203040,-202940,47932927,0,-202724,20219530053782057488,30763744461,44372331306,0,495182,
0,-203040,-202940,47934727,0,-202724,20219530053782057488,30763744461,44372331306,0,495183,
0,-203040,-202940,47936527,0,-202724,20219530053782057488,30763744461,44372331306,0,495184,
0,-203040,-202940,47938327,0,-202724,20219530053782057488,30763744461,44372331306,0,495185,
0,-203040,-202940,47940127,0,-202724,20219530053782057488,30763744461,44372331306,0,495186,
0,-203040,-202940,47941927,0,-202724,20219530053782057488,30763744461,44372331306,0,495187,
0,-203040,-202940,47943727,0,-202724,20219530053782057488,30763744461,44372331306,0,495188,
0,-203040,-202940,47945527,0,-202724,20219530053782057488,30763744461,44372331306,0,495189,
0,-203040,-202940,47947327,0,-202724,20219530053782057488,30763744461,44372331306,0,495190,
0,-203040,-202940,47949127,0,-202724,20219530053782057488,30763744461,44372331306,0,495191,
0,-203040,-202940,47950927,0,-202656,20219530053782057488,30763744461,44372331306,0,495192,
0,-203040,-202940,47952727,0,-202656,20219530053782057488,30763744461,44372331306,0,495193,
0,-203040,-202940,47954527,0,-202656,20219530053782057488,30763744461,44372331306,0,495194,
0,-203040,-202940,47956327,0,-202656,20219530053782057488,30763744461,44372331306,0,495195,
0,-203040,-202940,47958127,0,-202656,20219530053782057488,30763744461,44372331306,0,495196,
0,-203040,-202940,47959927,0,-202656,20219530053782057488,30763744461,44372331306,0,495197,
0,-203040,-202940,47961727,0,-202656,20219530053782057488,30763744461,44372331306,0,495198,
0,-203040,-202940,47963527,0,-202656,20219530053782057488,30763744461,44372331306,0,495199,
0,-203040,-202940,47965327,0,-202656,20219530053782057488,30763744461,44372331306,0,495200,
0,-203040,-202940,47967127,0,-202656,20219530053782057488,30763744461,44372331306,0,495201,
0,-203040,-202940,47968927,0,-202656,20219530053782057488,30763744461,44372331306,0,495202,
0,-203040,-202940,47970727,0,-202656,20219530053782057488,30763744461,44372331306,0,495203,
0,-203040,-202940,47972527,0,-202656,20219530053782057488,30763744461,44372331306,0,495204,
0,-203040,-202940,47974327,0,-202656,20219530053782057488,30763744461,44372331306,0,495205,
0,-203040,-202940,47976127,0,-202656,20219530053782057488,30763744461,44372331306,0,495206,
0,-203040,-202940,47977927,0,-202656,20219530053782057488,30763744461,44372331306,0,495207,
0,-203040,-202940,47979727,0,-202656,20219530053782057488,30763744461,44372331306,0,495208,
0,-203040,-202940,47981527,0,-202656,20219530053782057488,30763744461,44372331306,0,495209,
0,-203040,-202940,47983327,0,-202656,20219530053782057488,30763744461,44372331306,0,495210,
0,-203040,-202940,47985127,0,-202656,20219530053782057488,30763744461,44372331306,0,495211,
0,-203040,-202940,47986927,0,-202656,20219530053782057488,30763744461,44372331306,0,495212,
0,-203040,-202940,47988727,0,-202656,20219530053782057488,30763744461,44372331306,0,495213,
0,-203040,-202940,47990527,0,-202656,20219530053782057488,30763744461,44372331306,0,495214,
0,-203040,-202940,47992327,0,-202656,20219530053782057488,30763744461,44372331306,0,495215,
0,-203040,-202940,47994127,0,-202706,20219530053782057488,30763744461,44372331306,0,495216,
0,-203040,-202940,47995927,0,-202706,20219530053782057488,30763744461,44372331306,0,495217,
0,-203040,-202940,47997727,0,-202706,20219530053782057488,30763744461,44372331306,0,495218,
0,-203040,-202940,47999527,0,-202706,20219530053782057488,30763744461,44372331306,0,495219,
0,-203040,-202940,48001327,0,-202706,20219530053782057488,30763744461,44372331306,0,495220,
0,-203040,-202940,48003127,0,-202706,20219530053782057488,30763744461,44372331306,0,495221,
0,-203040,-202940,48004927,0,-202706,20219530053782057488,30763744461,44372331306,0,495222,
0,-203040,-202940,48006727,0,-202706,20219530053782057488,30763744461,44372331306,0,495223,
0,-203040,-202940,48008527,0,-202706,20219530053782057488,30763744461,44372331306,0,495224,
0,-203040,-202940,48010327,0,-202706,20219530053782057488,30763744461,44372331306,0,495225,
0,-203040,-202940,48012127,0,-202706,20219530053782057488,30763744461,44372331306,0,495226,
0,-203040,-202940,48013927,0,-202706,20219530053782057488,30763744461,44372331306,0,495227,
0,-203040,-202940,48015727,0,-202706,20219530053782057488,30763744461,44372331306,0,495228,
0,-203040,-202940,48017527,0,-202706,20219530053782057488,30763744461,44372331306,0,495229,
0,-203040,-202940,48019327,0,-202706,20219530053782057488,30763744461,44372331306,0,495230,
0,-203040,-202940,48021127,0,-202706,20219530053782057488,30763744461,44372331306,0,495231,
0,-203040,-202940,48022927,0,-202706,20219530053782057488,30763744461,44372331306,0,495232,
0,-203040,-202940,48024727,0,-202706,20219530053782057488,30763744461,44372331306,0,495233,
0,-203040,-202940,48026527,0,-202706,20219530053782057488,30763744461,44372331306,0,495234,
0,-203040,-202940,48028327,0,-202706,20219530053782057488,30763744461,44372331306,0,495235,
0,-203040,-202940,48030127,0,-202706,20219530053782057488,30763744461,44372331306,0,495236,
0,-203040,-202940,48031927,0,-202706,20219530053782057488,30763744461,44372331306,0,495237,
0,-203040,-202940,48033727,0,-202706,20219530053782057488,30763744461,44372331306,0,495238,
0,-203040,-202940,48035527,0,-202706,20219530053782057488,30763744461,44372331306,0,495239,
0,-203040,-202940,48037327,0,-202565,20219530053782057488,30763744461,44372331306,0,495240,
0,-203040,-202940,48039127,0,-202565,20219530053782057488,30763744461,44372331306,0,495241,
0,-203040,-202940,48040927,0,-202565,20219530053782057488,30763744461,44372331306,0,495242,
0,-203040,-202940,48042727,0,-202565,20219530053782057488,30763744461,44372331306,0,495243,
0,-203040,-202940,48044527,0,-202565,20219530053782057488,30763744461,44372331306,0,495244,
0,-203040,-202940,48046327,0,-202565,20219530053782057488,30763744461,44372331306,0,495245,
0,-203040,-202940,48048127,0,-202565,20219530053782057488,30763744461,44372331306,0,495246,
0,-203040,-202940,48049927,0,-202565,20219530053782057488,30763744461,44372331306,0,495247,
0,-203040,-202940,48051727,0,-202565,20219530053782057488,30763744461,44372331306,0,495248,
0,-203040,-202940,48053527,0,-202565,20219530053782057488,30763744461,44372331306,0,495249,
0,-203040,-202940,48055327,0,-202565,20219530053782057488,30763744461,44372331306,0,495250,
0,-203040,-202940,48057127,0,-202565,20219530053782057488,30763744461,44372331306,0,495251,
0,-203040,-202940,48058927,0,-202565,20219530053782057488,30763744461,44372331306,0,495252,
0,-203040,-202940,48060727,0,-202565,20219530053782057488,30763744461,44372331306,0,495253,
0,-203040,-202940,48062527,0,-202565,20219530053782057488,30763744461,44372331306,0,495254,
0,-203040,-202940,48064327,0,-202565,20219530053782057488,30763744461,44372331306,0,495255,
0,-203040,-202940,48066127,0,-202565,20219530053782057488,30763744461,44372331306,0,495256,
0,-203040,-202940,48067927,0,-202565,20219530053782057488,30763744461,44372331306,0,495257,
0,-203040,-202940,48069727,0,-202565,20219530053782057488,30763744461,44372331306,0,495258,
0,-203040,-202940,48071527,0,-202565,20219530053782057488,30763744461,44372331306,0,495259,
0,-203040,-202940,48073327,0,-202565,20219530053782057488,30763744461,44372331306,0,495260,
0,-203040,-202940,48075127,0,-202565,20219530053782057488,30763744461,44372331306,0,495261,
0,-203040,-202940,48076927,0,-202565,20219530053782057488,30763744461,44372331306,0,495262,
0,-203040,-202940,48078727,0,-202565,20219530053782057488,30763744461,44372331306,0,495263,
0,-203040,-202940,48080527,0,-202132,20219530053782057488,30763744461,44372331306,0,495264,
0,-203040,-202940,48082327,0,-202132,20219530053782057488,30763744461,44372331306,0,495265,
0,-203040,-202940,48084127,0,-202132,20219530053782057488,30763744461,44372331306,0,495266,
0,-203040,-202940,48085927,0,-202132,20219530053782057488,30763744461,44372331306,0,495267,
0,-203040,-202940,48087727,0,-202132,20219530053782057488,30763744461,44372331306,0,495268,
0,-203040,-202940,48089527,0,-202132,20219530053782057488,30763744461,44372331306,0,495269,
0,-203040,-202940,48091327,0,-202132,20219530053782057488,30763744461,44372331306,0,495270,
0,-203040,-202940,48093127,0,-202132,20219530053782057488,30763744461,44372331306,0,495271,
0,-203040,-202940,47818629,0,-202749,0,0,44372331306,0,495118,mint
0,-203040,-202940,48093331,0,-202439,20219530053782057488,30763744461,0,0,495271,burn
1,-202440,-202340,47819527,0,-202565,0,0,54802571483,0,495119,
1,-202440,-202340,47821327,0,-202816,0,0,54802571483,0,495120,
1,-202440,-202340,47823127,0,-202816,0,0,54802571483,0,495121,
1,-202440,-202340,47824927,0,-202816,0,0,54802571483,0,495122,
1,-202440,-202340,47826727,0,-202816,0,0,54802571483,0,495123,
1,-202440,-202340,47828527,0,-202816,0,0,54802571483,0,495124,
1,-202440,-202340,47830327,0,-202816,0,0,54802571483,0,495125,
1,-202440,-202340,47832127,0,-202816,0,0,54802571483,0,495126,
1,-202440,-202340,47833927,0,-202816,0,0,54802571483,0,495127,
1,-202440,-202340,47835727,0,-202816,0,0,54802571483,0,495128,
1,-202440,-202340,47837527,0,-202816,0,0,54802571483,0,495129,
1,-202440,-202340,47839327,0,-202816,0,0,54802571483,0,495130,
1,-202440,-202340,47841127,0,-202816,0,0,54802571483,0,495131,
1,-202440,-202340,47842927,0,-202816,0,0,54802571483,0,495132,
1,-202440,-202340,47844727,0,-202816,0,0,54802571483,0,495133,
1,-202440,-202340,47846527,0,-202816,0,0,54802571483,0,495134,
1,-202440,-202340,47848327,0,-202816,0,0,54802571483,0,495135,
1,-202440,-202340,47850127,0,-202816,0,0,54802571483,0,495136,
1,-202440,-202340,47851927,0,-202816,0,0,54802571483,0,495137,
1,-202440,-202340,47853727,0,-202816,0,0,54802571483,0,495138,
1,-202440,-202340,47855527,0,-202816,0,0,54802571483,0,495139,
1,-202440,-202340,47857327,0,-202816,0,0,54802571483,0,495140,
1,-202440,-202340,47859127,0,-202816,0,0,54802571483,0,495141,
1,-202440,-202340,47860927,0,-202816,0,0,54802571483,0,495142,
1,-202440,-202340,47862727,0,-202816,0,0,54802571483,0,495143,
1,-202440,-202340,47864527,0,-202652,0,0,54802571483,0,495144,
1,-202440,-202340,47866327,0,-202652,0,0,54802571483,0,495145,
1,-202440,-202340,47868127,0,-202652,0,0,54802571483,0,495146,
1,-202440,-202340,47869927,0,-202652,0,0,54802571483,0,495147,
1,-202440,-202340,47871727,0,-202652,0,0,54802571483,0,495148,
1,-202440,-202340,47873527,0,-202652,0,0,54802571483,0,495149,
1,-202440,-202340,47875327,0,-202652,0,0,54802571483,0,495150,
1,-202440,-202340,47877127,0,-202652,0,0,54802571483,0,495151,
1,-202440,-202340,47878927,0,-202652,0,0,54802571483,0,495152,
1,-202440,-202340,47880727,0,-202652,0,0,54802571483,0,495153,
1,-202440,-202340,47882527,0,-202652,0,0,54802571483,0,495154,
1,-202440,-202340,47884327,0,-202652,0,0,54802571483,0,495155,
1,-202440,-202340,47886127,0,-202652,0,0,54802571483,0,495156,
1,-202440,-202340,47887927,0,-202652,0,0,54802571483,0,495157,
1,-202440,-202340,47889727,0,-202652,0,0,54802571483,0,495158,
1,-202440,-202340,47891527,0,-202652,0,0,54802571483,0,495159,
1,-202440,-202340,47893327,0,-202652,0,0,54802571483,0,495160,
1,-202440,-202340,47895127,0,-202652,0,0,54802571483,0,495161,
1,-202440,-202340,47896927,0,-202652,0,0,54802571483,0,495162,
1,-202440,-202340,47898727,0,-202652,0,0,54802571483,0,495163,
1,-202440,-202340,47900527,0,-202652,0,0,54802571483,0,495164,
1,-202440,-202340,47902327,0,-202652,0,0,54802571483,0,495165,
1,-202440,-202340,47904127,0,-202652,0,0,54802571483,0,495166,
1,-202440,-202340,47905927,0,-202652,0,0,54802571483,0,495167,
1,-202440,-202340,47907727,0,-202724,0,0,54802571483,0,495168,
1,-202440,-202340,47909527,0,-202724,0,0,54802571483,0,495169,
1,-202440,-202340,47911327,0,-202724,0,0,54802571483,0,495170,
1,-202440,-202340,47913127,0,-202724,0,0,54802571483,0,495171,
1,-202440,-202340,47914927,0,-202724,0,0,54802571483,0,495172,
1,-202440,-202340,47916727,0,-202724,0,0,54802571483,0,495173,
1,-202440,-202340,47918527,0,-202724,0,0,54802571483,0,495174,
1,-202440,-202340,47920327,0,-202724,0,0,54802571483,0,495175,
1,-202440,-202340,47922127,0,-202724,0,0,54802571483,0,495176,
1,-202440,-202340,47923927,0,-202724,0,0,54802571483,0,495177,
1,-202440,-202340,47925727,0,-202724,0,0,54802571483,0,495178,
1,-202440,-202340,47927527,0,-202724,0,0,54802571483,0,495179,
1,-202440,-202340,47929327,0,-202724,0,0,54802571483,0,495180,
1,-202440,-202340,47931127,0,-202724,0,0,54802571483,0,495181,
1,-202440,-202340,47932927,0,-202724,0,0,54802571483,0,495182,
1,-202440,-202340,47934727,0,-202724,0,0,54802571483,0,495183,
1,-202440,-202340,47936527,0,-202724,0,0,54802571483,0,495184,
1,-202440,-202340,47938327,0,-202724,0,0,54802571483,0,495185,
1,-202440,-202340,47940127,0,-202724,0,0,54802571483,0,495186,
1,-202440,-202340,47941927,0,-202724,0,0,54802571483,0,495187,
1,-202440,-202340,47943727,0,-202724,0,0,54802571483,0,495188,
1,-202440,-202340,47945527,0,-202724,0,0,54802571483,0,495189,
1,-202440,-202340,47947327,0,-202724,0,0,54802571483,0,495190,
1,-202440,-202340,47949127,0,-202724,0,0,54802571483,0,495191,
1,-202440,-202340,47950927,0,-202656,0,0,54802571483,0,495192,
1,-202440,-202340,47952727,0,-202656,0,0,54802571483,0,495193,
1,-202440,-202340,47954527,0,-202656,0,0,54802571483,0,495194,
1,-202440,-202340,47956327,0,-202656,0,0,54802571483,0,495195,
1,-202440,-202340,47958127,0,-202656,0,0,54802571483,0,495196,
1,-202440,-202340,47959927,0,-202656,0,0,54802571483,0,495197,
1,-202440,-202340,47961727,0,-202656,0,0,54802571483,0,495198,
1,-202440,-202340,47963527,0,-202656,0,0,54802571483,0,495199,
1,-202440,-202340,47965327,0,-202656,0,0,54802571483,0,495200,
1,-202440,-202340,47967127,0,-202656,0,0,54802571483,0,495201,
1,-202440,-202340,47968927,0,-202656,0,0,54802571483,0,495202,
1,-202440,-202340,47970727,0,-202656,0,0,54802571483,0,495203,
1,-202440,-202340,47972527,0,-202656,0,0,54802571483,0,495204,
1,-202440,-202340,47974327,0,-202656,0,0,54802571483,0,495205,
1,-202440,-202340,47976127,0,-202656,0,0,54802571483,0,495206,
1,-202440,-202340,47977927,0,-202656,0,0,54802571483,0,495207,
1,-202440,-202340,47979727,0,-202656,0,0,54802571483,0,495208,
1,-202440,-202340,47981527,0,-202656,0,0,54802571483,0,495209,
1,-202440,-202340,47983327,0,-202656,25271007685297772513823,65054035671582,54802571483,0,495210,
1,-202440,-202340,47985127,0,-202656,25271007685297772513823,65054035671582,54802571483,0,495211,
1,-202440,-202340,47986927,0,-202656,25271090405014568108588,65054035671582,54802571483,0,495212,
1,-202440,-202340,47988727,0,-202656,25271090405014568108588,65054035671582,54802571483,0,495213,
1,-202440,-202340,47990527,0,-202656,25271602798831136506340,65055045482449,54802571483,0,495214,
1,-202440,-202340,47992327,0,-202656,8325474704150171431,13464144892,54802571483,0,495215,
1,-202440,-202340,47994127,0,-202706,8325474704150171431,13464144892,54802571483,0,495216,
1,-202440,-202340,47995927,0,-202706,8325474704150171431,13464144892,54802571483,0,495217,
1,-202440,-202340,47997727,0,-202706,8325474704150171431,13464144892,54802571483,0,495218,
1,-202440,-202340,47999527,0,-202706,8325474704150171431,13464144892,54802571483,0,495219,
1,-202440,-202340,48001327,0,-202706,8325474704150171431,13464144892,54802571483,0,495220,
1,-202440,-202340,48003127,0,-202706,8325474704150171431,13464144892,54802571483,0,495221,
1,-202440,-202340,48004927,0,-202706,8325474704150171431,13464144892,54802571483,0,495222,
1,-202440,-202340,48006727,0,-202706,8325474704150171431,13464144892,54802571483,0,495223,
1,-202440,-202340,48008527,0,-202706,8325474704150171431,13464144892,54802571483,0,495224,
1,-202440,-202340,48010327,0,-202706,8325474704150171431,13464144892,54802571483,0,495225,
1,-202440,-202340,48012127,0,-202706,8325474704150171431,13464144892,54802571483,0,495226,
1,-202440,-202340,48013927,0,-202706,8325474704150171431,13464144892,54802571483,0,495227,
1,-202440,-202340,48015727,0,-202706,8325474704150171431,13464144892,54802571483,0,495228,
1,-202440,-202340,48017527,0,-202706,8325474704150171431,13464144892,54802571483,0,495229,
1,-202440,-202340,48019327,0,-202706,8325474704150171431,13464144892,54802571483,0,495230,
1,-202440,-202340,48021127,0,-202706,8325474704150171431,13464144892,54802571483,0,495231,
1,-202440,-202340,48022927,0,-202706,8325474704150171431,13464144892,54802571483,0,495232,
1,-202440,-202340,48024727,0,-202706,8325474704150171431,13464144892,54802571483,0,495233,
1,-202440,-202340,48026527,0,-202706,8325474704150171431,13464144892,54802571483,0,495234,
1,-202440,-202340,48028327,0,-202706,8325474704150171431,13464144892,54802571483,0,495235,
1,-202440,-202340,48030127,0,-202706,8325474704150171431,13464144892,54802571483,0,495236,
1,-202440,-202340,48031927,0,-202706,8325474704150171431,13464144892,54802571483,0,495237,
1,-202440,-202340,48033727,0,-202706,8325474704150171431,13464144892,54802571483,0,495238,
1,-202440,-202340,48035527,0,-202706,8325474704150171431,13464144892,54802571483,0,495239,
1,-202440,-202340,48037327,0,-202565,8325474704150171431,13464144892,54802571483,0,495240,
1,-202440,-202340,48039127,0,-202565,8325474704150171431,13464144892,54802571483,0,495241,
1,-202440,-202340,48040927,0,-202565,8325474704150171431,13464144892,54802571483,0,495242,
1,-202440,-202340,48042727,0,-202565,8325474704150171431,13464144892,54802571483,0,495243,
1,-202440,-202340,48044527,0,-202565,8325474704150171431,13464144892,54802571483,0,495244,
1,-202440,-202340,48046327,0,-202565,8325474704150171431,13464144892,54802571483,0,495245,
1,-202440,-202340,48048127,0,-202565,8325474704150171431,13464144892,54802571483,0,495246,
1,-202440,-202340,48049927,0,-202565,8325474704150171431,13464144892,54802571483,0,495247,
1,-202440,-202340,48051727,0,-202565,8325474704150171431,13464144892,54802571483,0,495248,
1,-202440,-202340,48053527,0,-202565,8325474704150171431,13464144892,54802571483,0,495249,
1,-202440,-202340,48055327,0,-202565,8325474704150171431,13464144892,54802571483,0,495250,
1,-202440,-202340,48057127,0,-202565,8325474704150171431,13464144892,54802571483,0,495251,
1,-202440,-202340,48058927,0,-202565,8325474704150171431,13464144892,54802571483,0,495252,
1,-202440,-202340,48060727,0,-202565,8325474704150171431,13464144892,54802571483,0,495253,
1,-202440,-202340,48062527,0,-202565,8325474704150171431,13464144892,54802571483,0,495254,
1,-202440,-202340,48064327,0,-202565,8325474704150171431,13464144892,54802571483,0,495255,
1,-202440,-202340,48066127,0,-202565,25336044880435658266344,65156699776390,54802571483,0,495256,
1,-202440,-202340,48067927,0,-202565,12965727856046056919,20869424583,54802571483,0,495257,
1,-202440,-202340,48069727,0,-202565,25337182976430065064252,65158382794502,54802571483,0,495258,
1,-202440,-202340,48071527,0,-202565,14791174797597252332,23898857184,54802571483,0,495259,
1,-202440,-202340,48073327,0,-202565,15741082928594828602,25245271674,54802571483,0,495260,
1,-202440,-202340,48075127,0,-202565,25339272524383943972422,65161748830725,54802571483,0,495261,
1,-202440,-202340,48076927,0,-202565,25338733271247335466451,65161075623481,54802571483,0,495262,
1,-202440,-202340,48078727,0,-202565,25335980835157284310079,65156363172768,54802571483,0,495263,
1,-202440,-202340,48080527,0,-202132,0,0,54802571483,0,495264,
1,-202440,-202340,48082327,0,-202132,0,0,54802571483,0,495265,
1,-202440,-202340,48084127,0,-202132,0,0,54802571483,0,495266,
1,-202440,-202340,48085927,0,-202132,0,0,54802571483,0,495267,
1,-202440,-202340,48087727,0,-202132,23023120316363366041,39046020189,54802571483,0,495268,
1,-202440,-202340,48089527,0,-202132,0,0,54802571483,0,495269,
1,-202440,-202340,48091327,0,-202132,0,0,54802571483,0,495270,
1,-202440,-202340,48093127,0,-202132,0,0,54802571483,0,495271,
1,-202440,-202340,47818629,0,-202749,0,0,54802571483,0,495118,mint
1,-202440,-202340,48093331,0,-202439,25668354578131678054,41402245545,0,0,495271,burn
0,-202540,-202440,48094927,0,-202132,0,0,38889366090,0,495272,
0,-202540,-202440,48096727,0,-202132,711171825798444633,948678054,38889366090,0,495273,
0,-202540,-202440,48098527,0,-202132,711171825798444633,948678054,38889366090,0,495274,
0,-202540,-202440,48100327,0,-202132,711171825798444633,948678054,38889366090,0,495275,
0,-202540,-202440,48102127,0,-202132,711171825798444633,948678054,38889366090,0,495276,
0,-202540,-202440,48103927,0,-202132,711171825798444633,948678054,38889366090,0,495277,
0,-202540,-202440,48105727,0,-202132,711171825798444633,948678054,38889366090,0,495278,
0,-202540,-202440,48107527,0,-202132,711171825798444633,948678054,38889366090,0,495279,
0,-202540,-202440,48109327,0,-202132,711171825798444633,948678054,38889366090,0,495280,
0,-202540,-202440,48093331,0,-202439,0,0,38889366090,0,495271,mint
0,-202540,-202440,48109414,0,-201982,711171825798444633,948678054,0,0,495280,burn
1,-202430,-202330,48094927,0,-202132,38535064432563285681705,106017785001036,16372044906,0,495272,
1,-202430,-202330,48096727,0,-202132,13160572519016296863287,40798605595335,16372044906,0,495273,
1,-202430,-202330,48098527,0,-202132,1120161524973563940,3380166163,16372044906,0,495274,
1,-202430,-202330,48100327,0,-202132,1120161524973563940,3380166163,16372044906,0,495275,
1,-202430,-202330,48102127,0,-202132,1120161524973563940,3380166163,16372044906,0,495276,
1,-202430,-202330,48103927,0,-202132,1120161524973563940,3380166163,16372044906,0,495277,
1,-202430,-202330,48105727,0,-202132,1120161524973563940,3380166163,16372044906,0,495278,
1,-202430,-202330,48107527,0,-202132,1120161524973563940,3380166163,16372044906,0,495279,
1,-202430,-202330,48109327,0,-202132,1120161524973563940,3380166163,16372044906,0,495280,
1,-202430,-202330,48093331,0,-202439,0,0,16372044906,0,495271,mint
1,-202430,-202330,48109414,0,-201982,1120161524973563940,3380166163,0,0,495280,burn
1,-202270,-202170,48094927,1,-202132,0,0,16241597555,16241597555,495272,
1,-202270,-202170,48096727,1,-202132,0,0,16241597555,16241597555,495273,
1,-202270,-202170,48098527,1,-202132,0,0,16241597555,16241597555,495274,
1,-202270,-202170,48100327,1,-202132,0,0,16241597555,16241597555,495275,
1,-202270,-202170,48102127,1,-202132,0,0,16241597555,16241597555,495276,
1,-202270,-202170,48103927,1,-202132,5744529664831155607,11499686721,16241597555,16241597555,495277,
1,-202270,-202170,48105727,1,-202132,5776924985084825704,11499686721,16241597555,16241597555,495278,
1,-202270,-202170,48107527,1,-202132,5776924985084825704,11499686721,16241597555,16241597555,495279,
1,-202270,-202170,48109327,1,-202132,5776924985084825704,11499686721,16241597555,16241597555,495280,
1,-202270,-202170,48093331,1,-202439,0,0,16241597555,16241597555,495271,mint
1,-202270,-202170,48109414,1,-201982,5776924985084825704,11499686721,0,0,495280,burn
1,-202270,-202170,48094927,0,-202132,0,0,16241597555,16241597555,495272,
1,-202270,-202170,48096727,0,-202132,0,0,16241597555,16241597555,495273,
1,-202270,-202170,48098527,0,-202132,0,0,16241597555,16241597555,495274,
1,-202270,-202170,48100327,0,-202132,0,0,16241597555,16241597555,495275,
1,-202270,-202170,48102127,0,-202132,0,0,16241597555,16241597555,495276,
1,-202270,-202170,48103927,0,-202132,5425389128007439015,10860815237,16241597555,16241597555,495277,
1,-202270,-202170,48105727,0,-202132,5455984708247644255,10860815237,16241597555,16241597555,495278,
1,-202270,-202170,48107527,0,-202132,5455984708247644255,10860815237,16241597555,16241597555,495279,
1,-202270,-202170,48109327,0,-202132,5455984708247644255,10860815237,16241597555,16241597555,495280,
1,-202270,-202170,48093331,0,-202439,0,0,16241597555,16241597555,495271,mint
1,-202270,-202170,48109414,0,-201982,5455984708247644255,10860815237,0,0,495280,burn
0,-202060,-201960,48109414,0,-201982,0,0,35812706318,0,495280,mint
0,-202060,-201960,48110182,0,-202018,1107789192885382231,1030178725,0,0,495280,burn
1,-201950,-201850,48109414,0,-201982,0,0,4779164827,0,495280,mint
1,-201950,-201850,48110182,0,-202018,111071731278341291,0,0,0,495280,burn
1,-202010,-201910,48111127,0,-202132,25404206152551130940511,65267662560255,1427857953,0,495281,
1,-202010,-201910,48110182,0,-202018,0,0,1427857953,0,495280,mint
1,-202010,-201910,48111367,0,-201937,778873214382751322,0,0,0,495281,burn
0,-202050,-201950,48112927,0,-202132,25366293977329525165663,65209586623785,29024456885,0,495282,
0,-202050,-201950,48111367,0,-201937,0,0,29024456885,0,495281,mint
0,-202050,-201950,48113190,0,-201939,568761217112600809,635558630,0,0,495282,burn
1,-201940,-201840,48112927,0,-202132,426362372882180872,0,421053200,0,495282,
1,-201940,-201840,48111367,0,-201937,0,0,421053200,0,495281,mint
1,-201940,-201840,48113190,0,-201939,426366753977983898,0,120992298,0,495282,burn
0,-202040,-201940,48114727,0,-202132,43278626234410286708190,116448461079302,26136744245,0,495283,
0,-202040,-201940,48113190,0,-201939,0,0,26136744245,0,495282,mint
0,-202040,-201940,48115012,0,-201937,58469407296556175,0,23524560130,0,495283,burn
1,-201940,-201840,48114727,0,-202132,426366753977983898,0,120992298,0,495283,
1,-201940,-201840,48115012,0,-201937,1136448170546573491,0,0,0,495283,burn
0,-202040,-201940,48116527,0,-202132,43279629218085664901001,116450728951857,23524560130,0,495284,
0,-202040,-201940,48116823,0,-201938,779384379625519219,784148310,21173375015,0,495284,burn
1,-201930,-201830,48116527,0,-202132,463943860686678766,0,33860909,0,495284,
1,-201930,-201830,48115012,0,-201937,0,0,33860909,0,495283,mint
1,-201930,-201830,48116823,0,-201938,463943860686678766,0,4837272,0,495284,burn
0,-202040,-201940,48118327,0,-202132,43282023862209349255447,116453758301446,21173375015,0,495285,
0,-202040,-201940,48118666,0,-201918,1291620335495130500,784148310,0,0,495285,burn
1,-201930,-201830,48118327,0,-202132,25409809486366299139862,64828822785458,4837272,0,495285,
1,-201930,-201830,48118666,0,-201918,723773968950634214,0,0,0,495285,burn
0,-202020,-201920,48120127,0,-202132,25409581876574664975695,65288035092887,13353313060,0,495286,
0,-202020,-201920,48121927,0,-202132,25409581876574664975695,65288035092887,13353313060,0,495287,
0,-202020,-201920,48123727,0,-201753,0,0,13353313060,0,495288,
0,-202020,-201920,48125527,0,-201753,0,0,13353313060,0,495289,
0,-202020,-201920,48127327,0,-201753,2920455597080767464,4144307257,13353313060,0,495290,
0,-202020,-201920,48129127,0,-201753,3989355112095576479,5525743009,13353313060,0,495291,
0,-202020,-201920,48130927,0,-201753,4351222468520967361,6907178761,13353313060,0,495292,
0,-202020,-201920,48132727,0,-201753,0,0,13353313060,0,495293,
0,-202020,-201920,48134527,0,-201753,4646403064051221765,6907178761,13353313060,0,495294,
0,-202020,-201920,48136327,0,-201753,4646403064051221765,6907178761,13353313060,0,495295,
0,-202020,-201920,48138127,0,-201753,4646403064051221765,6907178761,13353313060,0,495296,
0,-202020,-201920,48118666,0,-201918,0,0,13353313060,0,495285,mint
0,-202020,-201920,48138958,0,-201816,4646403064051221765,6907178761,0,0,495296,burn
1,-201910,-201810,48120127,0,-202132,0,0,69045877344,0,495286,
1,-201910,-201810,48121927,0,-202132,0,0,69045877344,0,495287,
1,-201910,-201810,48123727,0,-201753,0,0,69045877344,0,495288,
1,-201910,-201810,48125527,0,-201753,0,0,69045877344,0,495289,
1,-201910,-201810,48127327,0,-201753,0,0,69045877344,0,495290,
1,-201910,-201810,48129127,0,-201753,0,0,69045877344,0,495291,
1,-201910,-201810,48130927,0,-201753,0,0,69045877344,0,495292,
1,-201910,-201810,48132727,0,-201753,0,0,69045877344,0,495293,
1,-201910,-201810,48134527,0,-201753,0,0,69045877344,0,495294,
1,-201910,-201810,48136327,0,-201753,0,0,69045877344,0,495295,
1,-201910,-201810,48138127,0,-201753,0,0,69045877344,0,495296,
1,-201910,-201810,48118666,0,-201918,0,0,69045877344,0,495285,mint
1,-201910,-201810,48138958,0,-201816,6151637777845714227,12289658123,0,0,495296,burn
1,-201840,-201740,48139927,0,-201753,1583873098907788886,1882078879,29403779422,0,495297,
1,-201840,-201740,48138958,0,-201816,0,0,29403779422,0,495296,mint
1,-201840,-201740,48140835,0,-201795,2260021595140115678,3764157758,0,0,495297,burn
0,-201900,-201800,48141727,0,-201753,197372823582866328,0,5341010432,0,495298,
0,-201900,-201800,48140835,0,-201795,0,0,5341010432,0,495297,mint
0,-201900,-201800,48142625,0,-201733,197372823582866328,0,0,0,495298,burn
1,-201790,-201690,48141727,0,-201753,204284619587455617,0,12537218117,0,495298,
1,-201790,-201690,48140835,0,-201795,0,0,12537218117,0,495297,mint
1,-201790,-201690,48142625,0,-201733,1308560239798300268,2942717260,0,0,495298,burn
0,-201840,-201740,48143527,0,-201753,0,0,3374362008,0,495299,
0,-201840,-201740,48145327,0,-201753,0,0,3374362008,0,495300,
0,-201840,-201740,48142625,0,-201733,0,0,3374362008,0,495298,mint
0,-201840,-201740,48146330,0,-201747,268531168202553540,0,0,0,495300,burn
1,-201730,-201630,48143527,0,-201753,22948182768820606703532,60391819604763,5339895072,0,495299,
1,-201730,-201630,48145327,0,-201753,22948182768820606703532,60391819604763,5339895072,0,495300,
1,-201730,-201630,48142625,0,-201733,0,0,5339895072,0,495298,mint
1,-201730,-201630,48146330,0,-201747,2798116283363258626,3454514335,0,0,495300,burn
0,-201850,-201750,48147127,0,-201753,15887419623180325237663,46613954617355,3035282636,0,495301,
0,-201850,-201750,48146330,0,-201747,0,0,3035282636,0,495300,mint
0,-201850,-201750,48148390,0,-201656,41203636388019651,0,0,0,495301,burn
1,-201740,-201640,48147127,0,-201753,25428242950133688289365,65320416394613,1595582358,0,495301,
1,-201740,-201640,48146330,0,-201747,0,0,1595582358,0,495300,mint
1,-201740,-201640,48148390,0,-201656,814921179054529202,0,0,0,495301,burn
0,-201790,-201690,48148927,0,-201753,0,0,2739725733,0,495302,
0,-201790,-201690,48150727,0,-201753,2142343406547978812,0,2739725733,0,495303,
0,-201790,-201690,48148390,0,-201656,0,0,2739725733,0,495301,mint
0,-201790,-201690,48152243,0,-201755,4211110594659711485,0,0,0,495303,burn
1,-201680,-201580,48148927,0,-201753,25429057871291084897692,65293178040568,472941439,0,495302,
1,-201680,-201580,48150727,0,-201753,910487585941391554,0,472941439,0,495303,
1,-201680,-201580,48148390,0,-201656,0,0,472941439,0,495301,mint
1,-201680,-201580,48152243,0,-201755,910487585941391554,0,0,0,495303,burn
0,-201860,-201760,48152527,0,-201753,13886578374633597930038,42432151163100,2457122598,0,495304,
0,-201860,-201760,48152243,0,-201755,0,0,2457122598,0,495303,mint
0,-201860,-201760,48154116,0,-201751,368200096855356768,0,2211359010,0,495304,burn
1,-201750,-201650,48152527,0,-201753,0,0,139024111,0,495304,
1,-201750,-201650,48152243,0,-201755,0,0,139024111,0,495303,mint
1,-201750,-201650,48154116,0,-201751,108785733073250017,0,38351478,0,495304,burn
1,-201750,-201650,48154327,0,-201753,108785733073250017,0,38351478,0,495305,
1,-201750,-201650,48155900,0,-201717,824807350568948411,0,0,0,495305,burn
0,-201820,-201720,48156127,0,-201753,14213021376506784,0,1994214242,0,495306,
0,-201820,-201720,48155900,0,-201717,0,0,1994214242,0,495305,mint
0,-201820,-201720,48157721,0,-201717,215574833737181397,0,1256361123,0,495306,burn
1,-201720,-201620,48156127,0,-201753,76326578845183224,0,9573499,0,495306,
1,-201720,-201620,48155900,0,-201717,0,0,9573499,0,495305,mint
1,-201720,-201620,48157721,0,-201717,108347054641640228,0,0,0,495306,burn
