# Panoptic υ variance regressor σ̂²_t, EIV instrument σ̃²_t, pool tick i_t (CTX-VAR)
# EPOCH WIDTH: 3600 seconds (1.0 hour(s)).
#   epoch = floor(unixSeconds / 3600) via
#   Panel.Build.epochOfSeconds — the SAME single source of truth as
#   Panel.Build.dailyEpoch (which is epochOfSeconds 86400). The panel and
#   this series therefore share an exact INTEGER epoch key; the join is an
#   integer match and never a timestamp comparison or an offset adjustment
#   (the 09-05 40587-offset trap).
# σ̂²_t (sigma2)            = realized variance of the within-epoch V4
#   tick-implied log-price increments over the FULL within-epoch Swap series.
# σ̃²_t (sigma2_instrument) = the SAME estimator on the DISJOINT even-swap
#   sub-window (0-based even positions) — the two-noisy-measures IV.
# i_t (pool_tick_mean)     = mean underlying pool tick over the same epoch,
#   from the SAME Swap series (the panel's moneyness anchor).
# n_swaps                  = swaps in the epoch. σ̂² rests on n_swaps − 1
#   increments; a row with n_swaps <= 1 is a CONSTRUCTED zero, not a
#   measured one, and must not be read as a quiet market.
# Source: Uniswap V4 PoolManager Swap logs on Base via chunked eth_getLogs
#   (poolId 0x96d4…288c0a); BigQuery path retired (project suspended).
epoch,sigma2,sigma2_instrument,pool_tick_mean,n_swaps
492875,1.9998000183316665e-6,3.2396760296973007e-6,-199509.9,40
492876,1.4538546133271202e-5,1.3158684120622362e-5,-199524.63580246913,162
492877,3.067693228120275e-5,4.2335766388072904e-5,-199615.55791962176,423
492878,4.562543741820148e-5,6.186381356703255e-5,-199664.9867256637,452
492879,1.8588141170387848e-5,2.8947105265341625e-5,-199646.16245487364,277
492880,1.6348365149857078e-5,2.3537646215756577e-5,-199678.265625,320
492881,2.4037596220346586e-5,3.341665830632213e-5,-199761.65203761755,319
492882,9.589041087900324e-6,1.3188681120897339e-5,-199748.1069767442,215
492883,6.219378057011476e-6,8.339166076443045e-6,-199727.94054054053,185
492884,2.55174482339085e-5,3.873612635507801e-5,-199629.12025316455,316
492885,5.599440051328661e-6,8.199180075159828e-6,-199608.52447552446,143
492886,8.799120080659324e-6,1.3438656123188798e-5,-199603.17605633804,142
492887,7.889211072318412e-6,1.0728927098349386e-5,-199566.89705882352,136
492888,1.0988901100732497e-5,1.5468453141795434e-5,-199553.58,200
492889,5.679432052061926e-6,8.059194073876607e-6,-199538.9945054945,182
492890,2.619738024014485e-6,3.6296370332719763e-6,-199554.26119402985,134
492891,5.049495046287455e-6,8.229177075434804e-6,-199580.16438356164,73
492892,3.889611035655094e-6,5.929407054353389e-6,-199538.9247311828,93
492893,1.1178882102474017e-5,1.5838416145186798e-5,-199488.59130434782,115
492894,4.809519044087658e-6,7.71922807076023e-6,-199506.5918367347,98
492895,8.459154077542945e-6,1.2058794110539952e-5,-199503.61904761905,147
492896,2.7657234253526915e-5,2.18578142003651e-5,-199455.62015503875,258
492897,9.049095082950788e-6,9.199080084325662e-6,-199447.26623376625,154
492898,3.469653031805444e-6,4.709529043171074e-6,-199426.24705882353,170
492899,1.0398960095324656e-5,1.3538646124105386e-5,-199409.5221238938,226
492900,2.3977602219796662e-5,3.541645832465381e-5,-199461.35331230285,317
492901,2.0297970186066415e-5,3.185681429202345e-5,-199412.88257575757,264
492902,2.008799118414156e-5,3.141685828799047e-5,-199448.22903225807,310
492903,1.868813117130941e-5,2.776722325453519e-5,-199534.40268456377,298
492904,2.4297570222729733e-5,3.541645832465383e-5,-199488.29936305733,314
492905,1.312868712034738e-5,1.7748225162693537e-5,-199505.4423076923,208
492906,6.589341060402833e-6,9.659034088541943e-6,-199510.26744186046,172
492907,7.009299064252481e-6,1.1328867103848886e-5,-199499.38461538462,143
492908,4.159584038129866e-6,6.0493950554532876e-6,-199518.48305084746,118
492909,2.0897910191565923e-6,2.8497150261226255e-6,-199515.60204081633,98
492910,1.2728727116681053e-5,1.820817916690982e-5,-199491.4678362573,171
492911,4.099590037579915e-6,4.13958603794655e-6,-199487.65573770492,122
492912,3.5496450325387097e-6,5.1294870470207226e-6,-199510.77300613496,163
492913,4.179582038313184e-6,6.199380056828162e-6,-199519.5603448276,116
492914,5.729427052520219e-6,8.449155077451287e-6,-199571.7869822485,169
492915,4.049595037121622e-6,6.089391055819921e-6,-199590.77697841727,139
492916,1.1898810109073419e-6,1.489851013657092e-6,-199586.05263157896,95
492917,5.285471448445987e-5,6.267373257444266e-5,-199680.51612903227,248
492918,6.809319062419306e-6,9.849015090283447e-6,-199731.03902439025,205
492919,4.359564039963029e-6,7.259274066543943e-6,-199731.3023255814,172
492920,5.139486047112381e-6,7.499250068743743e-6,-199735.26744186046,172
492921,5.158484147286545e-5,2.5787421236386815e-5,-199823.74647887325,284
492922,9.1390860837757e-6,9.539046087442039e-6,-199927.1978021978,182
492923,8.219178075343126e-6,1.009899009257491e-5,-199962.75229357797,218
492924,4.289571039321422e-6,6.839316062694295e-6,-199965.5243902439,164
492925,2.7167283249035672e-5,4.0265973369108115e-5,-199908.34504792333,313
492926,2.1037896192849117e-5,2.7927207256001714e-5,-199932.94753086418,324
492927,1.8708129171465012e-5,2.7007299247525787e-5,-199989.0102739726,292
492928,9.319068085417026e-6,1.3478652123544059e-5,-199989.1813186813,182
492929,1.4548545133354343e-5,1.320867912106716e-5,-200018.5989010989,182
492930,2.0547945188357847e-5,2.870712926315106e-5,-200095.8827586207,290
492931,7.789221071401834e-6,1.1628837106598643e-5,-200089.2774566474,173
492932,3.572242772742463e-4,2.991500847419482e-4,-199978.1755319149,376
492933,8.799120080658612e-6,1.1558844105955611e-5,-199974.87234042553,141
492934,1.4938506136924757e-5,2.3057694211342796e-5,-199998.52631578947,171
492935,5.069493046469351e-6,8.409159077082524e-6,-200008.0,135
492936,8.229177075419166e-6,1.098890110071261e-5,-200008.88717948718,195
492937,6.079392055726839e-6,1.0738926098436785e-5,-199974.83229813664,161
492938,3.6496350334552943e-6,5.549445050870372e-6,-199955.8917197452,157
492939,4.98950104573466e-6,7.079292064887706e-6,-200007.37903225806,124
492940,1.3308669121997227e-5,1.716828315737735e-5,-200071.42953020133,149
492941,5.449455049949525e-6,8.67913207955374e-6,-200022.70945945947,148
492942,2.6297370241025906e-6,3.6796320337231624e-6,-200002.84426229508,122
492943,7.609239069742737e-6,1.2168783111533976e-5,-199983.58706467663,201
492944,1.915808417561237e-5,3.0126987276160858e-5,-200053.9514925373,268
492945,9.62903708826695e-6,1.466853313446277e-5,-200092.29126213593,206
492946,1.0751924798558282e-4,9.421057886358351e-5,-200208.25159235668,314
492947,3.2856714301189295e-5,2.9557044270941996e-5,-200349.66666666666,216
492948,9.699030088908576e-6,1.3118688120255731e-5,-200371.61611374406,211
492949,1.4238576130521452e-5,1.8818118172500968e-5,-200379.3347280335,239
492950,2.6347365241519646e-5,3.8226177350409806e-5,-200409.2119402985,335
492951,4.118588137750166e-5,5.478452150212212e-5,-200340.09620991253,343
492952,1.2088791110814904e-5,1.9068093174792434e-5,-200385.39852398523,271
492953,1.2038796110356617e-5,1.7618238161501974e-5,-200391.52380952382,210
492954,8.81911808084264e-6,1.4178582129971516e-5,-200410.912371134,194
492955,1.149885010540708e-5,1.5898410145736742e-5,-200371.43352601156,173
492956,7.319268067093892e-6,9.619038088175316e-6,-200379.9898989899,99
492957,2.199780020164834e-6,3.0396960278641337e-6,-200375.9193548387,124
492958,1.3198680120989005e-6,1.6998300155819169e-6,-200393.7741935484,93
492959,2.859714026214284e-6,4.819518044179316e-6,-200382.4024390244,82
492960,1.1598840106323668e-6,1.5198480139320666e-6,-200353.82417582418,91
492961,2.5697430235561932e-6,3.78962103473851e-6,-200375.08661417323,127
492962,1.7598240161318669e-6,2.2997700210814168e-6,-200377.4096385542,83
492963,3.2996700302472486e-7,3.999600036663333e-7,-200373.4642857143,56
492964,7.59924006966034e-7,9.799020089825171e-7,-200363.87692307692,65
492965,6.399360058661335e-7,8.499150077909585e-7,-200358.79411764705,68
492966,5.479452050222364e-6,7.879212072217524e-6,-200311.71074380164,121
492967,7.09929006507742e-7,8.699130079742752e-7,-200294.82352941178,51
492968,9.399060086158835e-7,1.1198880102657335e-6,-200294.42253521126,71
492969,6.299370057728406e-6,6.719328061576636e-6,-200326.5465116279,86
492970,4.26957303913242e-6,5.7094290523262464e-6,-200327.06666666668,105
492971,5.699430052202619e-7,6.699330061361347e-7,-200327.93103448275,58
492972,4.439556040687773e-6,6.819318062497477e-6,-200325.10447761195,134
492973,9.497050287057069e-5,1.1978802109806681e-4,-200211.22393822393,259
492974,9.789021089733503e-6,1.3138686120439047e-5,-200198.52608695652,230
492975,1.8118188166084888e-5,2.664733524426944e-5,-200174.96703296702,182
492976,6.939306063610875e-6,4.999500045829164e-6,-200182.41414141413,99
492977,3.1396860287807186e-6,4.49955004124625e-6,-200208.34782608695,92
492978,5.399460049495501e-7,7.399260067827169e-7,-200205.22448979592,49
492979,5.799420053161836e-7,7.799220071493503e-7,-200216.84615384616,39
492980,5.639436051695295e-6,2.0397960186983e-6,-200198.50847457626,59
492981,9.719028089091899e-6,8.139186074609882e-6,-200229.1724137931,87
492982,3.0296970277724757e-6,5.029497046104142e-6,-200269.45833333334,96
492983,1.0718928098244219e-5,1.2078792110712607e-5,-200325.53092783506,194
492984,2.9097090266725765e-6,4.209579038588158e-6,-200338.4563106796,103
492985,5.059494046376979e-6,6.199380056824606e-6,-200300.2105263158,114
492986,2.0097990184233257e-6,3.1296870286890586e-6,-200285.66666666666,84
492987,5.109489046837395e-6,7.099290065077411e-6,-200248.81578947368,114
492988,1.6698330153069415e-6,2.6297370241061417e-6,-200276.52459016393,61
492989,3.7496250343640607e-6,5.979402054801734e-6,-200305.75,92
492990,1.9298070176900588e-6,2.5597440234645344e-6,-200294.3023255814,86
492991,6.646335360925283e-5,4.689531042987759e-6,-200296.05825242717,103
492992,7.299270066910587e-7,7.899210072410086e-7,-200292.8431372549,51
492993,3.0596940280410553e-6,3.999600036651254e-6,-200311.0823529412,85
492994,1.3898610127405087e-6,2.1797820199815168e-6,-200340.41463414635,82
492995,3.1196880285952703e-6,4.719528043256336e-6,-200299.22314049586,121
492996,1.4298570131021681e-6,1.889811017317741e-6,-200308.5294117647,102
492997,1.009899009257206e-5,1.1938806109435779e-5,-200359.96319018406,163
492998,2.459754022546953e-5,1.4328567131332882e-5,-200355.46907216494,194
492999,8.159184074793181e-6,1.4138586129604874e-5,-200353.0823529412,170
493000,4.609539042248804e-6,5.5394460507701866e-6,-200327.94339622642,106
493001,3.79962003483017e-6,5.2394760480289684e-6,-200346.54761904763,126
493002,3.389661031067914e-6,4.969503045549927e-6,-200338.29,100
493003,2.121787819449683e-5,2.2997700210809887e-5,-200330.9090909091,77
493004,6.249375057284323e-6,7.509249068833274e-6,-200303.83333333334,72
493005,1.0598940097157833e-6,1.4598540133821162e-6,-200298.29508196723,61
493006,3.3873612610510587e-4,1.5733426644224028e-4,-200419.9376693767,369
493007,3.915608435893399e-5,5.0774922465440994e-5,-200393.10994764397,382
493008,7.248275166438288e-5,8.621137879023128e-5,-200304.33039647577,454
493009,1.669833015306868e-5,2.6237376240510738e-5,-200283.836,250
493010,3.0356964278274652e-5,4.360563939972199e-5,-200198.70535714287,336
493011,6.129387056186551e-6,8.589141078734504e-6,-200145.79674796748,123
493012,1.2018798110173308e-5,1.741825815966881e-5,-200094.1935483871,155
493013,1.3708629125663566e-5,1.8898110173234245e-5,-200055.8896103896,154
493014,3.539646032447053e-6,5.149485047204041e-6,-200089.05454545454,110
493015,1.7928207164338403e-5,2.7787221254714233e-5,-200060.62702702702,185
493016,1.3248675121435913e-5,1.7748225162670078e-5,-199998.88516746412,209
493017,4.80951904408765e-6,6.309369057836404e-6,-200030.4842105263,95
493018,2.4997500229145855e-6,3.5196480322637346e-6,-200052.46762589927,139
493019,2.900709926588583e-5,4.01059893676267e-5,-199983.82911392406,316
493020,7.919208072593384e-6,8.699130079742748e-6,-199956.914893617,188
493021,2.6607339243900618e-5,3.142685728807715e-5,-199960.71755725192,393
493022,2.8037196257001267e-5,4.115588437724864e-5,-200029.72544080604,397
493023,1.4188581130057487e-5,2.063793618917356e-5,-199963.65298507462,268
493024,7.89921007239658e-6,1.0818918099155845e-5,-199992.06310679612,206
493025,1.74982501603985e-5,2.519748023097401e-5,-200074.12014134275,283
493026,1.4438556132354616e-5,1.7238276158018965e-5,-200137.8924731183,279
493027,9.769023089550192e-6,1.5388461141062174e-5,-200216.2142857143,224
493028,3.4096590312554955e-6,5.469453050137107e-6,-200196.47407407407,135
493029,1.6688331152977727e-5,2.120787919440731e-5,-200122.11055276383,199
493030,1.8998100174150808e-5,1.839816016865133e-5,-200139.6779661017,177
493031,1.84481551691096e-5,1.8178182166634846e-5,-200209.8924050633,158
493032,1.6458354150869598e-5,2.575742423611187e-5,-200182.033557047,298
493033,3.998600136653383e-5,5.605439451383024e-5,-199982.68237704918,488
493034,1.606839314729491e-5,2.181781819999846e-5,-199945.21296296295,216
493035,5.089491046644853e-6,8.259174075695575e-6,-199978.41025641025,156
493036,2.0507949187978445e-5,2.4327567222989094e-5,-200000.7870967742,155
493037,7.469253068460953e-6,1.0408959095400693e-5,-200011.6611570248,121
493038,3.07969202823077e-6,4.059594037213285e-6,-200024.21359223302,103
493039,9.379062085975508e-6,1.5198480139320668e-5,-200060.84242424244,165
493040,1.0538946096607881e-5,1.611838814775323e-5,-200076.67875647667,193
493041,2.0297970186066385e-5,2.9837016273508426e-5,-200175.64459930314,287
493042,5.289471048487254e-6,8.249175075618125e-6,-200196.75539568346,139
493043,2.860713926223443e-5,3.890610935664257e-5,-200141.06390977444,266
493044,1.8578142170301167e-5,2.9727027272500212e-5,-200083.69327731093,238
493045,2.318768121253504e-5,3.595640432956357e-5,-199999.86875,320
493046,6.58234176033742e-5,6.550344960043952e-5,-199983.033203125,512
493047,3.344665530658288e-5,5.0054994458823156e-5,-200004.16517857142,448
493048,9.48705128696363e-5,8.410158977091272e-5,-199910.03872053872,594
493049,4.939506045279235e-5,6.587341260384512e-5,-199811.7967032967,546
493050,2.4807519227404295e-5,2.764723525343527e-5,-199819.39935064936,308
493051,2.082791719092423e-5,1.812818716617653e-5,-199836.68248175184,274
493052,1.4048595128779943e-5,1.462853713409614e-5,-199814.38596491228,171
493053,9.079092083225751e-6,1.1618838106506977e-5,-199824.98773006134,163
493054,9.259074084875598e-6,1.0018998091841648e-5,-199846.47448979592,196
493055,7.919208072593377e-6,1.1648835106781959e-5,-199825.62962962964,216
493056,1.3808619126580148e-5,2.276772320870601e-5,-199804.8419117647,272
493057,1.0418958095507962e-5,1.4598540133821169e-5,-199829.8431372549,153
493058,1.906809317479241e-5,1.679832015398598e-5,-199876.27981651376,218
493059,9.539046087442019e-6,1.4178582129971515e-5,-199830.0057142857,175
493060,7.459254068377101e-6,1.0358964094958031e-5,-199790.03546099292,141
493061,2.5897410237368737e-5,2.8557144261749876e-5,-199718.13580246913,243
493062,2.041795818716343e-5,2.757724225278939e-5,-199629.88732394367,284
493063,1.2418758113838205e-5,1.4508549132994108e-5,-199619.64516129033,186
493064,1.1258874103198746e-5,1.5338466140588248e-5,-199664.51412429378,177
493065,6.699330061395442e-6,1.0718928098234285e-5,-199669.43575418994,179
493066,3.969603036381963e-6,5.669433051958906e-6,-199675.9363057325,157
493067,1.3398660122820014e-5,1.3518648123922061e-5,-199659.765,200
493068,3.0126987276124595e-5,4.079592037390918e-5,-199672.6386554622,238
493069,2.961703827147838e-5,4.491550841171076e-5,-199720.8073654391,353
493070,6.410358958762177e-4,3.9486051361958726e-4,-199724.0988764045,445
493071,8.969103082205434e-6,1.4528547133157527e-5,-199682.90497737555,221
493072,1.76482351617684e-5,2.432756722298837e-5,-199647.1285140562,249
493073,5.7884211530610184e-5,7.294270566864756e-5,-199594.54934210525,304
493074,9.319068085412754e-6,1.2868713117947927e-5,-199683.81092436975,238
493075,9.309069085327498e-6,1.3448655123266251e-5,-199651.10837438423,203
493076,8.97910208230419e-6,1.4758524135278458e-5,-199646.3918128655,171
493077,1.1228877102932295e-5,1.8238176167184797e-5,-199565.62820512822,156
493078,7.899210072410071e-6,1.025897409404145e-5,-199596.03726708074,161
493079,4.329567039688058e-6,5.729427052520222e-6,-199631.048,125
493080,1.559844014298699e-5,2.4227577222088117e-5,-199610.95,240
493081,1.0409958995424445e-4,1.3636636325002098e-4,-199732.57594936708,790
493082,2.9837016273508415e-5,3.8076192349034906e-5,-199906.29971181558,347
493083,2.0907909191646166e-5,3.258674129869108e-5,-199993.14179104476,268
493084,5.4194580496788056e-6,8.339166076443045e-6,-200064.0,171
493085,5.859414053711778e-6,8.37916207680968e-6,-200085.8188976378,127
493086,2.3397660214480515e-6,3.289671030155593e-6,-200068.35294117648,102
493087,7.989201073235003e-6,4.709529043171072e-6,-200063.84545454546,110
493088,3.7296270341885617e-6,4.489551041154593e-6,-200065.20869565217,115
493089,4.219578038679815e-6,4.799520043995999e-6,-200095.3,110
493090,6.449355059119609e-6,9.549045087533699e-6,-200127.89444444445,180
493091,1.586841314546176e-5,1.9888011182308406e-5,-200143.5,190
493092,1.74782521602187e-5,2.1957804201281662e-5,-200165.88744588743,231
493093,2.8297170259393e-5,3.897610235728417e-5,-200186.51041666666,384
493094,5.5374462507521575e-5,6.66233376106641e-5,-200054.21647509577,522
493095,1.7658234161855094e-5,2.7037296247822076e-5,-200026.0228136882,263
493096,1.3898610127397968e-5,2.2357764204936653e-5,-200008.38418079095,177
493097,1.1168883102379503e-5,1.7288271158470146e-5,-200019.9375,176
493098,8.579142078642847e-6,1.2078792110723261e-5,-200065.89175257733,194
493099,4.6895310429870495e-6,7.2192780661751845e-6,-200018.9836065574,122
493100,6.299370057742613e-6,9.759024089454977e-6,-199975.60683760684,117
493101,4.639536042522358e-6,7.379262067633186e-6,-200011.51127819548,133
493102,4.079592037393754e-6,5.989401054899787e-6,-200014.88043478262,92
493103,2.2397760205314674e-6,2.7597240252977006e-6,-200028.17777777778,90
493104,3.0296970277724774e-6,4.449555040787957e-6,-200042.27272727274,143
493105,7.249275066452283e-6,1.0988901100732504e-5,-200053.67567567568,185
493106,1.2868713117964268e-5,1.9108089175159072e-5,-200066.19213973798,229
493107,2.479752022731267e-6,3.5996400329970003e-6,-200047.87,100
493108,2.6197380240144842e-6,3.6596340335469497e-6,-200047.03896103895,77
493109,6.089391055815659e-6,8.809119080746728e-6,-200038.3831775701,107
493110,3.249675029783986e-6,5.269473048298965e-6,-200012.93893129771,131
493111,3.92960703601817e-6,5.109489046832429e-6,-199982.76623376625,154
493112,2.579742023645721e-6,3.7596240344614035e-6,-199988.83625730994,171
493113,2.059794018881617e-6,2.7197280249310662e-6,-200011.95,100
493114,1.2098790110906588e-6,1.7898210164068411e-6,-200027.22093023255,86
493115,1.0198980093477295e-6,1.2098790110906582e-6,-200012.36904761905,84
493116,2.282771720924955e-5,3.15168482888971e-5,-200013.73577235773,246
493117,4.99950004582916e-6,6.6093390605861555e-6,-200081.95,160
493118,4.9795020456458466e-6,6.739326061777713e-6,-200060.2108433735,166
493119,1.6798320153986006e-6,2.639736024197801e-6,-200050.57647058825,85
493120,1.2498750114572923e-6,1.4698530134737752e-6,-200049.87735849057,106
493121,2.589741023739509e-6,3.679632033730269e-6,-200065.63157894736,114
493122,1.299870011915584e-6,1.7398260159485504e-6,-200060.89423076922,104
493123,2.129787019523225e-6,2.6097390239228254e-6,-200070.02409638555,83
493124,6.2093790569198215e-6,6.51934805976123e-6,-200050.9375,48
493125,4.00959903675499e-6,5.409459049587154e-6,-200028.9836065574,61
493126,1.1298870103573914e-6,1.8498150169567916e-6,-200042.06976744186,43
493127,5.699430052245249e-7,6.999300064160834e-7,-200060.0,54
493128,1.0998900100824165e-7,1.0998900100824165e-7,-200052.13953488372,43
493129,3.2996700302472486e-7,4.699530043079415e-7,-200057.5,46
493130,5.599440051328669e-7,5.999400054995001e-7,-200064.20967741936,62
493131,2.7997200256643327e-7,3.599640032996999e-7,-200060.693877551,49
493132,2.899710026580917e-7,4.2995700394130824e-7,-200066.59574468085,47
493133,1.360863912474699e-5,1.605839414720328e-5,-200055.1,30
493134,7.7992200714935e-7,8.599140078826167e-7,-200043.90384615384,52
493135,3.699630033913583e-7,5.09949004674575e-7,-200045.6896551724,58
493136,4.6995300430794173e-7,6.899310063244249e-7,-200049.75,56
493137,1.3998600128321669e-7,9.999000091658332e-8,-200062.40425531915,47
493138,1.4098590129238254e-6,1.629837014940308e-6,-200058.73913043478,46
493139,2.6997300247477495e-7,3.099690028414083e-7,-200049.63636363635,44
493140,4.5995400421628325e-7,6.999300064160835e-7,-200063.431372549,51
493141,8.799120080659334e-7,9.799020089825167e-7,-200057.20833333334,48
493142,2.2197780203481507e-6,3.4496550316221264e-6,-200060.07777777777,90
493143,4.729527043354388e-6,4.349565039871374e-6,-200038.56470588237,85
493144,2.0797920190649335e-6,2.7397260251143834e-6,-200027.65,80
493145,6.399360058661334e-7,7.39926006782717e-7,-200034.6913580247,81
493146,1.4328567131346387e-5,1.4828517135929305e-5,-200037.1590909091,44
493147,1.2328767113011882e-5,1.8648135170936393e-5,-199972.83823529413,136
493148,1.509849013837568e-6,2.049795018784275e-6,-200003.19047619047,126
493149,1.7098290156671806e-6,2.0397960186911947e-6,-199981.97826086957,46
493150,7.799220071493503e-7,8.399160076993002e-7,-199964.5052631579,95
493151,1.8298170167720563e-6,2.1297870195203844e-6,-199985.94267515923,157
493152,1.2998700119134526e-6,1.3798620126452976e-6,-199992.87248322146,149
493153,2.149785019706543e-6,1.749825016040208e-6,-200018.95205479453,146
493154,1.219878011182317e-6,1.8998100174150832e-6,-200031.15094339623,53
493155,6.399360058661337e-7,6.199380056828168e-7,-200027.1568627451,51
493156,2.899710026580917e-7,4.299570039413082e-7,-200036.13725490196,51
493157,1.659834015215283e-6,2.3297670213563915e-6,-200049.5909090909,44
493158,8.099190074243235e-6,1.193880610944005e-5,-200133.08333333334,132
493159,4.119588037763234e-6,5.099490046745749e-6,-200122.9776119403,134
493160,2.9997000274974996e-7,2.899710026580916e-7,-200124.7380952381,42
493161,9.499050087075418e-7,1.049895009624125e-6,-200105.90384615384,52
493162,2.3197680212647344e-6,3.5596440326303677e-6,-200082.09302325582,86
493163,6.599340060494503e-7,6.399360058661336e-7,-200097.7619047619,63
493164,7.669233070301937e-6,9.669033088633608e-6,-200148.00952380954,210
493165,3.389661031072178e-6,4.589541042071173e-6,-200160.77966101695,118
493166,2.599740023831168e-6,3.7996200348301677e-6,-200116.65094339623,106
493167,1.7748225162689993e-5,2.4887511228127625e-5,-200053.7435897436,234
493168,2.6897310246560932e-6,3.2296770296056423e-6,-200038.59375,96
493169,3.949605036205043e-6,5.949405054536704e-6,-200037.8527131783,129
493170,3.2696730299665918e-6,4.3895610402287705e-6,-200008.0744680851,94
493171,2.599740023827615e-6,3.6096390330851062e-6,-200003.34523809524,84
493172,4.8995100449111574e-6,7.219278066175181e-6,-199978.0101010101,99
493173,4.6795320428897054e-6,7.159284065608892e-6,-200006.0,81
493174,2.0687931189632534e-5,3.308669130327681e-5,-199982.6245614035,285
493175,4.020597936855833e-5,5.1844815475248506e-5,-199795.70765661253,431
493176,2.1297870195225827e-5,3.033696627808568e-5,-199716.50515463916,291
493177,5.069493046470768e-6,6.189381056736505e-6,-199741.80392156861,153
493178,2.1817818199979253e-5,3.3916608310880175e-5,-199666.14666666667,300
493179,5.109489046832429e-6,7.659234070203176e-6,-199669.17592592593,108
493180,3.1696830290485876e-6,3.829617035092353e-6,-199685.25806451612,93
493181,2.6597340243647763e-6,2.169783019877069e-6,-199677.77173913043,92
493182,7.739226070939279e-6,1.0558944096784802e-5,-199688.04580152672,131
493183,5.3994600494919414e-6,8.959104082120176e-6,-199672.17307692306,156
493184,6.689331061319415e-6,8.50914907800124e-6,-199638.62406015038,133
493185,2.1877812200548385e-5,2.7797220254810143e-5,-199563.15076923076,325
493186,3.4496550316221273e-6,4.669533042804441e-6,-199570.82882882882,111
493187,3.599640032997002e-6,4.359564039963032e-6,-199585.57983193276,119
493188,4.969503045554191e-6,7.269273066635606e-6,-199590.9662162162,148
493189,1.2678732116222751e-5,1.7698230162235254e-5,-199617.38528138527,231
493190,3.858614135370955e-5,5.4934506503570916e-5,-199582.74269005848,342
493191,1.9798020181483474e-5,2.7797220254810157e-5,-199527.20164609054,243
493192,1.294870511869754e-5,1.9538046179100374e-5,-199543.072815534,206
493193,1.3588641124543053e-5,2.1267873194935942e-5,-199669.41152263375,243
493194,9.259074084875606e-6,1.353864612410538e-5,-199624.63703703703,135
493195,4.5295470415212245e-6,6.809319062419323e-6,-199623.77227722772,101
493196,5.159484047295698e-6,7.419258068010481e-6,-199597.59259259258,81
493197,2.9797020273141843e-6,3.929607036021725e-6,-199619.07894736843,76
493198,1.2938706118591668e-5,1.737826215928229e-5,-199682.04938271604,162
493199,1.9368063177542135e-5,2.839716026030963e-5,-199832.11560693642,346
493200,1.2278772112556423e-5,1.8498150169567917e-5,-199758.02369668247,211
493201,1.1118888101924052e-5,1.515848413895403e-5,-199782.47706422018,218
493202,7.22927706626896e-6,1.1098890101740743e-5,-199808.50495049506,202
493203,1.6098390147569922e-6,2.309769021173075e-6,-199789.18987341772,79
493204,2.549745023372875e-6,4.059594037213283e-6,-199773.06756756757,74
493205,1.2798720117322668e-6,2.0197980185149833e-6,-199776.86666666667,60
493206,4.339566039779718e-6,6.279372057561431e-6,-199816.04504504506,111
493207,2.6997300247477516e-6,4.179582038313184e-6,-199812.3391304348,115
493208,5.9194080542617275e-6,8.499150077909579e-6,-199773.39285714287,140
493209,8.14918507469443e-6,1.2148785111355636e-5,-199695.21794871794,156
493210,2.0307969186158056e-5,2.7697230253893567e-5,-199783.8661417323,254
493211,8.849115081117595e-6,1.3028697119430803e-5,-199874.77209302326,215
493212,2.949705027039205e-5,3.943605636150046e-5,-199905.2750929368,269
493213,1.4008599128413309e-5,1.754824516086037e-5,-199904.1931330472,233
493214,2.0787921190539884e-5,3.2596740298779856e-5,-199961.4909090909,330
493215,9.029097082767463e-6,1.2408759113747988e-5,-199943.97435897434,156
493216,7.979202073143345e-6,1.3098690120072417e-5,-199904.37714285715,175
493217,1.280871911741432e-5,1.5028497137762477e-5,-199838.29545454544,220
493218,5.2994700485789144e-6,7.119288065260731e-6,-199858.328125,128
493219,1.853814616993452e-5,2.9447055269933776e-5,-199820.23287671234,292
493220,9.009099082584153e-6,1.342865712309714e-5,-199737.87224669603,227
493221,2.573742623591924e-5,3.821617835030892e-5,-199641.1224489796,343
493222,9.474052586845683e-5,1.2037796210346041e-4,-199460.0905172414,696
493223,1.0719927998266878e-4,1.4871512836323484e-4,-199167.31599479844,769
493224,2.5197480230978935e-5,3.523647632300398e-5,-199180.36694677873,357
493225,6.709329061502723e-6,9.389061086067168e-6,-199193.11,200
493226,1.291870811842255e-5,1.8558144170117855e-5,-199190.08333333334,204
493227,1.5198480139320677e-6,2.119788019431567e-6,-199197.51162790696,129
493228,1.1828817108431799e-5,1.8868113172959268e-5,-199154.19078947368,152
493229,2.6297370241061426e-6,3.269673029972276e-6,-199169.099009901,101
493230,7.3492650673688664e-6,9.609039088083653e-6,-199152.60416666666,144
493231,8.279172075893092e-6,9.839016090191798e-6,-199121.70873786407,103
493232,7.199280065993986e-6,9.199080084325662e-6,-199111.73076923078,156
493233,4.719528043262731e-6,5.37946204931218e-6,-199115.45454545456,143
493234,5.41945804967881e-6,7.849215071951788e-6,-199140.18666666668,150
493235,7.01929806434414e-6,9.359064085792198e-6,-199153.3165829146,199
493236,7.009299064252471e-6,9.569043087717021e-6,-199127.44025157232,159
493237,2.6347365241519646e-5,3.7546245344177025e-5,-199121.76765375855,439
493238,2.8587141262041868e-5,4.324567539640596e-5,-199300.85779816515,436
493239,1.277872211713436e-5,1.9218078176156644e-5,-199325.13043478262,253
493240,8.769123080384348e-6,1.0278972094224766e-5,-199278.80625,160
493241,1.6448355150777926e-5,2.313768621209737e-5,-199242.77433628318,226
493242,1.2938706118597338e-5,1.9738026180921468e-5,-199281.15352697094,241
493243,5.879412053889409e-6,8.359164076613572e-6,-199339.8773006135,163
493244,3.639636033363635e-6,4.819518044179315e-6,-199303.6,120
493245,5.2494750481206205e-6,8.229177075434806e-6,-199281.73684210525,133
493246,2.817718225828392e-5,1.996800318302534e-5,-199356.62637362638,182
493247,7.599240069660327e-6,1.1178882102474015e-5,-199415.59868421053,152
493248,6.279372057561425e-6,8.239176075526462e-6,-199419.98076923078,156
493249,1.1038896101190773e-5,1.6378362150136344e-5,-199485.0920502092,239
493250,3.7096290340052458e-6,5.039496046195799e-6,-199449.14210526316,190
493251,2.6497350242894598e-6,3.4796520318971003e-6,-199449.12962962964,108
493252,1.1898810109073415e-6,1.389861012740508e-6,-199448.42105263157,57
493253,2.8497150261226263e-6,3.949605036205042e-6,-199440.90697674418,86
493254,1.3598640124655338e-6,2.019798018514984e-6,-199445.39215686274,102
493255,1.2398760113656333e-6,1.5898410145736748e-6,-199435.85714285713,56
493256,3.6696330336386106e-6,4.769523043721023e-6,-199431.37062937062,143
493257,5.219478047845649e-6,6.879312063060933e-6,-199416.515625,128
493258,2.5797420236478516e-6,3.1796820291473513e-6,-199393.96323529413,136
493259,3.4696530318054436e-6,4.689531042987758e-6,-199427.94623655913,186
493260,6.149385056369867e-6,8.289171075984752e-6,-199441.48529411765,272
493261,1.2158784111456523e-5,1.6558344151786204e-5,-199484.3108974359,312
493262,9.779022089641842e-6,1.4778522135471012e-5,-199499.09187279153,283
493263,3.389661031071819e-5,5.0094990459204e-5,-199356.04523809525,420
493264,2.3703629617284565e-4,3.22967702960429e-5,-199304.75232198142,323
493265,1.741825815966879e-5,2.3807619218238484e-5,-199276.812,250
493266,1.3198680120988976e-5,1.8578142170301174e-5,-199321.43089430896,246
493267,1.1918808109256725e-5,1.776822316287685e-5,-199292.75,212
493268,2.4697530226396104e-6,3.3696630308888595e-6,-199280.6,125
493269,9.009099082584144e-6,1.3888611127313429e-5,-199292.36046511628,172
493270,3.209679029421615e-5,4.502549741272895e-5,-199266.75384615385,260
493271,1.7228277157927283e-5,2.2567743206872834e-5,-199396.63819095478,199
493272,7.2192780661772996e-6,1.0478952096057928e-5,-199405.87272727274,165
493273,2.364763521673571e-5,2.7847215255235768e-5,-199389.26666666666,195
493274,3.5296470323553926e-6,4.189581038404842e-6,-199386.38947368422,95
493275,2.319768021264734e-6,3.1396860287807174e-6,-199413.84761904762,105
493276,2.919708026764234e-6,4.30956903950474e-6,-199396.38888888888,72
493277,1.939806017779586e-6,2.6797320245623025e-6,-199365.77906976745,86
493278,1.4198580130154836e-6,2.089791019156592e-6,-199398.56578947368,76
493279,1.519848013932067e-6,2.399760021998e-6,-199430.8924731183,93
493280,2.6097390239228263e-6,3.3296670305222256e-6,-199429.90566037735,106
493281,4.199580038496495e-6,6.599340060494491e-6,-199390.9037037037,135
493282,2.7997200256643336e-6,3.139686028780717e-6,-199382.33766233767,77
493283,8.809119080746006e-6,1.309869012006602e-5,-199295.09411764707,170
493284,2.733726625059385e-5,3.5036496321170795e-5,-199267.08482142858,224
493285,8.719128079926067e-6,1.3278672121722267e-5,-199278.10582010582,189
493286,4.3785621401371814e-5,4.670532942813603e-5,-199173.103117506,417
493287,1.3638636125021965e-5,2.1947805201190038e-5,-199181.54761904763,252
493288,2.2997700210814112e-5,2.4617538225662808e-5,-199189.54106280193,207
493289,3.929607036021726e-6,5.589441051237007e-6,-199159.32894736843,152
493290,4.939506045279217e-6,6.6193380606778134e-6,-199148.3669064748,139
493291,3.4296570314388097e-6,5.289471048487257e-6,-199131.68907563025,119
493292,4.7395260434460524e-6,7.259274066543948e-6,-199125.92142857143,140
493293,6.189381056736506e-6,7.539246069110381e-6,-199134.4105263158,190
493294,5.949405054536704e-6,6.4693530593029374e-6,-199147.81904761904,105
493295,1.8498150169567916e-6,2.1497850197065416e-6,-199163.67105263157,76
493296,2.5297470231895593e-6,2.9097090266725753e-6,-199174.07865168538,89
493297,2.599740023831167e-6,2.919708026764233e-6,-199171.65263157894,95
493298,1.7498250160402085e-6,2.4097590220896584e-6,-199142.2162162162,74
493299,7.359264067460534e-6,4.0395960370299665e-6,-199147.37234042553,94
493300,1.1798820108156837e-6,1.769823016223525e-6,-199176.84210526315,76
493301,2.4097590220896593e-6,3.1696830290556933e-6,-199196.61176470589,85
493302,2.0307969186158036e-5,2.0567943188541166e-5,-199206.4081632653,98
493303,5.199480047662333e-7,6.599340060494499e-7,-199199.0819672131,61
493304,3.599640032996999e-7,4.599540042162833e-7,-199202.9423076923,52
493305,4.409559040421321e-6,6.829317062602638e-6,-199159.42201834862,109
493306,2.239776020531467e-6,1.8998100174150832e-6,-199169.4659090909,88
493307,1.5598440142987e-6,2.259774020714783e-6,-199166.9661016949,59
493308,7.599240069660334e-7,1.0798920098991e-6,-199153.01428571428,70
493309,5.5594440509620244e-6,5.9994000549949944e-6,-199176.38805970148,134
493310,9.23907608469229e-6,1.1398860104490495e-5,-199167.51886792452,106
493311,5.259474048212275e-6,6.899310063244246e-6,-199140.8909090909,110
493312,2.5037496229498957e-5,2.5737426235928542e-5,-199093.33898305084,177
493313,3.929607036021724e-6,5.2094790477539895e-6,-199085.86666666667,135
493314,4.35456453991572e-5,5.447455249933188e-5,-198953.71515151515,330
493315,3.499650032080419e-5,4.25057493896396e-5,-198835.27142857143,280
493316,8.989101082400832e-6,1.3388661122730506e-5,-198898.51546391752,194
493317,3.3896610310721783e-6,4.989501045737506e-6,-198911.46715328467,137
493318,8.459154077542947e-6,1.2198780111823168e-5,-198914.2068965517,145
493319,7.769223071218506e-6,1.1568843106048687e-5,-198973.73684210525,133
493320,4.969503045554189e-6,7.769223071218521e-6,-198981.4380952381,105
493321,5.141485847130369e-5,7.13728626542508e-5,-199167.86921529175,497
493322,1.5238476139687284e-5,2.1697830198898545e-5,-199252.88016528924,242
493323,1.0758924098624361e-5,1.1018898101007481e-5,-199264.56097560975,123
493324,3.7096290340052424e-6,3.3496650307055427e-6,-199294.0,82
493325,2.1957804201281682e-5,7.149285065535703e-6,-199290.6779661017,118
493326,4.899510044912584e-7,6.899310063244251e-7,-199272.6,60
493327,3.149685028872377e-6,3.54964503253871e-6,-199282.01030927835,97
493328,1.649835015123625e-6,2.3697630217230254e-6,-199280.609375,64
493329,1.1398860104490504e-6,7.599240069660335e-7,-199291.5576923077,52
493330,9.83901609018114e-6,1.2818718117491062e-5,-199324.3679245283,106
493331,2.489751022820794e-6,3.1496850288688237e-6,-199341.3394495413,109
493332,1.6728327153330176e-5,2.2587741207030583e-5,-199350.0310880829,193
493333,1.1718828107423551e-5,1.4398560131987998e-5,-199388.98979591837,196
493334,8.489151077817916e-6,9.319068085425562e-6,-199418.8392857143,168
493335,4.489551041154591e-6,5.109489046837409e-6,-199432.8260869565,115
493336,1.6298370149403091e-6,2.3497650215397086e-6,-199416.49484536084,97
493337,6.409359058743751e-6,9.889011090637302e-6,-199378.16379310345,116
493338,2.719728024931068e-6,3.699630033913585e-6,-199338.17592592593,108
493339,9.899010090734649e-7,1.4298570131057208e-6,-199343.74647887325,71
493340,1.3688631125478833e-5,1.4448555132444871e-5,-199332.8954248366,153
493341,3.2396760296973024e-6,4.839516044362632e-6,-199307.0975609756,123
493342,2.60173982384864e-5,3.829617035104074e-5,-199382.583081571,331
493343,5.689431052153582e-6,8.42915707726797e-6,-199397.1971830986,142
493344,5.169483047377406e-6,8.669133079452141e-6,-199362.52317880795,151
493345,3.259674029880618e-6,3.5396460324470505e-6,-199337.16806722688,119
493346,4.399560040319719e-6,5.9194080542482326e-6,-199355.33502538071,197
493347,1.9898010182400086e-6,2.169783019889859e-6,-199388.375,96
493348,2.0097990184233253e-6,2.9497050270392088e-6,-199385.94545454546,110
493349,3.519648032263734e-6,4.789521043904341e-6,-199416.703125,128
493350,2.2097790202564927e-6,3.05969402804745e-6,-199372.27083333334,96
493351,2.8497150261226263e-6,3.659634033546951e-6,-199404.9655172414,116
493352,3.4196580313471526e-6,5.159484047295697e-6,-199427.11678832117,137
493353,3.219678029513985e-6,4.25957403904645e-6,-199400.05376344087,93
493354,2.6297370241061426e-6,2.929707026855893e-6,-199429.18055555556,72
493355,2.029797018606643e-6,3.0296970277724757e-6,-199418.39325842698,89
493356,9.469053086800438e-6,1.3768623126213523e-5,-199424.27093596058,203
493357,2.6927307246810284e-5,3.855614435340114e-5,-199371.57692307694,338
493358,2.319768021264729e-5,3.019698027680816e-5,-199284.64,300
493359,1.560843914307863e-5,2.2507749206322893e-5,-199286.43119266056,327
493360,2.5107489230154023e-5,3.4386561315213005e-5,-199260.66964285713,336
493361,1.0548945096699527e-5,1.534846514069554e-5,-199215.2447257384,237
493362,7.439256068193787e-6,1.0078992092391595e-5,-199232.34857142856,175
493363,2.6887311246469246e-5,3.3966603311363344e-5,-199138.1056910569,246
493364,9.62903708826696e-6,1.2878712118055927e-5,-199107.86781609195,174
493365,1.0008999091749988e-5,1.4598540133821165e-5,-199095.89705882352,136
493366,1.7046295356257075e-4,1.711828815691653e-4,-198826.96737588654,705
493367,7.6692330703015e-5,1.0116988292739189e-4,-198612.88235294117,527
493368,9.509049087167052e-6,1.058894109706617e-5,-198619.33898305084,236
493369,8.759124080292689e-6,1.0358964094958025e-5,-198631.47115384616,208
493370,3.329667030522229e-6,4.329567039688059e-6,-198602.4871794872,156
493371,2.4097590220896597e-6,2.2297770204398086e-6,-198622.89647577092,454
493372,9.599040087992008e-7,1.2198780111823168e-6,-198628.64,75
493373,2.689731024656094e-6,4.059594037213285e-6,-198635.70454545456,132
493374,2.489751022822926e-6,3.3496650307055415e-6,-198624.05194805196,77
493375,1.4838516136020942e-5,2.2137786202931532e-5,-198571.30845771145,201
493376,2.0457954187532922e-5,2.4077592220713262e-5,-198551.08994708996,189
493377,5.659434051878615e-6,6.559344060127865e-6,-198527.82407407407,108
493378,3.329667030522227e-6,5.06949304647077e-6,-198563.12037037036,108
493379,4.069593037304942e-6,5.749425052703542e-6,-198594.0,114
493380,9.039096082859108e-6,9.119088083592395e-6,-198596.13333333333,195
493381,2.1407859196240448e-5,2.5327467232170542e-5,-198542.40484429066,289
493382,6.626337360741977e-5,7.428257168092979e-5,-198555.10869565216,506
493383,2.3837616218502737e-5,3.148685128861571e-5,-198685.198019802,404
493384,1.3088691119973634e-5,1.8498150169560816e-5,-198673.0,312
493385,1.2028797110264951e-5,1.5848415145278453e-5,-198760.71678321678,286
493386,1.529847014023724e-5,2.1717828199081895e-5,-198782.32107023412,299
493387,8.499150077909565e-6,1.2518748114756231e-5,-198849.58767772513,211
493388,6.689331061319413e-6,9.349065085700536e-6,-198841.17085427136,199
493389,7.359264067460518e-6,7.909209072501734e-6,-198821.8625,160
493390,8.849115081117617e-6,1.2368763113381357e-5,-198815.29608938546,179
493391,3.2596740298806174e-6,4.4395560406963005e-6,-198817.17117117118,111
493392,8.189181075068153e-6,1.1268873103298933e-5,-198759.13414634147,246
493393,5.479452050228762e-6,7.799220071493495e-6,-198750.27891156462,147
493394,4.399560040329667e-6,4.999500045829167e-6,-198792.34166666667,120
493395,1.4398560131988003e-6,2.2997700210814164e-6,-198801.31632653062,98
493396,3.41965803134715e-6,5.179482047479014e-6,-198774.07407407407,81
493397,5.119488046929061e-6,8.319168076259729e-6,-198803.42962962962,135
493398,1.849815016956793e-6,2.3697630217230266e-6,-198830.3777777778,90
493399,7.619238069843637e-6,9.81901809000848e-6,-198844.72988505746,174
493400,4.169583038221527e-6,5.929407054353387e-6,-198810.18471337578,157
493401,1.6998300155819177e-6,2.2597740207147837e-6,-198810.68656716417,134
493402,5.519448050595397e-6,7.289271066818924e-6,-198823.50925925927,216
493403,5.16948304738735e-6,7.1692830657190225e-6,-198790.18660287082,209
493404,5.24947504812062e-6,7.28927106681892e-6,-198759.69587628866,194
493405,1.0608939097249477e-5,1.5988401146561664e-5,-198794.78041543026,337
493406,9.829017090100106e-6,1.4248575130613122e-5,-198762.77491961414,311
493407,1.5228477139590634e-5,1.9588041179547998e-5,-198759.60723514212,387
493408,1.010898909265802e-5,1.2808719117404372e-5,-198734.18045112782,266
493409,1.2238776112182673e-5,1.6058394147193332e-5,-198707.17959183673,245
493410,8.719128079924629e-6,1.0998900100819187e-5,-198686.55555555556,189
493411,1.2028797110264951e-5,1.648835115114459e-5,-198609.0108303249,277
493412,6.279372057561417e-6,9.169083084050688e-6,-198643.22959183675,196
493413,4.829517044270969e-6,6.519348059761231e-6,-198669.79910714287,224
493414,1.570842914399521e-5,2.0687931189641065e-5,-198604.33067729083,251
493415,6.489351059486241e-6,9.669033088633608e-6,-198666.6026490066,151
493416,3.8096190349218286e-6,4.689531042987756e-6,-198666.9090909091,198
493417,5.1894810475571524e-6,7.12928706534172e-6,-198683.5911111111,225
493418,7.149285065535687e-6,1.0888911099815916e-5,-198658.6858237548,261
493419,2.8197180258476525e-6,3.4796520318971024e-6,-198651.1695906433,171
493420,7.139286065444046e-6,9.739026089275217e-6,-198662.56291390728,151
493421,3.42965703143881e-6,4.149585038038208e-6,-198667.1092436975,119
493422,1.5398460141153844e-6,2.1797820199815176e-6,-198670.5625,128
493423,2.0327967186334267e-5,1.0918908100083085e-5,-198701.60465116278,172
493424,6.059394055544927e-6,5.519448050595398e-6,-198736.18579234972,183
493425,2.6797320245644336e-6,3.2396760296973002e-6,-198726.94565217392,92
493426,5.149485047204015e-6,6.709329061502732e-6,-198768.00613496933,163
493427,9.39906008615884e-7,1.159884010632367e-6,-198768.6049382716,81
493428,6.4393560590279475e-6,8.599140078826162e-6,-198736.66049382716,162
493429,2.646735324260249e-5,3.1486851288614304e-5,-198801.4688221709,433
493430,2.41175882210798e-5,3.3336666305588856e-5,-198909.47336065574,488
493431,2.3617638216486977e-5,3.296670330217904e-5,-198782.63513513515,444
493432,1.3938606127768144e-5,1.997800218312836e-5,-198777.94987468672,399
493433,8.73912608010937e-6,1.2878712118055929e-5,-198820.93113772455,334
493434,9.859014090375097e-6,1.3998600128321658e-5,-198775.90519877675,327
493435,9.779022089631877e-6,1.4438556132340425e-5,-198702.91007194246,278
493436,6.059394055537118e-6,8.699130079732793e-6,-198682.559566787,277
493437,5.639436051694572e-6,7.939206072775292e-6,-198717.59444444443,180
493438,4.229577038770053e-6,5.729427052515248e-6,-198718.20571428572,175
493439,2.7497250252032012e-6,3.849615035285619e-6,-198705.06206896552,145
493440,2.2397760205243633e-6,3.5196480322530777e-6,-198712.7857142857,140
493441,1.1788821108061596e-5,1.503849613784915e-5,-198750.8318965517,232
493442,2.3297670213563927e-6,3.409659031255493e-6,-198773.51079136692,139
493443,1.4698530134737754e-6,2.229777020439809e-6,-198787.33035714287,112
493444,1.239876011365634e-6,1.3398660122822168e-6,-198785.0612244898,98
493445,4.129587037854891e-6,4.869513044637607e-6,-198813.4031007752,129
493446,1.8398160168651336e-6,2.4797520227312666e-6,-198804.52293577982,109
493447,3.2296770296056436e-6,3.809619034921828e-6,-198756.3482142857,112
493448,1.1648835106771996e-5,1.5588441142881834e-5,-198710.7389558233,249
493449,1.8058194165534913e-5,2.4777522227129294e-5,-198659.00298507462,335
493450,9.749025089359036e-6,1.4388561131879287e-5,-198704.16444444444,225
493451,4.609539042252362e-6,5.029497046101301e-6,-198691.0303030303,132
493452,2.1517848197248675e-5,2.9857014273691755e-5,-198635.12463768115,345
493453,8.508149177990789e-5,1.17538246077426e-4,-198451.5671641791,938
493454,3.122687728624888e-5,4.164583538175693e-5,-198318.82362459548,618
493455,1.605839414720323e-5,2.2327767204673033e-5,-198304.1359832636,478
493456,1.5078492138220716e-5,1.6318368149586383e-5,-198263.8435897436,390
493457,1.484851513611258e-5,2.0587941188724486e-5,-198331.47692307693,390
493458,1.0438956095677058e-5,1.3548645124176432e-5,-198378.36363636365,286
493459,5.039496046190817e-6,6.479352059388907e-6,-198375.5859375,256
493460,3.3796620309762564e-6,5.179482047471198e-6,-198373.69491525425,177
493461,4.779522043802735e-6,6.899310063231459e-6,-198367.7371794872,156
493462,4.539546041608614e-6,6.879312063054533e-6,-198346.93788819876,161
493463,6.219378056997974e-6,7.279272066722997e-6,-198387.7094972067,179
493464,7.569243069385346e-6,1.0748925098532703e-5,-198407.9180327869,244
493465,2.459754022542267e-6,3.519648032255209e-6,-198394.30379746837,158
493466,1.2798720117322672e-6,1.7998200164985e-6,-198397.8556701031,97
493467,8.80911908075098e-6,1.0098990092574913e-5,-198432.04375,160
493468,4.379562040146348e-6,6.799320062327662e-6,-198461.38235294117,136
493469,6.199380056828168e-7,8.399160076993005e-7,-198444.41379310345,87
493470,1.229877011273975e-6,8.899110081575921e-7,-198447.1052631579,95
493471,6.19938005682817e-7,7.299270066910586e-7,-198456.0285714286,70
493472,2.24677532059562e-5,2.928707126846721e-5,-198554.65714285715,350
493473,7.5992400696603185e-6,9.879012090558426e-6,-198584.19075144507,173
493474,1.41785821299715e-5,1.4658534134371115e-5,-198643.18367346938,245
493475,7.749225071028082e-6,1.128887110347159e-5,-198683.75384615385,260
493476,3.1996800293306697e-6,4.479552041062935e-6,-198665.955,200
493477,3.7296270341828777e-6,5.349465049027971e-6,-198681.10194174756,206
493478,3.079692028230768e-6,4.229577038771476e-6,-198664.44565217392,184
493479,3.909609035838409e-6,4.569543041887857e-6,-198638.29834254144,181
493480,1.4918508136754214e-5,1.4958504137120858e-5,-198631.52479338844,242
493481,3.4296570314388097e-6,5.029497046104138e-6,-198648.32558139536,129
493482,1.2388761113546184e-5,1.724827515808929e-5,-198684.55326460482,291
493483,1.9198080175962697e-6,2.359764021628525e-6,-198691.7588235294,170
493484,2.249775020620995e-6,3.169683029050719e-6,-198692.91836734695,147
493485,1.3998600128321668e-6,1.5598440142987003e-6,-198687.39837398374,123
493486,2.0997900192482506e-6,2.6997300247477508e-6,-198677.1170212766,94
493487,6.399360058661335e-7,8.199180075159836e-7,-198676.15068493152,73
493488,4.449555040773031e-6,5.529447050664319e-6,-198696.14814814815,162
493489,3.449655031619286e-6,4.4095590404177725e-6,-198702.83673469388,147
493490,4.559544041793359e-6,6.959304063791348e-6,-198726.83582089553,201
493491,2.40975902208966e-6,2.829717025939309e-6,-198739.49659863947,147
493492,3.9186081359209016e-5,1.6848315154444285e-5,-198754.43540669855,209
493493,1.589841014573675e-6,2.009799018423326e-6,-198764.6724137931,116
493494,7.58924106956866e-6,8.669133079467767e-6,-198783.97777777776,180
493495,2.3307669213655505e-5,2.4637536225846097e-5,-198855.46,350
493496,3.42965703143881e-6,4.679532042896099e-6,-198838.0641025641,156
493497,3.109689028505744e-6,3.889611035655092e-6,-198853.4620689655,145
493498,2.6097390239228263e-6,3.3296670305222247e-6,-198855.5873015873,126
493499,2.2697730208064442e-6,3.2696730299722775e-6,-198797.88383838383,198
493500,4.279572039229767e-6,5.799420053161832e-6,-198777.32,150
493501,1.620837914857457e-5,1.5608439143072262e-5,-198735.27555555556,225
493502,4.879512044729262e-6,6.959304063794193e-6,-198752.105,200
493503,9.719028089091884e-6,1.2998700119155831e-5,-198776.6980392157,255
493504,9.519048087258725e-6,1.2958704118789201e-5,-198822.66883116882,308
493505,1.543845614152042e-5,2.047795218771624e-5,-198882.78512396695,363
493506,9.669033088633572e-6,1.4818518135837645e-5,-198930.30223880598,268
493507,3.5296470323553955e-6,5.109489046837405e-6,-198912.70053475935,187
493508,1.0618938097341145e-5,1.6498350151236246e-5,-198955.62776025236,317
493509,5.739426052611879e-6,7.039296064527465e-6,-198982.9648241206,199
493510,2.8507149261302174e-5,3.6646335335909324e-5,-199071.21881838073,457
493511,4.95950404546252e-6,7.179282065810675e-6,-199064.68472906403,203
493512,7.689231070475998e-6,1.0808919099070572e-5,-199029.77727272728,220
493513,1.1168883102382359e-5,1.3548645124197037e-5,-198970.5,186
493514,6.379362058478008e-6,8.399160076992992e-6,-198996.7257142857,175
493515,2.509749023006243e-6,3.469653031805442e-6,-198993.0,115
493516,3.549645032538709e-6,3.24967502978896e-6,-198985.38834951457,103
493517,3.5996400329948717e-6,5.039496046191535e-6,-199038.27027027027,185
493518,1.3618638124815886e-5,1.7268273158269056e-5,-198998.03097345133,226
493519,2.6327367241336296e-5,3.7346265342343886e-5,-198894.32064128257,499
493520,8.34916507653469e-6,9.369063085883849e-6,-198918.11890243902,328
493521,6.4593540592112685e-6,9.619038088175304e-6,-198883.1794871795,234
493522,2.7097290248394096e-6,3.4896510319887595e-6,-198853.338028169,142
493523,4.699530043079409e-6,6.629337060769469e-6,-198878.08411214955,214
493524,8.23917607552645e-6,1.1518848105590396e-5,-198851.10887096773,248
493525,1.3238676121355552e-5,2.0097990184233172e-5,-198852.84754990926,551
493526,2.3137686212097232e-5,3.0166983276533077e-5,-198894.5934065934,910
493527,1.3758624126121803e-5,1.8958104173784125e-5,-198905.91655266756,731
493528,4.189581038404839e-6,5.869413053803432e-6,-198884.98104265402,422
493529,7.859214072043409e-6,1.1358864104123845e-5,-198852.65,380
493530,2.7567243252701956e-5,2.9237076268008918e-5,-198775.82195121952,410
493531,1.729827015856893e-6,2.5097490230062426e-6,-198774.34722222222,144
493532,8.309169076168059e-6,9.989001091566672e-6,-198766.5076142132,197
493533,1.4538546133271184e-5,1.8578142170301137e-5,-198795.57911392406,316
493534,2.7297270250227276e-6,3.6696330336386098e-6,-198813.64102564103,195
493535,2.649735024289461e-6,3.029697027772477e-6,-198855.5141509434,212
493536,3.159684028964037e-6,4.4595540408796155e-6,-198835.2891566265,249
493537,2.3797620218146854e-6,3.619638033180318e-6,-198818.4640883978,181
493538,1.279872011732268e-6,1.7198280157652338e-6,-198863.5706214689,177
493539,9.139086083775704e-6,1.2058794110539931e-5,-198885.0114068441,263
493540,2.029797018606643e-6,2.4597540225479507e-6,-198869.5376344086,186
493541,1.4298570131071426e-6,2.069793018973276e-6,-198837.72839506174,162
493542,3.1596840289640354e-6,3.879612035563434e-6,-198840.02590673574,193
493543,3.0496950279557954e-6,4.309569039504742e-6,-198829.8076923077,260
493544,5.5094490505037305e-6,7.949205072868376e-6,-198809.54074074075,270
493545,1.5098490138404102e-6,1.929807017690059e-6,-198808.4794520548,219
493546,2.389761021906343e-6,2.7997200256643353e-6,-198779.2193877551,196
493547,4.35956403996303e-6,5.439456049862126e-6,-198808.38759689924,258
493548,8.77912208047598e-6,1.0848915099449278e-5,-198865.82142857142,504
493549,6.039396055361618e-6,8.43915607735963e-6,-198877.08470588236,425
493550,1.288871111814752e-5,1.956804317937532e-5,-198854.17522123893,565
493551,1.0008999091749907e-5,1.2918708118422525e-5,-198899.97411444143,734
493552,6.589341060402808e-6,8.98910108240082e-6,-198847.73493975904,498
493553,1.7198280157652262e-5,2.4117588221079836e-5,-198896.68350668647,673
493554,8.77912208047599e-6,1.289871011823924e-5,-198884.36778115502,329
493555,1.2708729116497683e-5,1.824817516727643e-5,-198866.75403225806,496
493556,1.6718328153252657e-5,2.131786819541551e-5,-198840.09133489462,427
493557,1.909809017506743e-6,2.6097390239228254e-6,-198850.69090909092,165
493558,4.349565039871373e-6,5.649435051786956e-6,-198864.9241706161,211
493559,3.509649032172079e-6,5.179482047479015e-6,-198818.22395833334,192
493560,2.2097790202564936e-6,3.2096790294223285e-6,-198796.20657276997,213
493561,3.6896310338219286e-6,5.119488046929067e-6,-198816.93801652893,242
493562,2.2227777203751368e-5,3.298670130237151e-5,-198690.12686567163,536
493563,8.549145078367836e-6,1.1368863104215516e-5,-198616.8862876254,299
493564,1.849815016956794e-6,2.749725025206043e-6,-198638.3786407767,206
493565,4.757524243611066e-5,5.851414853638461e-5,-198516.41653666148,641
493566,1.070892909816606e-5,1.1588841106232001e-5,-198517.03045685278,197
493567,5.4394560498621215e-6,7.01929806434414e-6,-198524.99484536084,194
493568,1.68983101549026e-6,2.349765021539709e-6,-198534.22099447515,181
493569,1.9798020181483523e-6,2.9797020273141847e-6,-198525.49456521738,184
493570,9.399060086158845e-7,1.459854013382117e-6,-198529.26315789475,133
493571,2.919708026764237e-6,4.13958603794655e-6,-198516.54404145078,193
493572,4.12958703785489e-6,5.719428052428563e-6,-198479.84722222222,288
493573,1.6078392147386525e-5,2.2427757205589606e-5,-198440.39717741936,496
493574,1.2308769112831351e-5,1.7558244160951996e-5,-198450.3387755102,490
493575,1.1428857104765445e-5,1.5698430143903563e-5,-198476.33777777778,450
493576,7.299270066910537e-6,7.679232070393586e-6,-198497.93483146068,445
493577,4.929507045187553e-6,6.739326061777708e-6,-198511.88611111112,360
493578,3.7696230345551964e-6,5.4294570497704745e-6,-198485.136,250
493579,5.3394660489455394e-6,6.87931206306092e-6,-198497.42140468227,299
493580,3.219678029513985e-6,4.379562040146347e-6,-198497.6761904762,210
493581,1.4498550132904585e-6,1.9098090175067408e-6,-198491.29245283018,106
493582,1.6798320153986012e-6,2.579742023647851e-6,-198486.78612716764,173
493583,6.189381056736493e-6,7.869213072135096e-6,-198542.8458781362,279
493584,1.6358364149947956e-5,2.151784819724583e-5,-198620.2739520958,668
493585,4.229577038771475e-6,6.0293970552699725e-6,-198624.2875,320
493586,8.139186074602732e-6,1.0018998091833103e-5,-198670.1597744361,532
493587,6.159384056460809e-6,8.659134079375403e-6,-198735.05226480836,287
493588,1.4498550132883282e-6,2.2097790202522283e-6,-198722.1219512195,164
493589,2.0597940188787766e-6,2.759724025294149e-6,-198706.71212121213,198
493590,2.8197180258476533e-6,3.3996600311638346e-6,-198679.5287356322,174
493591,4.889511044820211e-6,6.229377057093904e-6,-198694.11042944784,163
493592,2.0197980185149854e-6,2.5797420236478524e-6,-198737.45454545456,165
493593,1.4888511136479225e-5,1.8628137170759447e-5,-198808.82432432432,296
493594,7.84921507195176e-6,9.509049087167063e-6,-198855.43272727274,275
493595,2.6697330244727778e-6,3.9396060361133845e-6,-198814.67816091955,174
493596,7.4592540683771056e-6,9.979002091475021e-6,-198786.52272727274,220
493597,5.879412053895084e-6,8.099190074243244e-6,-198808.8445229682,283
493598,5.869413053803413e-6,8.44915507745128e-6,-198795.19178082192,365
493599,5.889411053986734e-6,7.979202073143323e-6,-198761.14457831325,498
493600,3.219678029513989e-6,4.4495550407879584e-6,-198775.4020979021,286
493601,2.4247575222271298e-5,3.3626637308246926e-5,-198877.088,625
493602,1.0448955095782914e-5,1.4628537134096134e-5,-198853.60681114552,323
493603,4.519548041429565e-6,6.119388056094899e-6,-198864.73846153845,195
493604,4.699530043079421e-6,5.559444050962031e-6,-198812.12972972973,185
493605,1.61983801484865e-6,2.079792019064933e-6,-198801.17757009345,107
493606,3.999600036663335e-6,6.079392055728259e-6,-198770.2528735632,174
493607,1.429857013107142e-6,1.6098390147569922e-6,-198781.17886178862,123
493608,1.8898110173234261e-6,2.4897510228229267e-6,-198767.08878504674,214
493609,3.1096890285057457e-6,4.529547041521226e-6,-198798.88333333333,180
493610,3.6596340335469522e-6,5.5994400513286656e-6,-198793.09696969698,165
493611,5.909409054170059e-6,9.99900009165833e-6,-198857.27358490566,212
493612,1.6198380148486512e-6,2.059794018881617e-6,-198880.40136054423,147
493613,2.029797018606642e-6,2.969703027222525e-6,-198882.07432432432,148
493614,1.4798520135654336e-6,2.0397960186982996e-6,-198853.1489361702,141
493615,1.2498750114572927e-6,1.579842014482017e-6,-198853.41139240508,158
493616,2.8297170259393113e-6,3.6096390330886612e-6,-198843.6,200
493617,2.2097790202564944e-6,2.579742023647851e-6,-198869.7087912088,182
493618,1.3698630125571928e-6,2.0697930189732755e-6,-198856.05521472392,163
493619,6.24937505728644e-6,8.729127080017711e-6,-198790.84644194756,267
493620,3.3496650307055457e-6,4.849515044454292e-6,-198794.25217391303,230
493621,7.169283065719011e-6,1.0048995092116623e-5,-198808.32791327912,369
493622,5.899410054078397e-6,8.929107081850886e-6,-198856.88650306748,326
493623,5.21947804784563e-6,7.749225071035194e-6,-198836.09685863875,382
493624,2.759724025297704e-6,3.5996400329970037e-6,-198833.68235294116,340
493625,3.659634033546953e-6,4.459554040879618e-6,-198842.17167381974,233
493626,1.5898410145736767e-6,2.029797018606642e-6,-198836.47340425532,188
493627,8.39916007699301e-7,9.199080084325679e-7,-198816.75,200
493628,1.4098590129238256e-6,1.5598440142987003e-6,-198820.62962962964,162
493629,7.719228070760215e-6,7.899210072410076e-6,-198832.9642857143,140
493630,1.0198980093491508e-6,1.5398460141153827e-6,-198856.3142857143,70
493631,2.2997700210814168e-7,2.69973002474775e-7,-198850.34285714285,35
493632,2.399760021998001e-7,3.3996600311638317e-7,-198849.3076923077,91
493633,5.399460049495501e-7,8.099190074243254e-7,-198829.75,88
493634,9.499050087075422e-7,1.1098890101740751e-6,-198833.76136363635,88
493635,1.6598340152152832e-6,2.0197980185149837e-6,-198832.95890410958,73
493636,7.999200073326666e-8,7.999200073326666e-8,-198832.5737704918,61
493637,1.8998100174150835e-7,2.699730024747749e-7,-198843.64516129033,62
493638,2.199780020164833e-7,2.199780020164833e-7,-198840.2142857143,70
493639,2.2997700210814168e-7,3.2996700302472496e-7,-198841.8829787234,94
493640,2.899710026580916e-7,3.099690028414083e-7,-198830.80327868852,61
493641,8.399160076993005e-7,1.3198680120988998e-6,-198824.64179104476,67
493642,2.9997000274975e-7,3.3996600311638333e-7,-198821.45918367346,98
493643,5.699430052245251e-7,6.299370057744751e-7,-198840.88617886178,123
493644,7.799220071493507e-7,9.599040087992006e-7,-198848.65714285715,105
493645,1.3798620126488505e-6,8.399160076993004e-7,-198841.96296296295,54
493646,7.09929006507742e-7,7.899210072410086e-7,-198836.9875,80
493647,2.479752022731268e-6,3.059694028047451e-6,-198855.03205128206,156
493648,1.8998100174150845e-6,2.699730024747752e-6,-198878.74146341463,205
493649,9.099090083409093e-7,1.2498750114572919e-6,-198866.19191919192,99
493650,5.199480047662334e-7,5.799420053161835e-7,-198861.32183908045,87
493651,2.599740023831167e-7,3.3996600311638333e-7,-198866.13559322033,59
493652,1.2998700119155832e-7,1.899810017415083e-7,-198864.06666666668,60
493653,4.999500045829164e-7,6.999300064160837e-7,-198846.1794871795,78
493654,3.099690028414082e-7,4.2995700394130824e-7,-198834.04444444444,45
493655,6.999300064160833e-8,6.999300064160833e-8,-198830.46666666667,30
493656,1.199880010999e-6,1.4198580130154831e-6,-198838.9510869565,184
493657,1.899810017415084e-7,2.2997700210814168e-7,-198842.5483870968,93
493658,2.2997700210814178e-7,3.099690028414083e-7,-198839.92134831462,89
493659,8.29917007607642e-7,1.1698830107240251e-6,-198857.94444444444,90
493660,9.299070085242254e-7,1.2898710118239247e-6,-198854.5052631579,95
493661,7.95920407296e-6,9.01909808267581e-6,-198783.51295336787,193
493662,1.7398260159485501e-6,1.8998100174150832e-6,-198780.45977011495,87
493663,1.9998000183316665e-7,1.9998000183316665e-7,-198781.65151515152,66
493664,2.0797920190649343e-6,2.319768021264734e-6,-198768.390625,128
493665,2.7997200256643337e-7,3.599640032997e-7,-198771.57534246575,73
493666,1.0998900100824174e-6,6.79932006232767e-7,-198763.7901234568,81
493667,1.1098890101740751e-6,5.499450050412085e-7,-198759.78651685393,89
493668,1.4398560131987999e-6,1.9598040179650335e-6,-198774.99019607843,102
493669,6.999300064160836e-7,9.39906008615884e-7,-198775.66,100
493670,8.079192074042859e-6,1.0478952096041582e-5,-198712.18604651163,215
493671,1.1598840106252618e-6,1.4198580130048262e-6,-198711.032,125
493672,1.13988601044763e-6,1.3598640124626917e-6,-198711.50837988826,179
493673,7.7992200714864e-7,1.0798920098983902e-6,-198715.91578947369,95
493674,1.4058594128871592e-5,1.6778322153802655e-5,-198647.31,200
493675,5.869413053803414e-6,8.029197073601631e-6,-198621.7684729064,203
493676,1.359864012465534e-6,1.2898710118239252e-6,-198622.679245283,106
493677,1.7508249160493675e-5,2.3637636216680285e-5,-198648.8671875,256
493678,6.619338060677778e-6,9.919008090925063e-6,-198622.5576923077,312
493679,4.38956104023801e-6,6.669333061136107e-6,-198630.02293577982,218
493680,9.469053086800415e-6,1.3108689120164065e-5,-198599.39215686274,357
493681,7.75922407112684e-6,1.1358864104123855e-5,-198527.36,425
493682,2.1497850197065438e-6,2.8297170259393104e-6,-198518.12676056338,213
493683,2.1097890193399103e-6,2.8897110264892607e-6,-198500.44970414203,169
493684,1.109889010174076e-6,1.4498550132904587e-6,-198531.09615384616,104
493685,2.8167183258170076e-5,3.6036396330301746e-5,-198724.45219638242,774
493686,3.4796520318971045e-6,4.899510044912581e-6,-198817.17142857143,245
493687,1.4398560131988018e-6,2.109789019339909e-6,-198827.5481927711,166
493688,2.269773020806444e-6,2.9297070268558933e-6,-198848.01477832513,203
493689,1.8898110173234255e-6,2.2297770204398095e-6,-198823.2,135
493690,4.299570039413082e-7,5.799420053161833e-7,-198819.67045454544,88
493691,4.199580038496498e-7,5.599440051328666e-7,-198825.80555555556,108
493692,1.2598740115489507e-6,1.7198280157652328e-6,-198839.5564516129,124
493693,6.10938905600323e-6,7.72922707085189e-6,-198856.2705882353,255
493694,5.799420053161808e-6,8.619138079009467e-6,-198831.51179245283,424
493695,2.0497950187894472e-5,2.745725425168658e-5,-198977.3282828283,594
493696,2.659734024379699e-6,3.799620034827328e-6,-199016.94634146342,205
493697,3.12968702868906e-6,3.879612035563435e-6,-198977.825,160
493698,1.6398360150319681e-6,2.3797620218146837e-6,-198963.98496240602,133
493699,3.0296970277724787e-6,4.20957903858816e-6,-198978.88304093567,171
493700,1.3798620126488507e-6,2.1197880194315674e-6,-198945.14736842105,95
493701,7.299270066910588e-7,1.0698930098074423e-6,-198957.49462365592,93
493702,1.8998100174150834e-6,2.199780020164833e-6,-198955.9534883721,86
493703,3.859614035380116e-6,5.479452050228765e-6,-198919.83673469388,98
493704,2.039796018698302e-6,2.9397060269475512e-6,-198895.91666666666,240
493705,1.0698930098074427e-6,1.4298570131071417e-6,-198898.74814814815,135
493706,3.6696330336386123e-6,4.4995500412462516e-6,-198949.6017699115,226
493707,1.3098690120072432e-6,1.7498250160402085e-6,-198972.04237288135,118
493708,2.179782019981518e-6,3.179682029147351e-6,-198962.33566433567,143
493709,1.9298070176900596e-6,3.0896910283224264e-6,-198951.40350877194,171
493710,3.929607036010355e-6,5.709429052321983e-6,-198994.09433962265,159
493711,1.7198280157631033e-6,2.3797620218125526e-6,-199004.69090909092,165
493712,1.4098590129238262e-6,2.049795018789959e-6,-198968.96153846153,156
493713,1.0898910099907592e-6,1.569843014390359e-6,-198983.59302325582,172
493714,1.5198480139320673e-6,1.6998300155819169e-6,-198983.7931034483,145
493715,2.2197780203431794e-6,3.1596840289569296e-6,-199017.53333333333,240
493716,3.909609035836988e-6,5.449455049950947e-6,-199017.88135593222,177
493717,1.3728627125836902e-5,1.9298070176883514e-5,-199035.50507614214,394
493718,6.829317062595522e-6,1.0328967094674528e-5,-199048.03878116343,361
493719,3.599640032987768e-6,4.239576038851765e-6,-199025.84716157205,229
493720,3.5196480322637355e-6,4.959504045462533e-6,-199001.63225806452,155
493721,1.8798120172317684e-6,2.599740023831168e-6,-198972.8917197452,157
493722,3.579642032813684e-6,4.5995400421628336e-6,-198947.46218487396,119
493723,3.3896610310721766e-6,5.3694630492205234e-6,-198927.74796747966,123
493724,8.299170076076418e-7,1.0798920098991004e-6,-198914.5340909091,88
493725,1.2398760113656337e-6,1.8198180166818171e-6,-198955.0,91
493726,7.499250068743757e-7,1.0098990092574925e-6,-198957.76119402985,67
493727,5.89941005407842e-7,6.699330061411086e-7,-198969.52777777778,72
493728,6.799320062327667e-7,8.299170076076418e-7,-198962.77173913043,92
493729,4.209579038588159e-6,5.549445050870377e-6,-198975.02352941176,255
493730,3.4796520318971016e-6,3.7596240344635342e-6,-198950.85430463575,151
493731,1.0818918099174299e-5,1.3488651123647089e-5,-198907.42532467534,308
493732,1.2198780111823144e-5,1.069893009807441e-5,-198803.18691588784,321
493733,1.9198080175984017e-6,2.689731024656092e-6,-198795.0483870968,124
493734,2.729727025022727e-6,3.0896910283224264e-6,-198787.6436781609,174
493735,1.1798820108156846e-6,1.7098290156735755e-6,-198802.8103448276,174
493736,1.169883010724027e-6,1.2498750114572934e-6,-198805.60730593608,219
493737,4.199580038496494e-6,5.479452050228765e-6,-198767.76945244957,347
493738,3.0896910283224276e-6,4.179582038313184e-6,-198740.0043478261,230
493739,1.3698630125571934e-6,1.8698130171401088e-6,-198773.8994413408,179
493740,4.22957703877147e-6,6.349365058203023e-6,-198844.11604095562,293
493741,5.299470048578896e-6,6.839316062694284e-6,-198900.11350293542,511
493742,3.0096990275891645e-6,3.789621034738515e-6,-198912.25800376647,531
493743,8.569143078547591e-6,1.124887510311133e-5,-198994.95876288658,679
493744,6.509349059661033e-6,6.7293270616775195e-6,-199040.1542288557,402
493745,3.2596740298742257e-6,4.409559040413512e-6,-199039.35754189943,358
493746,5.067493246452327e-5,6.33236675804701e-5,-199179.70892018778,852
493747,5.949405054536679e-6,7.929207072685055e-6,-199213.85488958991,317
493748,6.539346059944531e-6,8.889111081484252e-6,-199184.1125,240
493749,7.549245069202028e-6,8.32916707635139e-6,-199133.79695431472,197
493750,1.4598540133821179e-6,1.97980201814835e-6,-199116.2578125,128
493751,2.189781020073176e-6,2.819718025847652e-6,-199112.78985507245,138
493752,5.109489046837405e-6,7.889211072318425e-6,-199095.07213114755,305
493753,4.439556040689196e-6,6.119388056084948e-6,-199037.04693140794,277
493754,8.799120080659292e-6,1.2478752114389589e-5,-199129.09178743963,414
493755,1.949805017873376e-6,2.6997300247477516e-6,-199138.93037974683,158
493756,2.7997200256643366e-6,4.1195880377632335e-6,-199157.11111111112,216
493757,3.13968602878072e-6,4.73952604344605e-6,-199173.52356020943,191
493758,1.4798520135654344e-6,2.0797920190649335e-6,-199149.17886178862,123
493759,3.949605036205044e-6,5.129487047020723e-6,-199120.01298701297,154
493760,2.5497450233728777e-6,3.349665030705544e-6,-199096.35761589403,151
493761,2.969703027222528e-6,3.989601036571676e-6,-199081.4607329843,191
493762,1.8998100174150843e-6,2.0297970186066425e-6,-199086.13636363635,154
493763,8.389161076901334e-6,8.409159077084659e-6,-199078.6680851064,235
493764,3.1596840289640362e-6,4.059594037213284e-6,-199071.8855721393,201
493765,4.4495550407879525e-6,6.719328061594398e-6,-199072.39115646257,294
493766,1.1008899100915776e-5,1.5128487138679058e-5,-199090.57486631017,374
493767,4.879512044725697e-6,6.8293170625983765e-6,-199067.63602941178,272
493768,1.5298470140237258e-6,2.269773020806442e-6,-199078.17557251907,131
493769,2.5727427235836884e-5,2.688731124646925e-5,-199106.87417218543,151
493770,2.6297370241061456e-6,3.509649032172078e-6,-199093.1087866109,239
493771,1.559844014298701e-6,1.9098090175067416e-6,-199077.79464285713,112
493772,7.499250068743756e-7,1.1298870103573917e-6,-199072.45679012345,81
493773,1.559844014298701e-6,2.019798018514984e-6,-199090.65346534652,101
493774,9.199080084325672e-7,1.239876011365633e-6,-199100.88732394367,71
493775,1.9398060177817167e-6,1.2798720117322668e-6,-199106.2394366197,71
493776,1.2098790110906599e-6,1.7898210164068414e-6,-199080.5823529412,170
493777,8.29917007607642e-7,1.1498850105407084e-6,-199072.81355932204,118
493778,7.399260067827169e-7,8.799120080659335e-7,-199058.6017699115,113
493779,8.87911208138901e-6,1.2178782111635583e-5,-198987.8355263158,304
493780,8.699130079742754e-7,1.4098590129238252e-6,-198994.61797752808,89
493781,1.0398960095324674e-6,1.459854013382117e-6,-198988.0396039604,101
493782,1.8098190165880274e-6,2.7197280249282257e-6,-199000.86153846153,130
493783,9.699030088908588e-7,1.1898810109073423e-6,-199016.8161764706,136
493784,1.5498450142070426e-6,2.289771020989759e-6,-198983.8153846154,130
493785,5.399460049495501e-7,6.799320062327667e-7,-198988.4347826087,69
493786,1.330866912199722e-5,1.4558544133454527e-5,-198994.63157894736,114
493787,2.4197580221813185e-6,3.259674029880619e-6,-198975.85606060605,132
493788,9.119088083592368e-6,1.207879211072326e-5,-198914.03484320556,287
493789,7.23927606636061e-6,1.130886910366557e-5,-198862.03020134228,298
493790,4.0895910374882605e-6,6.129387056186555e-6,-198857.940625,320
493791,5.86941305380343e-6,8.529147078184554e-6,-198879.7818930041,243
493792,4.149585038038208e-6,5.909409054170071e-6,-198892.9219858156,282
493793,2.4597540225479533e-6,3.3596640307972024e-6,-198889.22564102564,195
493794,1.2798720117322674e-6,1.6998300155819167e-6,-198877.52066115703,121
493795,6.099390055911585e-7,1.0698930098074418e-6,-198890.74074074073,81
493796,3.889611035655092e-6,5.6494350517869544e-6,-198948.2111111111,180
493797,3.439656031530468e-6,4.059594037213283e-6,-198964.29078014183,141
493798,7.899210072410092e-7,1.049895009624126e-6,-198936.4051724138,116
493799,6.099390055911582e-7,6.499350059577919e-7,-198947.3,70
493800,5.599440051328667e-7,7.699230070576917e-7,-198932.11607142858,112
493801,5.199480047662334e-7,7.799220071493498e-7,-198923.41176470587,68
493802,2.239776020531467e-6,3.2596740298806166e-6,-198914.0181818182,110
493803,1.0398960095324676e-6,1.059894009715784e-6,-198895.31313131313,99
493804,4.299570039413083e-7,6.299370057744749e-7,-198903.63333333333,60
493805,2.599740023831167e-7,3.5996400329969986e-7,-198916.86538461538,52
493806,7.999200073326669e-7,1.009899009257492e-6,-198909.3552631579,76
493807,5.739426052611875e-6,6.219378057011475e-6,-198897.9292929293,99
493808,5.799420053161835e-7,5.799420053161834e-7,-198904.82352941178,68
493809,3.299670030247249e-7,4.6995300430794157e-7,-198891.46296296295,54
493810,1.2998700119155834e-7,1.8998100174150833e-7,-198895.33333333334,36
493811,2.699730024747751e-7,2.899710026580917e-7,-198901.8656716418,67
493812,4.199580038496499e-7,4.599540042162832e-7,-198900.92753623187,69
493813,1.209879011090659e-6,2.109789019339909e-6,-198877.82474226804,97
493814,2.899710026580917e-7,2.899710026580916e-7,-198883.57798165138,109
493815,2.69973002474775e-7,3.2996700302472496e-7,-198881.75294117647,85
493816,4.6995300430794136e-7,7.899210072410087e-7,-198869.27380952382,84
493817,1.4998500137487503e-7,2.0997900192482504e-7,-198876.46296296295,54
493818,5.499450050412084e-7,7.499250068743753e-7,-198880.27142857143,70
493819,6.19938005682817e-7,8.799120080659335e-7,-198866.76086956522,46
493820,2.1997800201648336e-7,2.1997800201648336e-7,-198867.34722222222,72
493821,1.2738726116772684e-5,1.534846514069554e-5,-198794.17272727273,220
493822,1.5898410145736765e-6,2.3697630217230254e-6,-198812.55172413794,116
493823,1.1398860104490504e-6,1.6398360150319666e-6,-198822.18032786885,61
493824,1.699830015581918e-6,2.2397760205314674e-6,-198854.22222222222,144
493825,1.6098390147569928e-6,2.029797018606642e-6,-198881.66101694916,118
493826,1.2698730116406093e-6,1.5498450142070417e-6,-198903.46,100
493827,7.599240069660333e-7,1.2798720117322666e-6,-198905.18367346938,49
493828,1.3698630125571921e-6,1.3098690120072421e-6,-198906.50574712644,87
493829,2.5997400238311674e-7,3.199680029330666e-7,-198899.661971831,71
493830,4.299570039413083e-7,5.09949004674575e-7,-198903.90789473685,76
493831,3.5096490321720754e-6,4.029597036938307e-6,-198872.3111111111,90
493832,3.9996000366633313e-7,5.599440051328666e-7,-198871.20512820513,78
493833,2.0097990184233257e-6,2.6697330244727757e-6,-198856.6568627451,102
493834,4.2995700394130824e-7,6.099390055911584e-7,-198854.8735632184,87
493835,2.5497450233728773e-6,3.2896710301555925e-6,-198833.6301369863,146
493836,1.959804017965034e-6,2.329767021356392e-6,-198802.2966101695,118
493837,9.599040087992013e-7,1.239876011365634e-6,-198808.0756302521,119
493838,6.549345060036195e-6,4.6095390422544864e-6,-198807.5294117647,119
493839,1.0998900100824178e-6,1.659834015215283e-6,-198789.9801980198,101
493840,1.5798420144820177e-6,2.5397460232812173e-6,-198789.94642857142,112
493841,1.0898910099907594e-6,1.5298470140237252e-6,-198782.79411764705,136
493842,4.899510044912583e-7,6.499350059577917e-7,-198779.38636363635,88
493843,1.3298670121905584e-6,1.729827015856892e-6,-198773.84615384616,104
493844,4.189581038404834e-6,5.549445050870375e-6,-198756.83229813664,161
493845,4.549545041704535e-6,6.909309063335903e-6,-198807.48571428572,175
493846,1.638836115021158e-5,2.0137986184578502e-5,-198735.56937799044,418
493847,4.829517044270976e-6,6.089391055819921e-6,-198780.7894736842,247
493848,4.769523043721015e-6,6.129387056186557e-6,-198848.3139013453,223
493849,1.8738126171745627e-5,2.2897710209874832e-5,-198780.9338235294,408
493850,1.9418058177998947e-5,2.729727025022573e-5,-198625.54816112085,571
493851,9.09909008340905e-6,1.1758824107790195e-5,-198566.88288288287,333
493852,4.509549041337896e-6,5.849415053620123e-6,-198525.41333333333,225
493853,2.4897510228229267e-6,3.1296870286890607e-6,-198566.96825396825,126
493854,3.5496450325387135e-6,5.409459049587154e-6,-198628.8086124402,209
493855,1.5198480139320687e-6,1.819818016681817e-6,-198622.06289308175,159
493856,1.759824016131869e-6,2.6097390239228263e-6,-198652.3563218391,174
493857,1.5598440142987024e-6,2.5197480230979014e-6,-198636.0780141844,141
493858,2.2787721208887696e-5,3.478652131887713e-5,-198768.20720720722,777
493859,3.259674029880621e-6,4.759524043629365e-6,-198748.35638297873,188
493860,2.089791019156594e-6,3.5096490321720775e-6,-198746.94339622642,159
493861,8.379162076809644e-6,1.1978802109806678e-5,-198757.21828908555,339
493862,1.7038296156182872e-5,2.232776720466733e-5,-198678.2246696035,454
493863,2.4167583221500402e-5,3.312668730360715e-5,-198684.68925619835,605
493864,1.8138186166266005e-5,2.1537846197428437e-5,-198686.385,400
493865,6.199380056828159e-6,9.379062085975512e-6,-198623.94560669456,239
493866,4.919508045095891e-6,6.009399055086653e-6,-198630.92857142858,196
493867,2.159784019798201e-6,3.18968102923901e-6,-198661.5223880597,134
493868,2.149785019706543e-6,3.239676029697301e-6,-198685.30555555556,108
493869,1.2098790110906593e-6,1.709829015673575e-6,-198665.5982142857,112
493870,1.6698330153069426e-6,2.279772020898101e-6,-198655.65094339623,106
493871,1.0798920098976793e-6,1.5198480139299349e-6,-198698.98780487804,82
493872,1.449855013288328e-6,2.08979101915304e-6,-198690.92432432433,185
493873,1.4798520135654344e-6,2.1797820199815176e-6,-198657.34928229664,209
493874,5.5394460507787e-6,8.139186074609879e-6,-198616.29074889867,227
493875,3.439656031530471e-6,5.359464049128866e-6,-198580.87234042553,188
493876,3.0196980276808178e-6,3.939606036113384e-6,-198565.74825174824,143
493877,3.039696027864136e-6,4.589541042071175e-6,-198560.59411764707,170
493878,2.4397560223646344e-6,3.7396260342802188e-6,-198593.3103448276,116
493879,2.699730024747752e-6,3.7396260342802167e-6,-198564.32231404958,121
493880,1.2598740115489507e-6,1.5898410145736752e-6,-198575.29365079364,126
493881,1.4298570131071423e-6,2.1297870195232253e-6,-198609.8,115
493882,1.0698930098074427e-6,1.6498350151236246e-6,-198596.82352941178,85
493883,1.9898010182400094e-6,3.249675029788961e-6,-198579.9416058394,137
493884,1.7998200164985016e-6,2.4997500229145846e-6,-198554.34146341463,123
493885,8.319168076259676e-6,1.2158784111456523e-5,-198523.2798833819,343
493886,1.172882710751517e-5,1.720827915774394e-5,-198567.20327102803,428
493887,2.849715026122628e-6,4.289571039321426e-6,-198560.23645320197,203
493888,4.279572039229765e-6,6.31936805792806e-6,-198606.56279069767,215
493889,2.019798018514985e-6,3.039696027864136e-6,-198637.6857142857,175
493890,1.2998700119155846e-6,1.7498250160402087e-6,-198613.16666666666,132
493891,2.1197880194315682e-6,2.5797420236478507e-6,-198605.32450331125,151
493892,5.969403054720011e-6,6.919308063427563e-6,-198568.66455696203,158
493893,2.579742023647852e-6,3.969603036388358e-6,-198580.06707317074,164
493894,1.2828717117597622e-5,1.7648235161776944e-5,-198619.62376237623,303
493895,2.10978901933991e-6,2.929707026855893e-6,-198645.7247706422,218
493896,3.729627034188563e-6,5.449455049953789e-6,-198649.4862745098,255
493897,3.2396760296973028e-6,4.2595740390464515e-6,-198609.97354497353,189
493898,4.26957303913811e-6,4.609539042254488e-6,-198629.63687150838,179
493899,1.8998100174150845e-6,2.9797020273141856e-6,-198595.03703703705,162
493900,3.3696630308888608e-6,5.659434051878616e-6,-198606.34210526315,152
493901,4.089591037488253e-6,5.0694930464707715e-6,-198645.71830985916,142
493902,9.299070085242258e-7,1.1898810109073419e-6,-198631.20512820513,117
493903,1.0998900100824178e-6,1.5998400146653334e-6,-198606.44036697247,109
493904,4.589541042071173e-6,7.009299064252489e-6,-198561.8683127572,243
493905,1.2188781111731471e-5,1.7248275158110603e-5,-198482.69208211143,341
493906,3.3396660306138873e-6,4.459554040879618e-6,-198441.8260869565,207
493907,4.539546041612881e-6,6.119388056094897e-6,-198428.976,250
493908,6.0593940555449404e-6,8.479152077726263e-6,-198453.55405405405,296
493909,1.4608539133912754e-5,1.7358264159118837e-5,-198562.7003816794,524
493910,9.699030088902119e-6,1.4358564131612831e-5,-198649.27210884355,441
493911,2.979702027314187e-6,4.0795920373966e-6,-198656.68,225
493912,5.499450050412064e-6,6.949305063702533e-6,-198665.08333333334,264
493913,2.299770021081419e-6,3.6696330336386093e-6,-198682.88775510204,196
493914,6.739326061774135e-6,8.119188074423004e-6,-198713.5020242915,247
493915,1.1198880102643132e-6,1.6698330153055209e-6,-198716.84027777778,144
493916,2.0197980185135636e-6,2.93970602694542e-6,-198696.28846153847,156
493917,1.2998700119134539e-6,1.679832015395759e-6,-198691.3393939394,165
493918,1.07989200989697e-6,1.2798720117287148e-6,-198701.43846153846,130
493919,1.61983801484581e-6,2.379762021812552e-6,-198718.68707482994,147
493920,3.589641032903925e-6,5.3094690486684395e-6,-198731.9245283019,265
493921,5.439456049862107e-6,7.979202073143342e-6,-198798.00318471337,314
493922,2.4697530226396108e-6,3.489651031988759e-6,-198828.34391534392,189
493923,1.4298570131071426e-6,1.949805017873375e-6,-198822.975,160
493924,1.2498750114572927e-6,1.6898310154902587e-6,-198810.5810055866,179
493925,1.5698430143903591e-6,1.8498150169567916e-6,-198781.07096774192,155
493926,2.4897510228229275e-6,3.669633033638612e-6,-198788.11229946525,187
493927,1.7298270158568939e-6,2.429757022272977e-6,-198730.91469194312,211
493928,2.529747023189561e-6,3.2496750297889595e-6,-198749.8720379147,211
493929,1.5098490138404097e-6,2.189781020073175e-6,-198778.08205128205,195
493930,2.029797018606644e-6,3.269673029972276e-6,-198805.5668202765,217
493931,9.499050087075427e-7,1.3198680120989005e-6,-198788.50704225354,142
493932,2.0597940188816176e-6,2.429757022272976e-6,-198770.875,144
493933,6.06939305563659e-6,8.589141078734507e-6,-198829.61773700305,327
493934,1.2038796110356605e-5,1.5798420144820156e-5,-198897.2253164557,395
493935,6.2893710576530715e-6,8.829117080934298e-6,-198931.79228486647,337
493936,2.959704027130872e-6,4.37956204014635e-6,-198947.73188405798,276
493937,5.719428052428542e-6,8.919108081759226e-6,-198956.96238244514,319
493938,2.5097490230062443e-6,3.869613035471777e-6,-198919.41279069768,172
493939,3.359664030797203e-6,4.85951404454595e-6,-198943.03664921466,191
493940,2.379762021814685e-6,3.569643032722026e-6,-198934.0642857143,140
493941,1.5198480139320685e-6,2.1997800201648343e-6,-198963.4150943396,159
493942,2.3497650215397116e-6,3.2996700302472513e-6,-198975.9402173913,184
493943,1.8198180166818175e-6,2.1397860196148845e-6,-198959.06106870229,131
493944,1.0698930098074427e-6,1.5498450142070417e-6,-198956.1224489796,147
493945,1.4598540133821185e-6,1.759824016131867e-6,-198978.6369047619,168
493946,6.919308063425409e-6,9.609039088079382e-6,-199011.72929936307,314
493947,3.0296970277703467e-6,4.729527043350129e-6,-199029.19411764707,170
493948,6.399360058661337e-7,8.999100082492509e-7,-198998.26,150
493949,1.0198980093491506e-6,1.3198680120989007e-6,-198998.6978021978,182
493950,1.8098190165837664e-6,2.599740023821222e-6,-199027.6484375,256
493951,1.5598440142972811e-6,2.299770021079286e-6,-199030.08455882352,272
493952,1.0198980093491506e-6,1.3198680120989003e-6,-198984.46280991734,121
493953,1.7198280157652345e-6,2.259774020714784e-6,-198974.86639676112,247
493954,1.4098590129238265e-6,1.8098190165901583e-6,-198975.88414634147,164
493955,2.5697430235561936e-6,3.2896710301555934e-6,-198949.8108108108,222
493956,3.4796520318971037e-6,5.199480047662334e-6,-198950.27137546468,269
493957,3.879612035560593e-6,5.299470048575365e-6,-199012.3991935484,248
493958,5.799420053161804e-6,8.719128079926055e-6,-198987.1253132832,399
493959,7.989201073234967e-6,6.309369057836407e-6,-198987.53237410073,278
493960,2.189781020073178e-6,2.5397460232812177e-6,-198956.44845360826,194
493961,6.0193980551783e-6,8.619138079009474e-6,-198894.67536231884,345
493962,6.64933506095277e-6,8.969103082217516e-6,-198848.5201793722,223
493963,1.579842014482019e-6,2.199780020164834e-6,-198842.34857142856,175
493964,9.999000091658339e-7,1.4398560131988003e-6,-198863.9180327869,122
493965,1.0098990092574931e-6,1.3298670121905589e-6,-198870.72674418605,172
493966,8.299170076076425e-7,1.1698830107240258e-6,-198847.1851851852,135
493967,1.1498850105407088e-6,1.4998500137487505e-6,-198881.94339622642,106
493968,6.599340060494501e-7,7.599240069660333e-7,-198879.55063291139,158
493969,1.079892009899101e-6,1.4998500137487499e-6,-198857.62893081762,159
493970,6.399360058661337e-7,9.399060086158836e-7,-198839.10833333334,120
493971,7.199280065994005e-7,8.399160076993004e-7,-198840.664,125
493972,1.979802018148351e-6,2.4197580221813172e-6,-198835.5519125683,183
493973,1.0498950096241257e-6,1.229877011273975e-6,-198847.54032258064,124
493974,8.699130079742755e-7,1.3298670121905584e-6,-198844.34745762713,118
493975,6.399360058661338e-7,7.399260067827171e-7,-198847.47692307693,130
493976,1.3798620126488496e-6,1.6198380148486501e-6,-198835.17777777778,90
493977,5.69943005224525e-7,5.69943005224525e-7,-198847.72932330827,133
493978,5.499450050412084e-7,5.699430052245251e-7,-198859.07692307694,91
493979,1.5998400146653337e-7,1.3998600128321669e-7,-198852.46,50
493980,2.9997000274975e-7,3.5996400329969986e-7,-198845.99166666667,120
493981,1.6998300155819172e-7,2.2997700210814168e-7,-198851.3230769231,65
493982,1.1298870103573927e-6,1.7498250160402083e-6,-198869.92142857143,140
493983,2.1497850197065438e-6,3.1896810292390113e-6,-198869.6449704142,169
493984,1.209879011090659e-6,1.7098290156735748e-6,-198827.21476510068,149
493985,3.479652031897104e-6,5.3894610494038326e-6,-198786.91578947369,190
493986,1.2198780111823174e-6,1.6998300155819169e-6,-198774.25396825396,126
493987,3.7996200348301665e-6,3.959604036296699e-6,-198785.625,104
493988,1.9998000183316675e-7,2.3997600219980005e-7,-198784.8448275862,58
493989,1.3998600128321666e-7,1.5998400146653332e-7,-198784.53191489363,47
493990,4.5995400421628325e-7,6.699330061411084e-7,-198782.0975609756,82
493991,3.199680029330667e-7,4.399560040329666e-7,-198792.85714285713,77
493992,1.44985501329046e-6,1.3498650123738756e-6,-198798.54761904763,126
493993,6.299370057744752e-7,7.699230070576922e-7,-198821.43925233645,107
493994,4.999500045829166e-7,6.599340060494503e-7,-198811.1264367816,87
493995,1.0798920098991004e-6,1.3998600128321668e-6,-198793.09016393442,122
493996,1.3398660122822166e-6,1.5798420144820164e-6,-198792.7659574468,47
493997,2.399760021998001e-7,2.3997600219980005e-7,-198790.5507246377,69
493998,5.999400054995e-8,5.999400054995e-8,-198791.2857142857,42
493999,2.899710026580917e-7,3.899610035746748e-7,-198787.24657534246,73
494000,1.2898710118239254e-6,1.0298970094408086e-6,-198788.19047619047,63
494001,3.999600036663332e-7,4.999500045829166e-7,-198783.25,72
494002,2.1497850197065425e-6,2.329767021356392e-6,-198803.09722222222,72
494003,7.099290065077423e-7,1.0298970094408084e-6,-198814.61904761905,105
494004,2.099790019248251e-7,1.899810017415084e-7,-198813.4393939394,66
494005,6.099390055911587e-7,8.499150077909589e-7,-198791.5145631068,103
494006,1.7298270158568924e-6,2.389761021906343e-6,-198784.66386554623,119
494007,3.5396460324449215e-6,4.929507045182584e-6,-198739.75490196078,204
494008,1.5498450142013594e-6,1.9298070176801125e-6,-198717.22480620156,258
494009,4.459554040876774e-6,7.01929806433917e-6,-198677.25862068965,232
494010,1.2998700119155846e-6,1.4798520135654344e-6,-198652.23214285713,224
494011,1.879812017231769e-6,2.3197680212647356e-6,-198657.97735849058,265
494012,2.35776422161018e-5,2.9507049270444577e-5,-198729.46263345197,562
494013,4.149585038038205e-6,6.189381056736505e-6,-198778.7939189189,296
494014,1.7748225162692016e-5,2.688731124646491e-5,-198676.14054054054,555
494015,5.859414053711768e-6,9.119088083592388e-6,-198587.23209169053,349
494016,6.869313062967802e-6,9.20907908441586e-6,-198666.1525179856,695
494017,4.969503045546347e-6,5.969403054711482e-6,-198668.28083491462,527
494018,2.2797720208966817e-6,2.839716026028837e-6,-198692.71129707113,239
494019,4.329567039688048e-6,6.10938905600323e-6,-198782.6,295
494020,1.079892009899101e-6,1.719828015765233e-6,-198778.5285714286,140
494021,8.499150077909592e-7,1.149885010540709e-6,-198759.29032258064,124
494022,1.5798420144820181e-6,2.21977802034815e-6,-198758.17088607594,158
494023,6.099390055911584e-7,7.699230070576921e-7,-198781.35576923078,104
494024,1.319868012098902e-6,2.0397960186983e-6,-198782.11464968152,157
494025,2.1097890193399086e-6,1.6298370149403083e-6,-198763.73529411765,102
494026,1.109889010174076e-6,1.809819016590158e-6,-198763.8,135
494027,7.799220071493507e-7,1.179882010815684e-6,-198773.6880733945,109
494028,1.3458654123372102e-5,1.3738626125938541e-5,-198761.63524590165,244
494029,4.9195080450958896e-6,6.8593140628776135e-6,-198810.69379844962,258
494030,1.039896009532463e-5,1.265873411603944e-5,-198843.523659306,317
494031,3.999600036663335e-6,5.919408054261732e-6,-198803.7142857143,231
494032,3.899610035746753e-6,4.999500045829165e-6,-198764.3817427386,241
494033,2.7297270250227276e-6,4.059594037213285e-6,-198771.67105263157,228
494034,2.789721025572678e-6,3.6696330336386114e-6,-198742.8995215311,209
494035,1.5598440142987014e-6,2.4397560223646352e-6,-198749.29166666666,192
494036,2.16978301988986e-6,2.8897110264892607e-6,-198744.4480874317,183
494037,7.099290065077424e-7,9.299070085242256e-7,-198745.0522875817,153
494038,1.6198380148486514e-6,1.979802018148351e-6,-198738.91304347827,161
494039,6.099390055911584e-7,8.299170076076419e-7,-198747.25984251968,127
494040,9.299070085242259e-7,9.499050087075427e-7,-198758.54404145078,193
494041,9.20907908441729e-6,1.3208679121080651e-5,-198851.8635097493,359
494042,1.7798220163151855e-6,2.599740023831168e-6,-198862.0875576037,217
494043,1.2698730116406093e-6,1.4698530134737758e-6,-198860.8651685393,178
494044,1.1698830107240256e-6,1.2698730116406084e-6,-198867.46979865772,149
494045,2.239776020531468e-6,1.7798220163151834e-6,-198864.51677852348,149
494046,1.2098790110906586e-6,1.649835015123625e-6,-198872.43410852714,129
494047,4.929507045187552e-6,7.129287065352382e-6,-198917.54448398575,281
494048,4.839516044362615e-6,6.839316062694292e-6,-198962.86590038316,261
494049,1.9798020181483515e-6,2.659734024381119e-6,-198965.23163841807,177
494050,1.239876011365635e-6,1.6798320153986003e-6,-198969.44723618092,199
494051,2.2397760205314695e-6,2.8997100265809194e-6,-198988.0101010101,198
494052,5.789421053070177e-6,7.489251068652086e-6,-198969.6811023622,254
494053,5.779422052969971e-6,8.539146078264128e-6,-198998.59517426274,373
494054,9.049095082941521e-6,1.1648835106768454e-5,-199031.3142857143,455
494055,4.779522043812669e-6,6.639336060861122e-6,-199069.150997151,351
494056,4.8895110448209166e-6,6.689331061319422e-6,-199070.11830985916,355
494057,1.4198580130133533e-6,1.8398160168622916e-6,-199038.21323529413,136
494058,1.9798020181483515e-6,2.1597840197982004e-6,-199007.54545454544,154
494059,1.2298770112739758e-6,1.649835015123625e-6,-198985.69032258063,155
494060,8.599140078826172e-7,9.799020089825174e-7,-198983.21481481483,135
494061,7.199280065994004e-7,7.39926006782717e-7,-198979.0350877193,114
494062,1.959804017965034e-6,2.2197780203481507e-6,-198970.8130081301,123
494063,3.059694028047452e-6,2.6997300247477516e-6,-199002.8345323741,139
494064,1.9698030180566927e-6,3.0496950279557933e-6,-198995.09433962265,159
494065,3.0596940280474542e-6,4.179582038313183e-6,-198957.02966101695,236
494066,2.349765021539709e-6,3.00969902758916e-6,-198941.3046357616,151
494067,1.0898910099907594e-6,1.5298470140237254e-6,-198926.89915966385,119
494068,1.6398360150319673e-6,1.9198080175984004e-6,-198898.18309859154,142
494069,1.3098690120072423e-6,1.2698730116406086e-6,-198908.5431034483,116
494070,1.0098990092574925e-6,1.2498750114572925e-6,-198905.43636363637,110
494071,4.199580038496499e-7,4.999500045829165e-7,-198915.26829268291,123
494072,2.4697530226396104e-6,3.3896610310721775e-6,-198884.30697674418,215
494073,2.6797320245644357e-6,2.2397760205314674e-6,-198829.98089171975,157
494074,1.4098590129238252e-6,1.9198080175984004e-6,-198858.14406779662,118
494075,1.7698230162235274e-6,2.4297570222729764e-6,-198900.65258215962,213
494076,1.060893909723808e-5,1.2748725116855124e-5,-198958.56236786468,473
494077,8.939106081941805e-6,1.085891409953952e-5,-199033.8272921109,469
494078,7.539246069110326e-6,8.59914007882614e-6,-199076.05747126436,348
494079,6.57934206031117e-6,9.019098082675814e-6,-199112.944,375
494080,3.149685028872381e-6,4.509549041337905e-6,-199154.63120567377,282
494081,1.2098790110906599e-6,1.6898310154902587e-6,-199110.61290322582,186
494082,4.019598036846649e-6,2.3597640216313683e-6,-199078.67065868265,167
494083,2.489751022822927e-6,3.0696930281391105e-6,-199111.34972677595,183
494084,6.499350059577919e-7,9.099090083409089e-7,-199088.36,100
494085,1.4398560131988014e-6,1.519848013932067e-6,-199101.65625,160
494086,1.4498550132904595e-6,1.789821016406842e-6,-199115.05844155845,154
494087,3.539646032447053e-6,4.319568039596399e-6,-199098.42741935485,124
494088,1.1898810109073434e-6,1.7698230162235255e-6,-199069.7077922078,154
494089,1.4498550132904593e-6,2.1297870195232253e-6,-199073.29213483146,178
494090,2.319768021264735e-6,2.8197180258476508e-6,-199095.99456521738,184
494091,4.799520043995991e-6,7.029297064435797e-6,-199150.32180851063,376
494092,1.50984901384041e-6,2.079792019064933e-6,-199137.69620253163,158
494093,1.7898210164068428e-6,2.609739023922826e-6,-199071.6013986014,143
494094,1.279872011732268e-6,1.7798220163151836e-6,-199044.20382165606,157
494095,1.1198880102657348e-6,1.2798720117322676e-6,-199059.26666666666,135
494096,8.699130079742762e-7,1.0698930098074431e-6,-199060.306122449,196
494097,1.3298670121905593e-6,1.8498150169567916e-6,-199094.13103448277,145
494098,2.0497950187899613e-6,2.64973502428946e-6,-199087.9295154185,227
494099,1.3898610127405101e-6,1.7498250160402087e-6,-199099.75647668395,193
494100,2.3397660214480524e-6,3.319668030430569e-6,-199111.60829493086,217
494101,7.419258068010441e-6,8.979102082309175e-6,-199102.61455525606,371
494102,6.869313062967837e-6,8.839116081022403e-6,-199066.10576923078,416
494103,5.189481047570666e-6,7.049295064619125e-6,-198963.37696335078,382
494104,7.5992400696602906e-6,1.1098890101740738e-5,-198890.69868173258,531
494105,5.8094190532534596e-6,8.089191074151584e-6,-198878.87238979118,431
494106,2.6897310246560958e-6,3.66963303363861e-6,-198869.9929328622,283
494107,2.0497950187899605e-6,2.6697330244727773e-6,-198897.98832684825,257
494108,2.109789019339911e-6,3.069693028139111e-6,-198935.0,191
494109,1.0398960095324682e-6,1.4398560131988e-6,-198930.75,144
494110,1.0998900100824176e-6,1.4798520135654334e-6,-198920.82786885247,122
494111,2.8097190257559937e-6,3.769623034555194e-6,-198947.61835748793,207
494112,2.9997000274975053e-6,3.7896210347385127e-6,-198955.84437086093,302
494113,3.479652031897105e-6,4.849515044454288e-6,-198977.0382352941,340
494114,5.059494046372714e-6,6.469353059292979e-6,-199043.66176470587,476
494115,1.659834015213154e-6,2.1197880194280153e-6,-199029.76450511944,293
494116,1.5498450142070436e-6,1.9598040179650356e-6,-199048.17132867133,286
494117,5.369463049220506e-6,7.009299064252481e-6,-199119.96271929826,456
494118,1.8198180166818184e-6,2.4397560223646344e-6,-199129.90062111802,161
494119,2.569743023556195e-6,3.349665030705545e-6,-199075.36529680365,219
494120,2.1397860196148854e-6,3.059694028047452e-6,-199101.13063063062,222
494121,1.5798420144820181e-6,2.1397860196148837e-6,-199108.68421052632,190
494122,1.5398460141153848e-6,1.8998100174150839e-6,-199102.2857142857,175
494123,8.899110081575927e-7,1.2098790110906588e-6,-199090.24087591242,137
494124,3.769623034555196e-6,4.689531042987758e-6,-199109.01968503938,254
494125,1.4418558132171238e-5,1.9498050178733688e-5,-199221.67322239032,661
494126,3.557644232612062e-5,3.743625634316881e-5,-199287.16199756393,821
494127,5.079492046562418e-6,6.329367058019722e-6,-199283.73926380367,326
494128,3.7496250343718797e-6,4.929507045187558e-6,-199249.2508250825,303
494129,1.7398260159485523e-6,2.559744023464535e-6,-199235.54210526316,190
494130,2.259774020714786e-6,2.8797120263976023e-6,-199232.5093457944,214
494131,1.4498550132904595e-6,1.7698230162235248e-6,-199247.97802197802,182
494132,5.689431052153584e-6,4.649535042621124e-6,-199264.297979798,198
494133,4.0095990367549935e-6,3.8696130354717755e-6,-199266.96062992126,127
494134,6.499350059577917e-7,7.899210072410086e-7,-199268.53211009174,109
494135,2.799720025664334e-7,2.9997000274975e-7,-199252.44594594595,74
494136,1.5898410145736754e-6,1.8498150169567916e-6,-199237.6595744681,94
494137,8.999100082492507e-7,1.3498650123738754e-6,-199239.41379310345,116
494138,5.099490046745749e-7,6.099390055911585e-7,-199229.8992248062,129
494139,4.979502045645849e-6,4.3795620401463486e-6,-199232.46666666667,75
494140,1.5198480139320675e-6,2.009799018423325e-6,-199254.52272727274,132
494141,6.299370057744754e-7,6.199380056828168e-7,-199247.55263157896,76
494142,2.689731024656094e-6,3.5496450325387093e-6,-199277.4411764706,170
494143,1.6578342151964465e-5,2.1357864195774284e-5,-199384.91006423984,467
494144,1.069893009807443e-6,1.2498750114572923e-6,-199385.27814569537,151
494145,4.651534842639486e-5,4.9515048453892147e-5,-199476.40835266822,431
494146,3.6596340335469556e-6,4.7595240436293616e-6,-199497.14112903227,248
494147,1.5398460141153844e-6,1.8798120172317673e-6,-199462.39583333334,144
494148,1.6298370149403095e-6,2.029797018606642e-6,-199467.76470588235,153
494149,1.6098390147569928e-6,1.989801018240009e-6,-199470.13924050634,158
494150,2.239776020531468e-6,3.3996600311638346e-6,-199456.5632183908,174
494151,8.799120080659341e-7,1.2198780111823172e-6,-199449.864,125
494152,3.0696930281391113e-6,3.869613035471777e-6,-199467.95693779906,209
494153,5.599440051328664e-7,6.599340060494498e-7,-199464.1693548387,124
494154,8.399160076993005e-7,1.0998900100824167e-6,-199454.47706422018,109
494155,2.3997600219980005e-7,3.199680029330667e-7,-199447.58585858587,99
494156,9.79902008982517e-7,9.799020089825174e-7,-199446.84166666667,120
494157,4.3995600403296635e-7,3.599640032996998e-7,-199442.6393442623,61
494158,9.899010090741755e-7,8.499150077909588e-7,-199445.29032258064,62
494159,2.799720025664334e-7,3.599640032996999e-7,-199445.1948051948,77
494160,1.4598540133821177e-6,2.0197980185149837e-6,-199446.35652173913,115
494161,5.119488046929055e-6,6.689331061319421e-6,-199472.19396551725,232
494162,1.0298970094408098e-6,1.529847014023725e-6,-199483.30708661416,127
494163,1.8498150169567924e-6,1.8798120172317673e-6,-199457.9453125,128
494164,1.8698130171401085e-6,2.09979001924825e-6,-199427.70588235295,102
494165,1.4398560131988005e-6,1.85981401704845e-6,-199405.8655462185,119
494166,1.7298270158568916e-6,1.4298570131071415e-6,-199429.59793814432,97
494167,4.979502045645838e-6,5.259474048212278e-6,-199430.13725490196,102
494168,9.6690330886336e-6,6.229377057103137e-6,-199428.03883495147,103
494169,2.8297170259393087e-6,1.2898710118239252e-6,-199415.43396226416,106
494170,1.769823016223526e-6,2.3797620218146837e-6,-199383.5641025641,156
494171,1.2398760113656335e-6,1.3898610127405084e-6,-199398.33333333334,126
494172,3.30966903033891e-6,1.9898010182400077e-6,-199388.2558139535,129
494173,1.5498450142070424e-6,1.8898110173234249e-6,-199396.47887323942,142
494174,2.2867713209622603e-5,2.6447355242436276e-5,-199426.28703703705,216
494175,2.76972302538936e-6,2.5897410237395087e-6,-199428.39864864864,148
494176,9.199080084325677e-7,1.1598840106323672e-6,-199425.12857142856,140
494177,3.039696027864137e-6,3.039696027864136e-6,-199449.89880952382,168
494178,1.2698730116406097e-6,1.6498350151236257e-6,-199433.2783018868,212
494179,8.7091290798344e-6,1.3098690120072421e-6,-199405.79194630872,149
494180,1.8798120172317671e-6,1.8398160168651338e-6,-199408.34972677595,183
494181,9.499050087075425e-7,1.1298870103573923e-6,-199402.56962025317,158
494182,6.209379056919803e-6,8.589141078734498e-6,-199442.47214076246,341
494183,1.08339165993114e-4,9.118088183582666e-5,-199620.3039073806,691
494184,1.342765722308821e-4,1.1229877002941451e-4,-199750.5304964539,705
494185,7.229277066268951e-6,1.0158984093124857e-5,-199764.08333333334,372
494186,4.039596037029968e-6,4.799520043996e-6,-199738.8312236287,237
494187,2.1797820199815185e-6,2.859714026214285e-6,-199734.42934782608,184
494188,1.9818018181666773e-5,2.1787821199723477e-5,-199735.11057692306,208
494189,7.5892410695686555e-6,3.5496450325387093e-6,-199722.8364779874,159
494190,5.039496046195788e-6,6.6993300614110795e-6,-199751.70454545456,220
494191,3.969603036388362e-6,4.609539042254488e-6,-199741.02904564314,241
494192,2.101789819266579e-5,2.1857814200365096e-5,-199729.10273972602,146
494193,1.1298870103573931e-6,1.489851013657092e-6,-199739.73548387096,155
494194,1.80981901659016e-6,2.469753022639609e-6,-199754.95675675676,185
494195,6.17938205664128e-6,9.779022089635452e-6,-199708.34333333332,300
494196,9.359064085792159e-6,1.3448655123280454e-5,-199606.46698113208,424
494197,1.4778522135458894e-5,2.1317868195397054e-5,-199660.90619765493,597
494198,1.8398160168651216e-5,2.5997400238311577e-5,-199750.28528072836,659
494199,2.2217778203664643e-5,2.1997800201648266e-5,-199816.46110056926,527
494200,8.449155077451267e-6,1.1568843106048684e-5,-199823.1984924623,398
494201,4.389561040238003e-6,6.28937105765308e-6,-199804.97627118643,295
494202,1.602839714692826e-5,1.7948205164526683e-5,-199874.53215077607,451
494203,2.107789219321562e-5,2.9417058269658727e-5,-199789.5908319185,589
494204,3.559644032630373e-6,4.959504045462535e-6,-199713.53505535054,271
494205,7.75922407112187e-6,1.1298870103566804e-5,-199682.09677419355,341
494206,4.48955104115317e-6,5.509449050500898e-6,-199653.43147208123,197
494207,1.6898310154859958e-6,2.0897910191523287e-6,-199668.5294117647,153
494208,4.5195480414281385e-6,6.51934805975981e-6,-199653.466367713,223
494209,3.489651031987343e-6,5.529447050684921e-6,-199683.72950819673,244
494210,3.0296970277689275e-6,4.829517044264578e-6,-199702.87837837837,222
494211,1.5898410145715454e-6,2.3697630217201836e-6,-199691.55778894472,199
494212,1.66983301530197e-6,2.329767021351419e-6,-199674.21556886227,167
494213,2.8497150261212075e-6,3.2496750297868287e-6,-199682.3027522936,218
494214,1.3798620126488507e-6,1.6998300155819169e-6,-199658.7908496732,153
494215,3.1596840289640362e-6,3.5996400329970016e-6,-199642.72348484848,264
494216,2.509749023003403e-6,3.249675029785408e-6,-199655.25482625482,259
494217,5.739426052611168e-6,8.339166076442333e-6,-199730.1769547325,243
494218,5.729427052520215e-6,8.189181075068169e-6,-199759.81203007518,266
494219,2.0297970186066375e-5,2.1857814200365082e-5,-199760.23451327434,226
494220,1.129887010357393e-6,1.389861012740509e-6,-199758.93959731545,149
494221,9.039096082859104e-6,1.3208679121080655e-5,-199749.08027522935,436
494222,1.4948505137029165e-5,2.2197780203481442e-5,-199790.9255319149,564
494223,4.7495250435376985e-6,5.589441051237e-6,-199784.6636085627,327
494224,4.0045995367091694e-5,3.9706029363975257e-5,-199768.51229508198,244
494225,3.669633033638612e-6,4.359564039963032e-6,-199738.56967213115,244
494226,1.909809017506743e-6,2.3097690211730756e-6,-199757.12182741117,197
494227,2.4297570222729773e-6,2.939706026947551e-6,-199753.75490196078,204
494228,2.189781020073176e-6,2.0797920190649335e-6,-199754.22535211267,142
494229,6.699330061411083e-7,6.899310063244251e-7,-199740.1935483871,124
494230,2.929707026855895e-6,4.009599036754989e-6,-199786.74175824175,182
494231,2.6197380240144846e-6,3.1396860287807165e-6,-199773.31012658228,158
494232,3.529647032355398e-6,5.369463049220524e-6,-199784.88065843622,243
494233,5.339466048945546e-6,7.599240069660329e-6,-199777.9753846154,325
494234,2.3397660214480524e-6,3.4496550316221264e-6,-199776.92647058822,204
494235,1.5098490138404093e-6,2.009799018423325e-6,-199781.8907563025,119
494236,1.1898810109073423e-6,1.649835015123625e-6,-199774.10833333334,120
494237,1.1098890101740731e-5,9.21907808450897e-6,-199714.764,250
494238,2.4597540225422663e-6,3.199680029324272e-6,-199691.66917293234,133
494239,1.369863012550799e-6,1.669833015299837e-6,-199679.3142857143,175
494240,1.959804017963614e-6,2.339766021445209e-6,-199677.46231155779,199
494241,8.799120080659339e-7,1.0398960095324672e-6,-199688.19083969467,131
494242,1.5998400146546769e-6,1.7998200164871325e-6,-199676.61494252874,174
494243,1.419858013015485e-6,1.739826015948551e-6,-199695.35714285713,182
494244,1.2208779111892063e-5,9.309069085309037e-6,-199679.24,225
494245,7.449255068270504e-6,1.0348965094848606e-5,-199711.8670694864,331
494246,1.8738126171746325e-5,2.3687631217112987e-5,-199691.31346153846,520
494247,2.1567843197704064e-5,1.33486651223596e-5,-199645.77922077922,385
494248,4.879512044716471e-6,6.479352059381098e-6,-199671.61454545453,275
494249,4.379562040146347e-6,6.499350059577907e-6,-199632.20833333334,240
494250,2.03979601869688e-6,2.6197380240123527e-6,-199655.45833333334,144
494251,1.7398260159478414e-6,2.2197780203467306e-6,-199662.2340425532,188
494252,2.4897510228207955e-6,3.7796220346425883e-6,-199661.45505617978,178
494253,1.5398460141089904e-6,2.059794018873802e-6,-199666.48780487804,123
494254,2.4197580221813198e-6,3.3396660306138865e-6,-199712.9406392694,219
494255,8.199180075159841e-7,9.399060086158844e-7,-199706.4620689655,145
494256,2.539746023276246e-6,3.39966003115673e-6,-199665.95744680852,188
494257,7.669233070301911e-6,1.0518948096424555e-5,-199617.30252100842,238
494258,1.9198080175984004e-6,2.3397660214480507e-6,-199622.20197044336,203
494259,1.1398860104490502e-6,1.1398860104490504e-6,-199622.30392156861,102
494260,6.599340060494505e-7,7.599240069660338e-7,-199616.65420560748,107
494261,1.6698330153069432e-6,2.509749023006243e-6,-199632.9090909091,165
494262,2.2897710209890503e-6,3.209679029420907e-6,-199669.13300492612,203
494263,1.879812017230347e-6,2.3197680212640237e-6,-199691.14942528735,174
494264,2.819718025847654e-6,3.97960203648002e-6,-199638.72429906542,214
494265,1.3998600128314578e-6,2.0897910191551714e-6,-199666.84027777778,144
494266,8.219178075343114e-6,9.799020089825152e-6,-199744.83841463414,328
494267,2.319768021264736e-6,3.219678029513985e-6,-199751.30409356725,171
494268,1.3398660122822176e-6,1.8298170167734753e-6,-199754.77777777778,216
494269,9.79902008982514e-6,1.1778822107973512e-5,-199761.40712468192,393
494270,6.729327061686027e-6,8.629137079101125e-6,-199735.79358717435,499
494271,5.859414053700395e-6,8.159184074780403e-6,-199686.1204819277,332
494272,2.4497550224498998e-6,3.5096490321614193e-6,-199687.90710382513,183
494273,1.1678832107056159e-5,1.626837314912239e-5,-199632.6865079365,504
494274,5.279472048394878e-6,7.259274066542526e-6,-199660.24902723735,257
494275,4.079592037383102e-6,5.08949104663917e-6,-199666.28453038674,362
494276,1.769823016223527e-6,2.0297970186066425e-6,-199640.875,160
494277,5.499450050412084e-7,7.299270066910584e-7,-199650.80916030533,131
494278,8.799120080630918e-7,1.1998800109954478e-6,-199669.55660377358,106
494279,1.4798520135618817e-6,2.109789019335645e-6,-199678.1590909091,132
494280,1.109889010171234e-6,1.729827015851918e-6,-199678.73553719008,121
494281,1.9998000183309575e-6,2.63973602419567e-6,-199681.18274111676,197
494282,2.0497950187899588e-6,2.189781020073175e-6,-199654.75675675675,148
494283,5.999400054995e-7,8.19918007515984e-7,-199650.23463687152,179
494284,6.399360058661335e-7,8.099190074243254e-7,-199654.34905660377,106
494285,1.9598040179600614e-6,2.5597440234588504e-6,-199679.18181818182,154
494286,7.399260067827169e-7,9.299070085242249e-7,-199698.8488372093,86
494287,1.229877011273976e-6,1.6098390147569926e-6,-199697.04054054053,148
494288,2.8997100265809203e-6,4.2795720392297666e-6,-199704.88288288287,222
494289,1.5298470140237256e-6,1.9898010182400086e-6,-199727.6463414634,164
494290,1.3798620126488507e-6,1.5298470140237252e-6,-199722.5,178
494291,3.8696130354717755e-6,3.0496950279557937e-6,-199708.65989847717,197
494292,3.7596240344450617e-6,3.2796720300554083e-6,-199674.00938967135,213
494293,3.554644532580741e-5,3.8686131354589215e-5,-199688.56393442623,305
494294,4.279572039229765e-6,5.359464049128859e-6,-199735.98381877024,309
494295,3.759624034463539e-6,5.31946804876223e-6,-199740.94684385383,301
494296,1.5698430143903597e-6,1.8298170167734757e-6,-199732.76605504588,218
494297,4.299570039413087e-6,5.919408054261729e-6,-199716.203187251,251
494298,8.315168476223051e-5,6.596340360467e-5,-199807.72052401747,458
494299,7.940205972772268e-5,5.2284771479186215e-5,-199939.86451612902,620
494300,6.759324061959597e-6,8.799120080657194e-6,-199966.0578778135,311
494301,8.799120080659343e-7,1.1998800109990005e-6,-199948.97931034482,145
494302,2.339766021448051e-6,2.8797120263976e-6,-199959.22727272726,154
494303,2.1347865195688318e-5,2.1387861196053594e-5,-199980.73353293413,334
494304,9.449055086587266e-6,1.0288971094297237e-5,-200001.23699421965,346
494305,2.3097690211659715e-6,2.8897110264771807e-6,-199993.5989010989,182
494306,1.5008499137554994e-5,2.5297470231774806e-6,-199990.46391752578,97
494307,2.499750022914584e-7,3.299670030247249e-7,-199978.02,50
494308,4.6995300430794136e-7,6.099390055911585e-7,-199984.23008849556,113
494309,7.299270066903482e-7,9.299070085228046e-7,-200001.288,125
494310,4.299570039413082e-7,6.099390055911582e-7,-200008.33333333334,72
494311,1.0992900700769152e-4,1.1478852105223765e-4,-200133.39329805996,567
494312,6.97930206397749e-6,6.959304063794192e-6,-200185.23106060605,264
494313,6.999300064160835e-7,6.79932006232767e-7,-200175.0353982301,113
494314,8.599140078826174e-7,1.0798920098991006e-6,-200171.16964285713,112
494315,1.1398860104490507e-6,1.3398660122822168e-6,-200156.04210526316,95
494316,1.7598240161318673e-6,1.7798220163151843e-6,-200170.48684210525,152
494317,4.539546041612884e-6,6.599340060494492e-6,-200118.24905660376,265
494318,6.519348059761231e-6,7.619238069843643e-6,-200070.70943396227,265
494319,3.159684028949116e-6,3.63963603335369e-6,-200013.03603603604,222
494320,1.5978402146469986e-5,1.6838316154352593e-5,-200020.4463276836,177
494321,1.329867012190559e-6,1.909809017506742e-6,-200013.1094890511,137
494322,3.1496850288722323e-5,1.5098490138401225e-5,-199947.84671532846,274
494323,2.9997000274975036e-6,4.019598036846651e-6,-199946.11949685533,159
494324,1.090990900000757e-4,5.3384661489350406e-5,-199789.91347342398,809
494325,1.6928307155173198e-5,2.3237676213008177e-5,-199722.00153846154,650
494326,1.38386161268551e-5,1.5778422144636844e-5,-199771.17770034843,287
494327,1.8498150169567922e-6,2.309769021173075e-6,-199744.50335570468,149
494328,1.9698030180566927e-6,2.9497050270392088e-6,-199751.7421875,128
494329,1.0388961095233e-5,8.409159077084654e-6,-199732.47651006712,149
494330,5.282471748423108e-5,6.92230776345506e-5,-199729.16083916085,143
494331,1.5198480139320681e-6,2.119788019431567e-6,-199727.26717557252,131
494332,1.9898010182400086e-6,1.0898910099907582e-6,-199732.6081081081,74
494333,8.399160076993011e-7,1.1798820108156841e-6,-199750.09032258065,155
494334,1.4098590129238254e-6,1.73982601594855e-6,-199727.9605263158,228
494335,7.299270066910586e-7,9.299070085242254e-7,-199711.61006289307,159
494336,3.2196780295139835e-6,3.439656031530467e-6,-199733.78494623656,93
494337,8.099190074243253e-7,1.0698930098074423e-6,-199730.17582417582,91
494338,3.7396260342802183e-6,5.839416053528464e-6,-199726.1171875,128
494339,7.699230070576922e-7,8.899110081575922e-7,-199714.71317829457,129
494340,6.999300064160839e-7,7.599240069660337e-7,-199732.2142857143,112
494341,3.0596940280474525e-6,3.879612035563434e-6,-199756.87330316743,221
494342,2.581741823666164e-5,2.985701427369169e-5,-199851.39449541285,545
494343,1.3298670121905595e-6,2.0497950187899584e-6,-199846.70658682636,167
494344,8.929107081850853e-6,8.449155077451272e-6,-199826.8322580645,465
494345,1.1998800109990009e-6,1.3798620126488505e-6,-199814.40869565218,115
494346,7.599240069660341e-7,1.0398960095324674e-6,-199828.10084033615,119
494347,2.0697930189732755e-6,2.7697230253893594e-6,-199838.05217391305,115
494348,3.449655031622128e-6,5.01949804601248e-6,-199856.95,200
494349,2.4747525226840087e-5,3.3076692303191526e-5,-199937.43859649124,456
494350,1.198880110989829e-5,1.848815116947621e-5,-199877.09850107066,467
494351,4.809519044087649e-6,6.50934905966957e-6,-199841.5285714286,210
494352,2.9597040271308697e-6,4.079592037396601e-6,-199808.61494252874,174
494353,1.8198180166818182e-6,2.889711026489259e-6,-199816.5652173913,138
494354,4.429557040604637e-6,6.169383056553185e-6,-199820.8288973384,263
494355,1.539846014115384e-6,1.9698030180566914e-6,-199851.52884615384,104
494356,2.1997800201648348e-6,2.759724025297701e-6,-199835.84065934067,182
494357,4.939506045279216e-6,2.6097390239228254e-6,-199790.5703125,128
494358,5.6394360516952796e-6,5.059494046379111e-6,-199806.00985221675,203
494359,5.2794720483955875e-6,6.559344060127859e-6,-199778.01351351352,222
494360,1.7898210164068416e-6,1.409859012923825e-6,-199764.3596491228,114
494361,1.8798120172317678e-6,2.4597540225479507e-6,-199738.96875,192
494362,1.179882010815684e-6,1.339866012282217e-6,-199747.57857142857,140
494363,8.599140078826177e-7,1.1598840106323672e-6,-199749.0291970803,137
494364,1.1998800109990009e-6,1.6198380148486501e-6,-199753.12258064517,155
494365,5.899410054078415e-7,7.69923007057692e-7,-199751.18811881187,101
494366,4.069593037304943e-6,4.6895310429877525e-6,-199716.4769874477,239
494367,3.6996300339093256e-6,5.719428052420737e-6,-199693.5641025641,273
494368,2.76972302538794e-6,3.409659031251941e-6,-199680.7488986784,227
494369,1.6298370149374675e-6,2.1097890193363574e-6,-199665.91194968554,159
494370,7.399260067827167e-7,8.699130079742753e-7,-199685.2685185185,108
494371,1.5798420144820181e-6,2.2997700210814176e-6,-199723.39583333334,192
494372,2.5197480230979014e-6,3.959604036296701e-6,-199747.72448979592,294
494373,1.1598840106323674e-6,1.579842014482017e-6,-199779.7304964539,141
494374,3.349665030705547e-6,5.1294870470207226e-6,-199787.51658767773,211
494375,8.899110081575924e-7,1.2698730116406086e-6,-199787.78095238094,105
494376,1.3958604127955e-5,1.8158184166451523e-5,-199826.53515625,256
494377,4.009599036754996e-6,6.109389056003236e-6,-199856.69111969112,259
494378,2.6897310246560945e-6,3.90960903583841e-6,-199872.78125,192
494379,1.1798820108156846e-6,1.7398260159485501e-6,-199883.2857142857,133
494380,8.699130079742755e-7,1.2098790110906586e-6,-199865.94736842104,95
494381,1.5598440142987007e-6,2.119788019431567e-6,-199838.83333333334,102
494382,1.5098490138404093e-6,2.399760021998e-6,-199831.36607142858,112
494383,2.5497450233728777e-6,3.6496350334552934e-6,-199846.18446601942,206
494384,9.29907008524226e-7,1.0498950096241255e-6,-199842.66417910447,134
494385,1.3198680120989018e-6,2.009799018423325e-6,-199847.17142857143,140
494386,8.249175075610271e-6,1.2148785111356337e-5,-199737.6238938053,452
494387,2.6197380240144863e-6,3.319668030430569e-6,-199724.11805555556,288
494388,3.5296470323553947e-6,4.8695130446376075e-6,-199745.28896103895,308
494389,5.909409054170056e-6,8.789121080567671e-6,-199734.87810383746,443
494390,1.1898810109066254e-5,1.7618238161491992e-5,-199720.2134251291,581
494391,1.8638136170851006e-5,2.285771420953085e-5,-199846.20717781404,613
494392,6.7793220621443245e-6,1.0178982093308175e-5,-199923.72117962467,373
494393,1.3798620126481362e-5,1.9978002183125497e-5,-199978.4291938998,459
494394,3.5896410329053474e-6,5.129487047020727e-6,-199960.07636363636,275
494395,1.839816016865135e-6,2.6797320245644336e-6,-199971.8079096045,177
494396,8.89911008157593e-7,1.249875011457292e-6,-199950.38095238095,126
494397,1.5098490138404097e-6,2.0597940188816167e-6,-199954.6607142857,168
494398,5.279472048382098e-6,6.2793720575429584e-6,-199973.35766423357,137
494399,1.545345464164553e-4,2.2097790202564927e-6,-199963.0909090909,121
494400,5.309469048670561e-6,6.9093090633359e-6,-199942.05376344087,186
494401,1.5798420144820183e-6,2.259774020714784e-6,-199947.182320442,181
494402,1.7398260159485518e-6,2.4297570222729764e-6,-199968.5,206
494403,1.7598240161318682e-6,2.4497550224562928e-6,-199954.1418918919,148
494404,3.299670030244413e-6,4.549545041700989e-6,-200004.52173913043,230
494405,9.69903008890859e-7,1.2698730116406086e-6,-199954.5588235294,102
494406,8.399160076993006e-7,1.1798820108156837e-6,-199939.9708737864,103
494407,1.0598940097157843e-6,1.4798520135654336e-6,-199932.42211055275,199
494408,2.6997300247477537e-6,3.879612035563438e-6,-199883.64676616914,201
494409,2.4097590220896606e-6,3.3296670305222264e-6,-199917.65094339623,212
494410,1.409859012923827e-6,1.9298070176900588e-6,-199913.24852071007,169
494411,2.1397860196148854e-6,3.1596840289640362e-6,-199920.43216080402,199
494412,6.509349059669551e-6,9.789021089733494e-6,-199912.38596491228,399
494413,1.1398860104484054e-5,1.709829015672365e-5,-200005.32664233577,548
494414,8.429157077257986e-6,1.2378762113461634e-5,-200019.62133891214,478
494415,5.009499045920102e-6,7.689231070483122e-6,-199973.83285302593,347
494416,3.879612035560597e-6,5.959404054622675e-6,-199994.70106761565,281
494417,7.879212072224618e-6,1.0838916099353364e-5,-200040.66923076924,390
494418,3.3696630308888633e-6,5.169483047387353e-6,-200073.2857142857,287
494419,1.599840014665335e-6,2.0197980185149845e-6,-200040.75789473683,190
494420,1.6898310154902596e-6,2.0097990184233253e-6,-200025.99386503067,163
494421,5.9324067543809294e-5,6.582341760338682e-5,-200154.90485074627,536
494422,9.029097082767438e-6,1.3128687120347388e-5,-200189.2700296736,337
494423,5.209479047753992e-6,6.869313062969271e-6,-200204.36936936938,222
494424,2.5397460232812202e-6,3.6696330336386114e-6,-200198.21296296295,216
494425,7.90920907250171e-6,1.106889310146577e-5,-200220.20506329113,395
494426,2.6497350242894623e-6,3.7496250343718776e-6,-200230.87441860465,215
494427,2.349365061535858e-4,2.4245575422251288e-4,-200357.771019678,559
494428,3.3806619309896756e-5,3.155684428927369e-5,-200425.8097826087,368
494429,6.759324061961009e-6,7.89921007241007e-6,-200434.94306049822,281
494430,3.7396260342802188e-6,4.819518044179312e-6,-200433.8036809816,163
494431,1.8298170167734755e-6,2.5297470231895597e-6,-200371.2470119522,251
494432,1.769823016223526e-6,2.4297570222729756e-6,-200375.13461538462,260
494433,7.37926206764385e-6,9.039096082859133e-6,-200372.37155963303,218
494434,2.2197780203481507e-6,2.999700027497501e-6,-200357.015936255,251
494435,2.339766021448051e-6,2.6197380240144846e-6,-200375.0308219178,584
494436,4.5695430418878496e-6,5.4094590495871485e-6,-200379.09726688103,1244
494437,7.689231070485244e-6,1.0728927098349389e-5,-200405.8784194529,329
494438,3.191680829256826e-5,3.5316468323729344e-5,-200394.0357142857,700
494439,4.229577038771474e-6,6.389361058569667e-6,-200367.9207920792,303
494440,6.839316062690023e-6,9.519048087253751e-6,-200325.42068965518,290
494441,5.039496046195792e-6,6.61933806067781e-6,-200232.93625498007,251
494442,2.159784019798201e-6,2.6997300247477508e-6,-200207.09454545454,275
494443,2.2297770204398095e-6,3.179682029147351e-6,-200219.8,150
494444,5.12948704702071e-6,7.2692730666355995e-6,-200247.80425531915,235
494445,1.0928907100182548e-5,3.049695027955793e-6,-200225.1653543307,127
494446,1.959804017965035e-6,2.6897310246560932e-6,-200259.21875,160
494447,1.419858013015484e-6,1.6198380148486497e-6,-200278.62790697673,86
494448,1.589841014573677e-6,2.2297770204398086e-6,-200252.01657458564,181
494449,1.4698530134737763e-6,2.1097890193399086e-6,-200272.58181818182,165
494450,2.889711026487129e-6,4.00959903675215e-6,-200299.4034090909,176
494451,2.1097890193391988e-6,3.0096990275877394e-6,-200304.90825688074,109
494452,1.0298970094386783e-6,1.5898410145708334e-6,-200306.0,137
494453,1.739826015948551e-6,2.3997600219980005e-6,-200262.26351351352,148
494454,1.2498750114572934e-6,1.8498150169567918e-6,-200242.76470588235,153
494455,3.0496950279557946e-6,3.889611035655091e-6,-200273.77586206896,174
494456,1.4398560131988011e-6,1.959804017965034e-6,-200276.09638554216,166
494457,1.1098890101740766e-6,1.7498250160402083e-6,-200258.26315789475,133
494458,4.199580038496499e-7,6.199380056828168e-7,-200259.8712871287,101
494459,6.199380056828161e-6,7.2392760663606316e-6,-200275.1554054054,148
494460,3.9596040362896e-6,5.6394360516796645e-6,-200317.414893617,188
494461,6.4393560590144534e-6,8.179182074961595e-6,-200336.1596091205,307
494462,1.573842614426306e-5,2.1737826199254524e-5,-200362.05714285714,490
494463,2.1987801201554365e-5,2.852714726149761e-5,-200195.24489795917,588
494464,8.239176075526431e-6,1.042895709559964e-5,-200148.69109947645,382
494465,4.4395560406963005e-6,6.979302063977508e-6,-200137.47557003258,307
494466,8.409159077084652e-6,1.1528847105682057e-5,-200209.28268551236,283
494467,3.5896410329053474e-6,5.209479047753992e-6,-200252.96313364056,217
494468,1.4798520135654344e-6,2.199780020164834e-6,-200224.80689655172,145
494469,5.519448050595374e-6,8.059194073876612e-6,-200242.46086956523,230
494470,3.199680029330668e-6,3.9596040362967e-6,-200258.22900763358,131
494471,1.889811017323426e-6,2.4297570222729756e-6,-200268.00900900902,111
494472,1.0398960095324676e-6,1.2998700119155833e-6,-200251.69047619047,126
494473,4.099590037579914e-6,1.9198080175984e-6,-200232.4298245614,114
494474,7.199280065993999e-7,6.699330061411085e-7,-200226.05172413794,116
494475,1.429857013107142e-6,1.5898410145736746e-6,-200228.01550387597,129
494476,3.4896510319887616e-6,4.879512044729264e-6,-200270.32710280374,214
494477,1.2088791110814912e-5,1.14688531051321e-5,-200247.25742574257,101
494478,6.699330061411089e-7,9.499050087075421e-7,-200239.4224137931,116
494479,1.0398960095324674e-6,1.2898710118239252e-6,-200242.7837837838,74
494480,9.999000091658332e-8,7.999200073326666e-8,-200246.03529411764,255
494481,3.399660031163832e-7,3.999600036663332e-7,-200243.8596491228,57
494482,1.0198980093491502e-6,1.4198580130154833e-6,-200225.32098765433,81
494483,1.779822016315184e-6,2.5397460232812177e-6,-200236.81818181818,121
494484,4.4995500412462504e-7,6.399360058661335e-7,-200232.47435897434,78
494485,8.299170076076425e-7,1.1098890101740755e-6,-200222.0198019802,101
494486,3.5496450325387123e-6,4.6095390422544915e-6,-200194.1094890511,137
494487,2.149785019706542e-6,2.9497050270392096e-6,-200188.99305555556,144
494488,7.199280065994e-7,8.199180075159833e-7,-200191.28703703705,108
494489,1.3498650123738767e-6,1.8498150169567922e-6,-200200.34579439252,214
494490,1.7298270158568918e-6,2.289771020989759e-6,-200187.9238095238,105
494491,1.249875011457292e-6,1.249875011457292e-6,-200189.9024390244,82
494492,2.1997800201648333e-7,2.599740023831167e-7,-200183.85714285713,35
494493,4.999500045829165e-7,5.499450050412083e-7,-200175.5625,240
494494,8.899110081575926e-7,1.2098790110906593e-6,-200203.5058139535,172
494495,6.499350059577921e-7,8.499150077909588e-7,-200208.3137254902,153
494496,6.799320062327671e-7,9.199080084325675e-7,-200200.77710843374,166
494497,2.129787019523225e-6,3.2596740298806174e-6,-200171.88157894736,76
494498,3.5596440326303685e-6,5.679432052061929e-6,-200166.96710526315,152
494499,8.89911008157592e-7,1.0298970094408084e-6,-200151.09836065574,61
494500,7.299270066910586e-7,7.699230070576919e-7,-200159.1343283582,67
494501,2.7997200256643337e-7,3.199680029330667e-7,-200164.91379310345,116
494502,8.999100082492499e-8,8.999100082492499e-8,-200175.10344827586,58
494503,5.099490046745749e-7,6.299370057744752e-7,-200192.4537815126,119
494504,9.599040087992004e-7,1.179882010815684e-6,-200194.38157894736,228
494505,1.429857013107142e-6,1.609839014756992e-6,-200196.22421524665,223
494506,1.97980201814835e-6,2.6197380240144842e-6,-200228.13953488372,129
494507,8.699130079742753e-7,6.699330061411085e-7,-200213.12676056338,71
494508,7.199280065994004e-7,1.0198980093491504e-6,-200208.74257425743,101
494509,6.099390055911584e-7,9.499050087075419e-7,-200205.24137931035,87
494510,1.0488951096149576e-5,1.4668533134462774e-5,-200261.20100502513,199
494511,3.0496950279557937e-6,3.509649032172076e-6,-200263.29770992367,131
494512,3.659634033539845e-6,4.939506045267848e-6,-200296.37142857144,140
494513,2.149785019699438e-6,3.1096890284957964e-6,-200305.35064935064,154
494514,1.1698830107218942e-6,1.6998300155790742e-6,-200306.05555555556,108
494515,2.1897810200703338e-6,3.0096990275877394e-6,-200332.5870967742,155
494516,1.2898710118225043e-6,2.169783019887727e-6,-200307.61797752808,89
494517,1.7698230162235248e-6,2.709729024839409e-6,-200276.89285714287,84
494518,2.679732024564436e-6,4.069593037304943e-6,-200268.54268292684,164
494519,3.8096190349218295e-6,5.829417053436807e-6,-200266.128342246,187
494520,2.1517848197248604e-5,2.193780620109832e-5,-200255.4489051095,274
494521,4.549545041703124e-6,6.789321062233877e-6,-200298.39449541285,218
494522,6.009399055085942e-6,7.089291064984337e-6,-200292.97737556562,221
494523,2.7197280249310696e-6,4.2595740390464515e-6,-200250.28387096775,155
494524,2.4597540225451106e-6,3.879612035558461e-6,-200315.875,176
494525,2.3697630217187644e-6,3.4296570314317056e-6,-200336.62631578947,190
494526,4.8695130446376075e-6,6.689331061319421e-6,-200383.1338582677,254
494527,6.529347059852885e-6,9.749025089366878e-6,-200408.93975903615,249
494528,4.439556040696299e-6,6.75932406196103e-6,-200432.61971830987,213
494529,1.6198380148486508e-6,2.329767021356392e-6,-200385.14406779662,118
494530,2.139786019614885e-6,3.039696027864134e-6,-200394.8908045977,174
494531,1.829817016773476e-6,2.5097490230062417e-6,-200401.10294117648,136
494532,4.4925507411821044e-5,5.056494346351621e-5,-200406.6489361702,376
494533,5.144485547158204e-5,5.928407154344221e-5,-200443.9417293233,532
494534,1.515848413895401e-5,1.9778022181300165e-5,-200478.89141414143,396
494535,1.9758024181116825e-5,2.4877512228045914e-5,-200475.54328358208,335
494536,8.449155077451265e-6,8.949105082034203e-6,-200481.90410958903,292
494537,9.109089083500734e-6,1.2708729116497742e-5,-200382.47391304348,230
494538,2.0797920190649343e-6,3.079692028230769e-6,-200371.71341463414,164
494539,3.3696630308810464e-6,4.309569039496213e-6,-200318.17341040462,173
494540,1.259874011548951e-6,1.899810017415083e-6,-200296.47133757963,157
494541,4.219578038678393e-6,6.399360058659196e-6,-200330.44019138755,209
494542,1.056894309687645e-5,9.88901109064014e-6,-200351.68953068592,277
494543,3.5396460324456334e-6,5.239476048025413e-6,-200303.04827586206,145
494544,1.9798020181433773e-6,2.7997200256565193e-6,-200315.04487179487,156
494545,5.59944005132865e-6,8.53914607827621e-6,-200372.63829787233,235
494546,1.897810217396743e-5,2.6877312246377575e-5,-200422.53398058252,309
494547,2.6497350242780917e-6,4.06959303729002e-6,-200321.97402597402,154
494548,2.6497350242837766e-6,3.909609035829884e-6,-200315.56953642383,151
494549,5.169483047387353e-6,7.2392760663606316e-6,-200358.5145631068,206
494550,8.349165076534701e-6,1.107889210155743e-5,-200405.995,200
494551,5.927407254335059e-5,6.81731826249265e-5,-200411.24,275
494552,5.779422052978501e-6,7.71922807076023e-6,-200410.47679324893,237
494553,5.429457049770477e-6,8.029197073601638e-6,-200458.7052631579,190
494554,4.3815618401647076e-5,3.72362763413357e-5,-200426.61139028476,597
494555,1.8761123871978622e-4,7.256274366516451e-5,-200421.71487039563,1466
494556,2.5650434935131297e-4,7.896210372382576e-5,-200437.04006968642,574
494557,1.0527947196507033e-4,5.606439351392835e-5,-200438.6414048059,541
494558,1.7009299055905933e-4,1.6999300055813775e-4,-200582.8125,800
494559,9.939006091106879e-5,9.821017890025032e-5,-200741.29245283018,636
494560,2.3457654215022476e-5,3.145685428834571e-5,-200700.99600798404,501
494561,1.5618438143170286e-5,1.4018598128504979e-5,-200704.89949748744,398
494562,1.5428457141428778e-5,1.5748425144361866e-5,-200749.21808510637,376
494563,4.355564439926375e-5,5.265473448267281e-5,-200802.39278937381,527
494564,1.0188981093399823e-5,1.4828517135929308e-5,-200801.1862244898,392
494565,6.649335060952771e-6,9.44905508661712e-6,-200806.18126888218,331
494566,4.871512844655581e-5,6.81931806251006e-5,-200897.35652173913,690
494567,8.659134079376089e-5,9.875012490521783e-5,-201067.04347826086,782
494568,2.1067893193124047e-5,2.8607139262234444e-5,-201015.01609195402,435
494569,2.3017698210997353e-5,2.671732824491103e-5,-201042.384057971,414
494570,6.389361058569664e-6,9.619038088175313e-6,-201061.43167701864,322
494571,1.8227177267083974e-4,9.782021789669347e-5,-201153.80165289255,484
494572,2.5627437234920203e-5,2.0827917190924304e-5,-201146.6274509804,357
494573,1.833816616809921e-5,2.409759022089657e-5,-201017.68333333332,420
494574,8.659134079370426e-6,1.1028897101091323e-5,-200966.51886792452,212
494575,4.14958503803252e-6,6.669333061129707e-6,-200961.8565891473,258
494576,4.959504045456853e-6,6.069393055630213e-6,-200953.80508474575,236
494577,1.968803118043684e-5,1.0988901100727534e-5,-200948.06882591094,247
494578,6.43935605902795e-6,9.859014090375107e-6,-200916.46779661017,295
494579,3.1096890285057457e-6,4.009599036754993e-6,-200923.7385321101,218
494580,6.879312063055951e-6,1.0138986092934436e-5,-200968.83333333334,780
494581,2.059794018879261e-5,2.4137586221232655e-5,-200989.9413202934,409
494582,1.533846614060385e-5,2.101789819266579e-5,-201055.48115299334,451
494583,2.332766721383884e-5,1.9728027180841872e-5,-201114.84543325528,427
494584,2.8487151261114477e-5,3.520647932271052e-5,-201220.3875739645,676
494585,1.380861912658013e-5,1.872812717167604e-5,-201222.8559498956,479
494586,6.24937505728645e-6,9.149085083867374e-6,-201221.24324324325,296
494587,2.1567843197698467e-5,2.6487351242785158e-5,-201281.36432160804,398
494588,4.615538442309481e-5,6.13738625625988e-5,-201393.07484407484,481
494589,1.712628735697948e-4,1.2854714517832128e-4,-201258.9393939394,891
494590,2.8817118264159044e-5,3.8926107356825855e-5,-201187.96179401994,602
494591,2.613738623956641e-5,3.7296270341852904e-5,-201261.30376344087,372
494592,1.4867513236285198e-4,1.4476552332700333e-4,-201370.9548736462,554
494593,6.082481746754946e-3,6.1354264522403374e-3,-201478.33333333334,498
494594,2.4746525326844245e-4,2.1768823099547582e-4,-201581.7101200686,583
494595,3.404659531209656e-5,4.754524543583538e-5,-201388.64126984126,630
494596,1.4438556132345361e-5,2.1367863195856794e-5,-201315.759375,320
494597,2.3047695211272347e-5,3.058694128038278e-5,-201427.92830882352,544
494598,2.0929906991859387e-4,2.3517648215580373e-5,-201406.6511627907,387
494599,1.9708029180658475e-5,2.4927507228504208e-5,-201477.35096153847,416
494600,2.081791819083254e-5,3.3236676304672256e-5,-201528.56610800745,537
494601,2.846715326093547e-5,4.2045795385404114e-5,-201614.8356807512,639
494602,4.3235676396312145e-5,5.5554444509223867e-5,-201656.60032626428,613
494603,2.5457454233361947e-5,3.2176782294956467e-5,-201690.22375215148,581
494604,2.996700327469844e-5,4.366563340026983e-5,-201566.1642384106,755
494605,4.7965203439673005e-5,5.450454949961609e-5,-201504.54247391952,671
494606,2.4177582221629746e-5,3.437656231512132e-5,-201480.37701612903,496
494607,2.179782019981506e-5,3.08969102832242e-5,-201488.5072463768,483
494608,1.5108489138495702e-5,1.560843914307865e-5,-201522.4662576687,326
494609,2.0167983184867686e-5,2.7297270250215157e-5,-201569.90579710144,414
494610,1.5648435143445267e-5,2.082791719092429e-5,-201529.0243902439,328
494611,1.0448955095782941e-5,1.480851913574599e-5,-201492.46715328467,274
494612,9.679032088725249e-6,1.2188781111731509e-5,-201533.5756302521,238
494613,1.098890110073248e-5,1.6928307155177555e-5,-201546.7628032345,371
494614,2.7447255251556508e-5,3.8766123355297515e-5,-201597.15642458102,537
494615,1.0988901100732492e-5,1.5768423144545196e-5,-201558.27947598253,229
494616,1.3588641124563652e-5,1.94080591779088e-5,-201555.88888888888,387
494617,2.1117888193575875e-5,2.9967003274687202e-5,-201628.47348484848,528
494618,2.5977402238128255e-5,3.5856414328686754e-5,-201703.84982935153,586
494619,1.3331666822208202e-4,4.339566039779715e-5,-201760.7365771812,596
494620,4.338566139770558e-5,5.0244975460583126e-5,-201770.00819672132,488
494621,1.0708929098163732e-4,1.148485150527521e-4,-201853.93301435406,627
494622,9.19568042429319e-4,5.268573138294128e-4,-202174.89557739557,814
494623,8.82411758088357e-5,1.0086991292459666e-4,-202203.89708737863,1030
494624,8.323067686292633e-4,2.6847315246102584e-5,-202128.3137254902,561
494625,7.647235270100245e-5,6.385361458533018e-5,-202061.9035769829,643
494626,1.2198780111823133e-5,1.7448255159943765e-5,-202076.29761904763,336
494627,1.5618438143170272e-5,2.348765121530538e-5,-202108.13846153847,390
494628,5.478452150219339e-5,7.09029096499443e-5,-202184.86069651743,804
494629,6.241375857212433e-5,7.52324766896316e-5,-202209.57407407407,810
494630,1.406059392888999e-4,1.6236376348834988e-4,-202479.2508816121,1985
494631,2.0961903792142834e-4,2.1521847797272294e-4,-202605.0780141844,705
494632,4.4820517910846723e-4,4.5163483613988104e-4,-202608.63079019074,734
494633,4.610538942261667e-5,5.430456949777153e-5,-202566.2645861601,737
494634,1.0079991992400059e-4,1.174182580763339e-4,-202714.66918238995,795
494635,1.5627437243249693e-4,1.9057094274687117e-4,-202809.15647226173,703
494636,9.095090483367603e-5,1.1720827907436836e-4,-202615.29570552148,815
494637,4.2305769387806506e-5,4.811518844105988e-5,-202474.1590909091,528
494638,5.4764523501971644e-5,7.118288165245673e-5,-202557.96202531646,632
494639,4.5945405421162985e-5,6.015398455140803e-5,-202674.349122807,570
494640,2.7066293348096377e-4,3.224277569554739e-4,-202577.88888888888,378
494641,1.2658734116037292e-5,1.8588141170388563e-5,-202624.8910614525,358
494642,1.8488151169476195e-5,2.8127187257834856e-5,-202689.06458797326,449
494643,2.1737826199265112e-5,2.9837016273508426e-5,-202758.68798449612,516
494644,2.2970702910558941e-4,2.3761623817807756e-4,-202959.9884526559,866
494645,3.83781621517982e-4,2.606639333894101e-4,-202907.40143369176,1116
494646,3.663633633583602e-5,4.6895310429877575e-5,-202734.4367816092,609
494647,1.9888011182308358e-5,2.422757722208812e-5,-202729.8475,400
494648,3.0766923282032625e-5,2.9387061269383804e-5,-202657.29398663697,449
494649,1.7998200164984942e-5,2.1797820199815145e-5,-202681.21040189127,423
494650,8.152184774718051e-5,9.082091783244099e-5,-202860.15838926175,745
494651,2.0877912191382525e-5,2.9577042271125302e-5,-202803.9234828496,379
494652,2.303769621118074e-5,2.893710626525919e-5,-202776.70308788598,421
494653,1.182881710843178e-5,1.7748225162693534e-5,-202771.0450928382,377
494654,1.0458954095874587e-5,1.5468453141795437e-5,-202785.92771084336,332
494655,2.2567743206872746e-5,3.214678529468151e-5,-202826.9552238806,469
494656,1.312868712034737e-5,1.8258174167368096e-5,-202799.1846590909,352
494657,1.8218178167001437e-5,2.4937506228595855e-5,-202816.40173410406,346
494658,1.0408959095416302e-5,1.4188581130063169e-5,-202821.13740458016,262
494659,4.5295470415212245e-6,6.569343060219523e-6,-202816.6374269006,171
494660,6.73932606177771e-6,8.629137079101142e-6,-202831.9514563107,206
494661,3.7696230345551964e-6,5.739426052611882e-6,-202790.35333333333,150
494662,8.439156077359614e-6,1.1718828107423568e-5,-202816.81900452488,221
494663,6.749325061869371e-6,9.869013090466772e-6,-202780.4055944056,143
494664,6.449355059119613e-6,8.409159077084654e-6,-202748.54123711342,194
494665,3.066693328111094e-5,3.815618434976107e-5,-202633.3023715415,506
494666,8.58914107873449e-6,1.2908709118330908e-5,-202619.7882352941,255
494667,7.359264067452698e-6,9.659034088529154e-6,-202578.1592920354,226
494668,4.109589037669444e-6,6.229377057098875e-6,-202594.62295081967,183
494669,3.089691028321706e-5,3.3636636308328654e-5,-202526.2314814815,324
494670,2.0237976185516413e-5,2.462753722575445e-5,-202467.4088235294,340
494671,1.4208579130246473e-5,1.3408659122913822e-5,-202471.01219512196,164
494672,2.710728924848567e-5,2.9177082267459e-5,-202400.5485436893,412
494673,1.9438056178170957e-5,2.2817718209150062e-5,-202302.64872521246,353
494674,1.2928707118514202e-5,1.27187281165894e-5,-202356.0606060606,264
494675,3.7796220346468552e-6,5.789421053070174e-6,-202367.556122449,196
494676,3.451654831640451e-5,4.3725627400821846e-5,-202449.64946619218,562
494677,1.2338766113106359e-5,1.5438456141520457e-5,-202434.55063291139,316
494678,2.2037796202014912e-5,2.8497150261226203e-5,-202367.98356164384,365
494679,1.2208779111914806e-5,1.680831915407766e-5,-202364.7338403042,263
494680,7.429257068102128e-6,1.0928907100182555e-5,-202365.9431279621,211
494681,6.6993300614110685e-6,9.20907908441732e-6,-202333.6505376344,186
494682,4.519548041429565e-6,6.429357058936305e-6,-202340.96753246753,154
494683,3.466653331777938e-5,4.620537942355315e-5,-202457.19367588934,506
494684,1.0968903100549175e-5,1.582841714509514e-5,-202395.75102040818,245
494685,6.079392055728264e-6,9.179082084142346e-6,-202367.72,175
494686,8.339366056441912e-4,5.567643231035263e-4,-202086.6049165935,1139
494687,3.0486951279466094e-5,3.532646732382888e-5,-202056.96378269617,497
494688,2.6567343243517605e-5,3.9726027364126575e-5,-201955.3230452675,486
494689,1.814018596628656e-4,2.0612938688953662e-4,-202035.4609375,512
494690,1.1188881102565643e-5,1.6608339152244477e-5,-202034.3648208469,307
494691,8.289171075984721e-6,1.2188781111731507e-5,-202036.9658119658,234
494692,1.6728327153344325e-5,2.2907709209989207e-5,-202142.52574525744,369
494693,1.5388461141051487e-5,2.029797018605432e-5,-202225.26704545456,352
494694,1.1098890101740723e-5,1.4778522135471008e-5,-202154.17667844522,283
494695,1.3718628125755198e-5,1.8888111173142567e-5,-202109.91772151898,316
494696,1.537846214097048e-5,1.8878112173050912e-5,-202145.43067846607,339
494697,1.5378462140970492e-5,2.3437656214847126e-5,-202156.00983606558,305
494698,1.0928907100182551e-5,1.560843914307866e-5,-202117.23267326734,202
494699,2.244775520577288e-5,3.139686028780714e-5,-202029.08333333334,384
494700,3.6326367332994776e-5,4.598540142153671e-5,-202049.312849162,537
494701,3.3826617310080106e-5,4.499550041246249e-5,-202014.85862068966,580
494702,2.0607939188907747e-5,2.8907109264984192e-5,-202025.983014862,471
494703,2.0527947188158153e-5,2.7987201256531017e-5,-201960.58874458875,462
494704,1.1608839106410313e-5,1.4408559132073264e-5,-201976.2491103203,281
494705,3.9846015365258766e-5,1.679832015398599e-5,-202048.20833333334,288
494706,1.8348165168192977e-5,8.929107081850887e-6,-202021.37065637065,259
494707,8.619138079009459e-6,1.0958904100457534e-5,-202018.43946188342,223
494708,6.089391055819912e-6,9.259074084875617e-6,-202028.9,160
494709,2.044795518743199e-5,2.640735924206038e-5,-201894.84926470587,272
494710,9.889011090644385e-6,1.3478652123549751e-5,-201961.084,250
494711,1.746825316012209e-5,2.208779120247037e-5,-201940.76219512196,328
494712,4.930506945194596e-4,5.38546144936718e-5,-202075.3130081301,492
494713,1.3308669121997209e-5,1.8788121172225998e-5,-202128.67368421052,285
494714,1.2508749114664565e-5,1.7318268158752222e-5,-202150.79166666666,264
494715,5.359464049128862e-6,7.289271066818922e-6,-202129.71808510637,188
494716,3.410658931264657e-5,4.1055894376349123e-5,-202063.79577464788,284
494717,1.4648535134279443e-5,9.259074084875611e-6,-202005.73333333334,180
494718,6.749325061869359e-6,7.969203073051685e-6,-202002.1559139785,186
494719,1.1108889101832396e-5,1.590840914582841e-5,-202032.75916230367,191
494720,1.651834815141953e-5,2.1097890193399055e-5,-202087.36781609195,261
494721,7.319268067093891e-6,1.0038996092024967e-5,-202101.07142857142,140
494722,7.569243069385349e-6,8.139186074609879e-6,-202108.5,168
494723,3.219678029513986e-6,4.479552041062935e-6,-202115.17575757575,165
494724,1.5308469140328876e-5,2.418758122172147e-5,-202074.01992031874,251
494725,1.8118188166084847e-5,2.5757424236111844e-5,-202106.3194103194,407
494726,4.7705229437273865e-5,6.486351359454644e-5,-202254.09677419355,806
494727,2.1867813200453118e-5,2.9107089266808834e-5,-202278.40075614367,529
494728,4.5525447417320595e-5,5.760423952804363e-5,-202371.7669616519,678
494729,1.7948205164506025e-5,2.3927607219320568e-5,-202283.133640553,434
494730,1.2228777112094571e-5,1.7688231162141455e-5,-202249.67704280154,257
494731,1.04089590954163e-5,1.513848613877072e-5,-202226.4107142857,280
494732,5.349465049037198e-6,7.709229070668567e-6,-202187.04812834226,187
494733,5.009499045920819e-6,5.2794720483955985e-6,-202212.89102564103,156
494734,8.739126080102268e-6,9.259074084869218e-6,-202253.87559808613,209
494735,8.149185074701525e-6,1.0088991092483258e-5,-202311.29460580912,241
494736,1.1268873103298905e-5,1.562843714326197e-5,-202308.86297376093,343
494737,9.079092083225746e-6,1.2138786111273215e-5,-202296.04152249134,289
494738,1.0318968094591356e-5,1.3428657123097143e-5,-202365.55029585797,338
494739,6.1993800568281525e-6,8.649135079284456e-6,-202364.3849557522,226
494740,6.1593840564615114e-6,7.379262067643844e-6,-202374.6568627451,204
494741,6.559344060127854e-6,9.419058086342147e-6,-202401.0970464135,237
494742,5.249475048120616e-6,7.59924006966033e-6,-202366.72,200
494743,7.199280065993992e-6,9.019098082675817e-6,-202315.02173913043,138
494744,1.2888711118147568e-5,1.7408259159577137e-5,-202358.8171641791,268
494745,1.729827015856886e-5,2.1117888193582364e-5,-202437.08875739644,338
494746,5.159484047295691e-6,7.779222071310181e-6,-202403.68783068782,189
494747,1.5688431143811848e-5,2.2847715209439216e-5,-202427.76842105263,475
494748,1.2149785011374023e-4,1.1106889301814077e-4,-202354.5327510917,458
494749,3.199680029330451e-5,4.572542741914576e-5,-202234.15650406503,492
494750,2.179782019980227e-5,3.0036996275320277e-5,-202266.93641618497,519
494751,9.931006891025218e-5,5.453454649985556e-5,-202249.84808013355,599
494752,3.8726127354980784e-5,2.5127487230321713e-5,-202255.57894736843,513
494753,2.480751922740422e-5,3.2826717300914284e-5,-202344.21556886227,501
494754,1.1908809109165052e-5,1.7868213163793433e-5,-202365.69321533924,339
494755,1.0148985093033187e-5,1.4388561131896342e-5,-202372.7191780822,292
494756,1.3068693119797406e-5,1.872812717167604e-5,-202372.28164556963,316
494757,2.8457154260859527e-5,3.672632733666104e-5,-202441.43055555556,360
494758,1.3268673121630584e-5,1.6668333152794425e-5,-202473.91168091167,351
494759,1.1378862104307167e-5,1.437856213180468e-5,-202433.83018867925,212
494760,1.0898910099907566e-5,1.5978402146470006e-5,-202374.3257918552,221
494761,6.224377557057328e-5,1.5388461141062174e-5,-202307.93023255814,215
494762,7.759224071126853e-6,1.1578842106140348e-5,-202313.9296482412,199
494763,2.445755422418063e-5,3.0256974277319746e-5,-202273.14838709676,310
494764,5.369463049220518e-6,6.349365058203038e-6,-202221.1870967742,155
494765,4.179582038313184e-6,4.499550041246248e-6,-202238.61240310076,129
494766,9.189081084222627e-6,1.4388561131879999e-5,-202204.8186813187,182
494767,4.509549041337906e-6,5.609439051420322e-6,-202215.5114503817,131
494768,3.369663030888861e-6,4.279572039229767e-6,-202187.1875,96
494769,3.6196380331803183e-6,3.999600036663333e-6,-202186.69158878503,107
494770,3.219678029513985e-6,4.539546041612884e-6,-202193.9396551724,116
494771,1.178882110806517e-5,2.0107989184324894e-5,-202165.5157894737,190
494772,2.1697830198880066e-5,3.191680829254637e-5,-202232.56497175142,354
494773,1.2738726116765594e-5,1.8908109173313096e-5,-202233.77358490566,318
494774,1.573842614425313e-5,2.283771620931351e-5,-202255.17142857143,350
494775,2.994700527450311e-5,1.7748225162676464e-5,-202276.09439528023,339
494776,6.109389056001095e-6,8.229177075430538e-6,-202282.34934497817,229
494777,7.295270466872428e-5,9.223077684545014e-5,-202152.88244047618,672
494778,2.636736324170298e-5,2.5017498229329112e-5,-202042.74496644296,298
494779,1.9698030180566867e-5,2.5377462232628815e-5,-202040.60188087774,319
494780,9.649035088450282e-6,1.0748925098532707e-5,-202097.17605633804,142
494781,5.4294570497704635e-6,5.279472048395596e-6,-202071.46376811594,138
494782,4.579542041979508e-6,6.279372057561433e-6,-202069.1476510067,149
494783,4.689531042987757e-6,5.74942505270354e-6,-202099.4099378882,161
494784,1.1590840906250338e-4,1.1730826907533556e-4,-202099.94811320756,212
494785,6.059394055544938e-6,7.1192880652607286e-6,-202144.4391891892,148
494786,5.419458049678809e-6,7.279272066727257e-6,-202101.65454545454,165
494787,2.76972302538936e-6,3.2896710301555925e-6,-202108.66153846154,130
494788,4.549545041704542e-6,5.429457049770472e-6,-202093.00684931508,146
494789,3.5596440326303706e-6,4.879512044729265e-6,-202134.3,140
494790,6.189381056736496e-6,7.779222071310181e-6,-202184.2077922078,154
494791,3.2596740298806182e-6,4.999500045829166e-6,-202185.47115384616,104
494792,1.253874611493954e-5,1.603839614701996e-5,-202122.7901234568,162
494793,3.959604036296702e-6,4.9295070451875585e-6,-202072.81756756757,148
494794,2.2587741207056163e-5,7.969203073051689e-6,-202080.66666666666,147
494795,3.919608035930069e-6,4.979502045645851e-6,-202091.06818181818,132
494796,4.37956204014635e-6,6.639336060861131e-6,-202133.94701986754,151
494797,1.0398960095324646e-5,1.4868513136295935e-5,-202177.18707482994,294
494798,2.2917708210080835e-5,3.062693728074942e-5,-202117.38541666666,480
494799,2.1247875194773873e-5,2.7167283249035632e-5,-202072.7374749499,499
494800,1.4888511136479225e-5,2.0447955187441268e-5,-202130.21114369502,341
494801,4.7795220438126775e-6,6.659334061044444e-6,-202112.70183486238,218
494802,5.979402054811671e-6,7.089291064985757e-6,-202130.05050505052,198
494803,4.179582038313184e-6,5.779422052978514e-6,-202126.64705882352,153
494804,8.859114081209282e-6,5.959404054628365e-6,-202142.35398230088,113
494805,8.699130079742758e-7,1.3298670121905582e-6,-202144.85483870967,62
494806,1.1698830107240258e-6,1.4898510136570915e-6,-202152.20253164557,79
494807,6.07939205572826e-6,2.9097090266725765e-6,-202164.0948275862,116
494808,8.01919807350998e-6,7.299270066910582e-6,-202137.69291338584,127
494809,1.0634936497487788e-4,1.0970902900567516e-4,-202119.3669064748,139
494810,8.229177075434804e-6,7.999200073326664e-6,-202115.14423076922,104
494811,1.9998000183316678e-6,2.4497550224562923e-6,-202139.12162162163,74
494812,6.699330061411088e-7,9.099090083409087e-7,-202142.68421052632,57
494813,1.569843014390359e-6,1.61983801484865e-6,-202151.39705882352,68
494814,4.719528043262731e-6,4.239576038863131e-6,-202140.8208955224,67
494815,2.9397060269475504e-6,3.5996400329970003e-6,-202108.90666666668,75
494816,3.7296270341885617e-6,5.349465049037203e-6,-202081.9126984127,126
494817,1.829817016773475e-6,1.73982601594855e-6,-202089.86538461538,52
494818,1.8198180166818163e-6,1.039896009532467e-6,-202092.86956521738,69
494819,3.6796320337302685e-6,3.999600036663332e-6,-202082.375,80
494820,1.1898810109073419e-6,1.6498350151236248e-6,-202060.5,70
494821,6.949305063702541e-6,4.669533042804442e-6,-202062.16666666666,150
494822,7.399260067827173e-7,9.699030088908588e-7,-202063.06578947368,76
494823,4.18958103840484e-6,5.009499045920825e-6,-202047.47222222222,108
494824,6.759324061961028e-6,9.519048087258733e-6,-202082.04294478527,163
494825,6.461353859229603e-5,6.155384456424868e-5,-202084.23762376237,101
494826,6.09939005591158e-6,5.199480047662333e-6,-202072.38333333333,120
494827,1.8168183166543185e-5,1.2388761113564673e-5,-202063.24770642203,109
494828,3.2696730299722758e-6,2.1297870195232253e-6,-202074.91304347827,69
494829,1.2858714117872603e-5,1.6328367149678054e-5,-202025.01219512196,164
494830,3.6496350334552926e-6,1.7698230162235253e-6,-202034.72,75
494831,2.679732024564435e-6,3.2596740298806187e-6,-202048.3956043956,91
494832,2.569743023556193e-6,1.5698430143903585e-6,-202054.28735632185,87
494833,3.3996600311638354e-6,5.379462049312179e-6,-202023.54054054053,111
494834,1.0598940097157835e-6,9.399060086158835e-7,-202034.5909090909,66
494835,1.2468753114297934e-5,7.299270066910585e-7,-202047.22222222222,45
494836,2.6297370241061426e-6,2.969703027222525e-6,-202058.12820512822,78
494837,8.0391960736933e-6,8.7591240802927e-6,-202074.02564102566,78
494838,1.559844014298701e-6,1.899810017415083e-6,-202064.67708333334,96
494839,3.2996700302472513e-6,3.4596540317137844e-6,-202086.7894736842,114
494840,5.999400054995003e-7,7.299270066910587e-7,-202076.1379310345,58
494841,3.4396560315304698e-6,4.84951504445429e-6,-202094.80357142858,112
494842,9.459054086708775e-6,1.0338966094774714e-5,-202082.39130434784,69
494843,1.0798920098991002e-6,1.3398660122822164e-6,-202091.59322033898,59
494844,2.739726025114385e-6,3.0596940280474513e-6,-202114.8137254902,102
494845,2.3797620218146854e-6,1.6598340152152838e-6,-202135.87301587302,126
494846,1.2178782111639834e-5,9.119088083592397e-6,-202169.15228426395,197
494847,4.6595340427127745e-6,2.619738024014483e-6,-202162.232,125
494848,3.209679029422325e-6,4.0395960370299665e-6,-202151.63414634147,82
494849,2.549745023372877e-6,3.029697027772476e-6,-202158.38345864663,133
494850,1.0498950096241251e-6,1.0298970094408086e-6,-202173.79775280898,89
494851,2.587741223721176e-5,2.5097490230062413e-5,-202147.85576923078,104
494852,4.219578038679811e-6,4.729527043354389e-6,-202132.21568627452,102
494853,9.059094083041034e-5,1.1407859204570437e-4,-201911.40298507462,804
494854,2.161783819816517e-5,3.1056894284690715e-5,-201816.69181034484,464
494855,1.1978802109806673e-5,9.509049087167072e-6,-201808.78365384616,208
494856,1.1138886102107363e-5,7.139286065444044e-6,-201790.49101796406,167
494857,6.129387056186538e-6,7.82921707176847e-6,-201843.76045627377,263
494858,2.949705027039211e-6,4.469553040971276e-6,-201819.04347826086,115
494859,3.24967502978896e-6,4.119588037763233e-6,-201817.1896551724,116
494860,1.3898610127405089e-6,1.4898510136570917e-6,-201831.12121212122,66
494861,2.1197880194315674e-6,2.3797620218146833e-6,-201829.42307692306,104
494862,1.5498450142070424e-6,2.149785019706541e-6,-201818.32967032967,91
494863,1.589841014573676e-6,2.3997600219980005e-6,-201823.68867924527,106
494864,1.389861012740509e-6,2.1497850197065425e-6,-201828.46315789473,95
494865,6.739326061777708e-6,7.81921807167681e-6,-201827.73134328358,134
494866,6.507349259651233e-5,6.935306463574218e-5,-201739.80446927375,179
494867,3.839616035194687e-5,4.017598236825549e-5,-201619.46275395033,443
494868,8.419158077176308e-6,1.0008999091749983e-5,-201550.72844827586,232
494869,6.616338360647319e-5,8.040195973697487e-5,-201320.35488308116,727
494870,1.171882810741002e-5,1.5128487138664132e-5,-201304.0023364486,428
494871,2.4127587221165788e-5,3.1006899284226066e-5,-201215.84347826088,460
494872,3.6936306338585866e-5,4.2435756388997954e-5,-201135.42201834862,327
494873,9.669033088633553e-6,1.3008699119247482e-5,-201200.05454545454,330
494874,7.239276066360619e-6,8.779122080476013e-6,-201202.7142857143,259
494875,1.6438356150676314e-5,2.0657934189346172e-5,-201241.25,356
494876,3.6796320337302728e-6,5.21947804784565e-6,-201253.2025862069,232
494877,3.169683029053563e-6,4.319568039589296e-6,-201275.4,150
494878,1.6648335152611055e-5,2.0477952187716218e-5,-201391.93658536585,410
494879,5.839416053528455e-6,7.939206072776717e-6,-201427.58712121213,264
494880,5.989401054903333e-6,7.549245069202039e-6,-201393.55440414508,193
494881,3.769623034555195e-6,4.009599036754993e-6,-201403.35582822087,163
494882,9.529047087350368e-6,1.2648735115947788e-5,-201477.25382262998,327
494883,5.129487047020716e-6,7.28927106681892e-6,-201515.5619047619,210
494884,8.359164076626352e-6,1.0948905100365876e-5,-201543.70673076922,208
494885,3.6796320337302707e-6,4.719528043262732e-6,-201575.16326530612,147
494886,4.959504045462527e-6,7.199280065993996e-6,-201547.7027027027,148
494887,3.0396960278641354e-6,3.5896410329053436e-6,-201521.75757575757,132
494888,1.7448255159943765e-5,2.2597740207147825e-5,-201433.1387096774,310
494889,8.459154077542923e-6,1.1498850105407078e-5,-201399.17013888888,288
494890,5.9694030547200155e-6,8.569143078551188e-6,-201403.45751633987,153
494891,3.809619034921828e-6,4.8395160443626345e-6,-201394.5904255319,188
494892,3.044695527908531e-5,4.0765923373672554e-5,-201266.59960552267,507
494893,2.7367263250863803e-5,3.731626834205969e-5,-201353.7337962963,432
494894,2.9057094266358994e-5,3.9896010365716754e-5,-201464.47004608295,651
494895,1.497850213730415e-5,2.145785419669875e-5,-201474.10028653295,349
494896,6.589341060402822e-6,8.289171075984755e-6,-201491.95798319328,238
494897,4.303569639449769e-5,4.801519844014336e-5,-201449.87003610109,277
494898,2.1767823199540157e-5,1.9188081175892326e-5,-201374.51778656128,253
494899,8.359164076626342e-6,1.1398860104490495e-5,-201395.26966292135,267
494900,6.5793420603111655e-6,6.4793520593945945e-6,-201405.6075268817,186
494901,2.589741023739511e-6,3.78962103473851e-6,-201395.56944444444,144
494902,2.008799118414157e-5,2.1207879194407312e-5,-201403.3625,160
494903,2.029797018606643e-6,2.549745023372876e-6,-201402.796460177,113
494904,2.539746023281218e-6,3.2396760296973015e-6,-201400.88095238095,126
494905,9.749025089366842e-6,1.3328667122180559e-5,-201430.3036437247,247
494906,8.369163076718002e-6,1.2048795110448287e-5,-201383.09913793104,232
494907,4.9295070451875585e-6,6.80931906241932e-6,-201412.92613636365,176
494908,7.789221071401829e-6,4.4495550407879584e-6,-201397.54285714286,105
494909,2.3697630217230275e-6,3.54964503253871e-6,-201406.22727272726,154
494910,3.969603036388361e-6,4.639536042529467e-6,-201419.23076923078,156
494911,5.339466048945544e-6,7.789221071401836e-6,-201448.83018867925,212
494912,1.0738926098441023e-5,1.461853813400448e-5,-201536.6947368421,285
494913,7.229277066268964e-6,8.549145078367873e-6,-201527.37765957447,188
494914,3.879612035563436e-6,5.219478047845652e-6,-201527.13559322033,177
494915,2.8877112264709175e-5,3.3656634308521944e-5,-201565.30696202532,316
494916,2.0617938188980198e-5,2.6337366241408083e-5,-201632.08533333332,375
494917,1.3888611127309143e-5,2.0587941188717384e-5,-201579.1403508772,285
494918,2.6777322245430374e-5,3.06569342809818e-5,-201613.37595419848,524
494919,1.4378562131798975e-5,1.5368463140869615e-5,-201575.79768786128,346
494920,1.3478652123555404e-5,1.78682131637934e-5,-201496.88888888888,342
494921,1.5898410145736726e-5,1.85981401704845e-5,-201490.80201342283,298
494922,9.58804118789013e-5,1.0907909199989363e-4,-201540.00197433366,1013
494923,5.097490246727213e-5,6.781321862162322e-5,-201660.5708200213,939
494924,5.8784121538859534e-5,5.304469548624745e-5,-201710.3670411985,267
494925,2.5997400238311696e-6,3.919608035930066e-6,-201688.7202797203,143
494926,1.0578942096974477e-5,1.3088691119980756e-5,-201724.5720338983,236
494927,3.1196880285974028e-6,3.959604036296701e-6,-201674.08474576272,118
494928,1.5458454141667543e-5,1.6778322153765023e-5,-201626.31210191082,157
494929,3.7496250343619317e-6,5.009499045906612e-6,-201608.2676767677,198
494930,4.469553040957771e-6,5.629437051586584e-6,-201619.24431818182,176
494931,1.944805517827545e-5,2.296770321053918e-5,-201664.7149321267,221
494932,5.5454454508337435e-5,5.6434356517319636e-5,-201737.50161812297,309
494933,2.9467053270117027e-5,1.1188881102565677e-5,-201776.72852233678,291
494934,3.7396260342802213e-6,5.489451050320422e-6,-201765.43333333332,180
494935,5.159484047295692e-6,7.37926206764385e-6,-201690.84656084655,189
494936,4.249575038954793e-6,5.729427052520223e-6,-201654.8827586207,145
494937,4.839516044362626e-6,6.279372057561432e-6,-201671.08088235295,136
494938,4.399560040329664e-6,6.17938205664485e-6,-201687.1690821256,207
494939,4.239576038863132e-6,5.81941805334515e-6,-201687.43617021278,188
494940,3.649635033455295e-6,5.049495046287457e-6,-201667.66081871346,171
494941,1.048895109614956e-5,1.4718528134921064e-5,-201710.8155080214,374
494942,1.2008799110081598e-5,1.8788121172225974e-5,-201729.4632516704,449
494943,6.707329261483693e-5,8.007199273399282e-5,-201884.19871794872,780
494944,1.1097810209728682e-2,1.8078192165718233e-5,-202023.48340248963,482
494945,1.6948305155360824e-5,2.2027797201923267e-5,-202057.57411764705,425
494946,6.669333061136082e-6,8.629137079101137e-6,-202048.49830508474,295
494947,1.228877111264167e-5,6.719328061584451e-6,-201982.78021978022,182
494948,4.87951204472926e-6,6.679332061227763e-6,-201876.43925233645,214
494949,5.2794720483955824e-6,6.659334061044445e-6,-201905.4980544747,257
494950,2.3697630217194755e-6,3.2496750297839857e-6,-201915.2857142857,147
494951,1.8298170167734763e-6,2.569743023556193e-6,-201901.42477876105,113
494952,1.659834015215284e-6,2.379762021814684e-6,-201871.41732283463,127
494953,3.939606036113386e-6,5.2394760480289625e-6,-201871.18348623853,218
494954,4.4495550407879584e-6,6.0093990550866575e-6,-201899.5034965035,143
494955,3.0446955279088827e-5,3.3506649307134976e-5,-201983.30498533725,341
494956,6.419358058842506e-6,9.209079084413771e-6,-201981.1338582677,254
494957,5.959404054628352e-6,7.599240069660329e-6,-201979.72857142857,140
494958,2.3997600219965817e-6,3.5796420328094217e-6,-201948.4812030075,133
494959,3.399660031163837e-6,5.259474048212279e-6,-201970.21348314607,178
494960,2.2897710209897597e-6,2.5097490230062426e-6,-201965.24812030076,133
494961,4.399560040329671e-6,5.259474048212285e-6,-201985.16049382716,162
494962,2.5597440234645353e-6,3.879612035563435e-6,-202001.6530612245,147
494963,3.3596640307972015e-6,4.01959803684665e-6,-201990.33636363636,110
494964,1.0108989092666542e-5,1.5248475139778954e-5,-202007.9855907781,347
494965,1.7518248160581816e-5,1.8708129171484193e-5,-201955.23964497042,338
494966,4.649535042618282e-6,6.789321062231743e-6,-201928.1095890411,292
494967,5.239476048026832e-6,6.689331061314451e-6,-201913.25252525252,198
494968,1.0518948096423837e-5,1.2378762113469464e-5,-201911.59685863875,191
494969,4.889511044820213e-6,6.279372057559302e-6,-201950.98,200
494970,4.5201479814320326e-4,1.6680331952891316e-4,-201929.24475524476,143
494971,2.1997800201563085e-6,3.539646032435683e-6,-201935.47899159664,119
494972,2.039796018694039e-6,3.299670030240858e-6,-201924.92465753425,146
494973,6.699330061411087e-7,1.0498950096241255e-6,-201908.27380952382,84
494974,2.0297970186038007e-6,3.2096790294187727e-6,-201911.8556701031,97
494975,2.069793018973276e-6,3.1696830290556925e-6,-201889.38095238095,105
494976,4.1395860379465544e-6,5.669433051970271e-6,-201876.56451612903,186
494977,1.4598540133821168e-6,1.9498050178733755e-6,-201890.17592592593,108
494978,1.1098890101740758e-6,1.4398560131987999e-6,-201903.88157894736,76
494979,3.1996800293306664e-7,4.5995400421628325e-7,-201904.17741935485,62
494980,1.0698930098074423e-6,1.5698430143903583e-6,-201881.68421052632,95
494981,2.5947405237853277e-5,2.7987201256551617e-5,-201796.0338983051,295
494982,2.999700027497502e-6,3.319668030430567e-6,-201789.7142857143,140
494983,9.099090083409092e-7,1.2698730116406086e-6,-201789.4347826087,115
494984,1.3998600128321674e-6,2.239776020531467e-6,-201802.14563106795,103
494985,1.8498150169567929e-6,2.629737024106143e-6,-201792.94845360826,97
494986,6.899310063244255e-7,8.099190074243253e-7,-201783.96116504853,103
494987,1.2098790110906584e-6,1.5098490138404083e-6,-201780.92708333334,96
494988,1.2398760113656344e-6,1.5398460141153832e-6,-201785.37894736842,95
494989,3.6796320337302702e-6,5.259474048212277e-6,-201832.9595959596,198
494990,7.470252968477916e-5,4.392560740265508e-5,-201784.19960861056,511
494991,1.4728527135012691e-5,1.8508149169659524e-5,-201713.97808219178,365
494992,2.039796018698302e-6,2.9197080267642353e-6,-201737.84864864865,185
494993,5.049495046287454e-6,7.489251068652086e-6,-201786.22164948453,194
494994,1.3698630125571932e-6,2.0897910191565923e-6,-201778.3805970149,134
494995,9.999000091658343e-7,1.5998400146653332e-6,-201786.75,96
494996,7.699230070576921e-7,9.299070085242256e-7,-201778.13684210528,95
494997,1.8898110173234257e-6,2.5397460232812173e-6,-201744.79245283018,106
494998,4.849515044454289e-6,6.699330061411085e-6,-201714.82857142857,210
494999,6.799320062327668e-7,1.039896009532467e-6,-201700.7358490566,53
495000,1.2398760113656348e-6,1.9198080175984e-6,-201724.11363636365,88
495001,6.699330061411085e-7,9.79902008982517e-7,-201730.0285714286,70
495002,3.899610035746749e-7,4.6995300430794157e-7,-201731.9090909091,55
495003,1.9998000183316674e-6,3.1196880285974015e-6,-201729.8376068376,117
495004,1.559844014298701e-6,2.089791019156592e-6,-201730.4150943396,106
495005,1.3398660122822176e-6,1.639836015031967e-6,-201754.37931034484,87
495006,4.2995700394130824e-7,6.899310063244251e-7,-201739.87692307692,65
495007,3.2996700302472496e-7,4.899510044912582e-7,-201746.88607594935,79
495008,1.6098390147569926e-6,2.4397560223646344e-6,-201780.44444444444,90
495009,9.89901009074176e-7,1.4498550132904585e-6,-201771.89130434784,138
495010,8.799120080659343e-7,1.25987401154895e-6,-201749.11111111112,72
495011,4.5395460416128715e-6,6.209379056919813e-6,-201787.73591549296,284
495012,2.6897310246560945e-6,3.9296070360217265e-6,-201818.28959276018,221
495013,1.2098790110906597e-6,1.5298470140237254e-6,-201799.88636363635,88
495014,9.599040087992004e-7,1.1698830107240251e-6,-201805.35869565216,92
495015,1.1698830107240264e-6,1.7698230162235246e-6,-201768.44943820225,89
495016,1.679832015398601e-6,2.7997200256643328e-6,-201788.9527027027,148
495017,6.199380056828168e-7,9.399060086158839e-7,-201778.875,80
495018,8.489151077817909e-6,1.204879511044829e-5,-201769.10194174756,206
495019,2.479752022731268e-6,2.469753022639609e-6,-201739.39682539683,126
495020,3.4796520318971033e-6,4.689531042987755e-6,-201799.7105263158,152
495021,1.9018098174334073e-5,2.4717528226579357e-5,-201873.0268292683,410
495022,7.829217071768447e-6,1.2728727116681056e-5,-201854.75933609958,241
495023,6.779322062144324e-6,1.0458954095874616e-5,-201887.07196969696,264
495024,8.849115081117576e-6,1.3108689120164068e-5,-201823.84732824427,393
495025,8.473152677670944e-5,5.5184481505859556e-5,-201682.38012618298,634
495026,3.399660031163837e-6,5.349465049037208e-6,-201705.15934065933,182
495027,7.309269067002227e-6,1.0798920098990996e-5,-201749.18902439025,328
495028,2.239776020531468e-6,3.399660031163835e-6,-201758.16666666666,120
495029,9.899010090741764e-7,1.4498550132904587e-6,-201728.36633663366,101
495030,2.8997100265809194e-6,3.879612035563434e-6,-201736.26011560694,173
495031,3.849615035288462e-6,5.5494450508703724e-6,-201685.30288461538,208
495032,3.3696630308888616e-6,5.329467048853889e-6,-201670.62162162163,185
495033,1.919808017598401e-6,2.6197380240144842e-6,-201670.03883495147,103
495034,1.299870011915584e-6,2.299770021081417e-6,-201663.20253164557,79
495035,1.205879411053851e-5,1.7178282157465446e-5,-201595.8383233533,334
495036,8.01919807350996e-6,1.1738826107606877e-5,-201564.50597609562,251
495037,1.8238176167184766e-5,2.6737326245094343e-5,-201538.35511363635,352
495038,9.62903708825983e-6,1.398860112821722e-5,-201601.0424107143,448
495039,5.379462049312165e-6,8.47915207772626e-6,-201647.63106796116,309
495040,8.519148078092876e-6,1.2478752114389592e-5,-201713.85479452054,365
495041,5.1594840472956905e-6,5.339466048945549e-6,-201726.44104803493,229
495042,6.999300064160817e-6,9.179082084142344e-6,-201710.39631336406,217
495043,3.849615035288463e-6,5.939406054445047e-6,-201752.53723404257,188
495044,3.0996900284140864e-6,3.619638033180319e-6,-201740.82165605095,157
495045,2.699730024747753e-6,4.059594037213282e-6,-201755.21118012423,161
495046,1.0408959095416294e-5,1.49985001374875e-5,-201803.19936708861,316
495047,1.0949905000375018e-4,1.0937906200265042e-4,-201795.88372093023,129
495048,3.289671030155596e-6,4.289571039321426e-6,-201795.18713450292,171
495049,3.639636033363638e-6,6.319368057928066e-6,-201767.56923076924,195
495050,1.7298270158568933e-6,2.4697530226396095e-6,-201766.65161290322,155
495051,1.7898210164068428e-6,2.7697230253893598e-6,-201777.31067961166,103
495052,2.679732024564435e-6,3.6396360333636346e-6,-201795.68,125
495053,4.5195480414295615e-6,6.779322062144347e-6,-201856.91191709845,193
495054,2.321767821282837e-5,3.0756924281931755e-5,-201980.29129662522,563
495055,3.7196280340969033e-6,4.769523043721025e-6,-202001.7183908046,174
495056,5.7524247527296254e-5,6.88031196306733e-5,-202194.5501474926,678
495057,1.6098390147569926e-6,2.359764021631367e-6,-202237.14406779662,118
495058,7.009299064252482e-6,7.649235070118623e-6,-202220.81818181818,132
495059,4.389561040238005e-6,6.569343060219521e-6,-202189.45918367346,196
495060,4.589541042071167e-6,6.079392055728265e-6,-202196.015625,192
495061,1.8618138170663462e-5,2.321767821282351e-5,-202203.38477366255,486
495062,1.4218578130338116e-5,2.1977802201464995e-5,-202158.0989247312,465
495063,7.749225071035175e-6,1.1008899100915818e-5,-202204.4144144144,333
495064,1.046895309596626e-5,1.0848915099449291e-5,-202156.99206349207,252
495065,4.3195680395964026e-6,6.479352059394599e-6,-202187.16143497758,223
495066,4.029597036938311e-6,5.259474048212282e-6,-202204.79775280898,178
495067,4.429557040604646e-6,5.6094390514203235e-6,-202189.33766233767,231
495068,2.2697730208064434e-6,2.8897110264892594e-6,-202158.10447761195,134
495069,1.2698730116406097e-6,1.969803018056692e-6,-202150.55,100
495070,2.6797320245644353e-6,3.8596140353801175e-6,-202140.7741935484,93
495071,2.899710026580919e-6,4.159584038129867e-6,-202160.4090909091,110
495072,4.009599036754997e-6,6.179382056644849e-6,-202123.34020618556,194
495073,6.089391055819916e-6,9.53904608744205e-6,-202108.5241935484,248
495074,9.689031088816922e-6,1.2368763113381357e-5,-202137.51497005988,167
495075,2.8397160260309692e-6,4.09959003757992e-6,-202163.22627737228,137
495076,3.3296670305222273e-6,4.7895210439043405e-6,-202159.11851851852,135
495077,3.3196680304305706e-6,5.5194480505953935e-6,-202103.63636363635,165
495078,1.7998200164985012e-6,2.7597240252977e-6,-202101.84684684683,111
495079,3.00969902758916e-6,4.369563040054691e-6,-202099.15833333333,120
495080,1.4298570131071434e-6,2.129787019523225e-6,-202112.54074074075,135
495081,1.769823016223526e-6,2.6097390239228263e-6,-202131.2336448598,107
495082,2.609739023922828e-6,3.889611035655094e-6,-202151.01734104045,173
495083,2.6357364241611318e-5,2.8877112264709253e-5,-202113.1358974359,390
495084,7.009299064252489e-6,5.989401054903337e-6,-202088.25680933852,257
495085,7.332266767209974e-5,8.576142378611657e-5,-202222.5633802817,781
495086,2.081791819081258e-5,2.935706426907324e-5,-202261.9873015873,630
495087,2.5257474231519636e-5,3.707629233985345e-5,-202328.71208791208,455
495088,2.365563441684032e-4,1.6164383548173582e-4,-202434.2130081301,615
495089,1.4250574930630173e-4,1.7707229262316391e-4,-202691.64945652173,368
495090,2.5817418236661653e-5,3.4436556315671264e-5,-202719.7894736842,399
495091,1.3328667122180531e-5,1.6058394147203287e-5,-202708.16013071896,306
495092,6.161383856477551e-5,6.683331661261591e-5,-202506.78880866425,554
495093,6.379362058478007e-6,8.32916707635139e-6,-202474.08,250
495094,1.0978902100640809e-5,1.1778822107973514e-5,-202426.68049792532,241
495095,3.5596440326303715e-6,5.1594840472957e-6,-202440.47647058824,170
495096,5.259474048212279e-6,7.389261067735504e-6,-202420.1919642857,224
495097,4.3395660397797125e-6,6.419358058844643e-6,-202437.008583691,233
495098,2.689731024656094e-6,3.649635033455294e-6,-202442.27544910178,167
495099,2.4697530226396116e-6,3.339666030613886e-6,-202434.12352941177,170
495100,3.6296370332719784e-6,5.2694730483039414e-6,-202401.12328767125,146
495101,1.5898410145728177e-5,2.0037996183672612e-5,-202280.66076696166,339
495102,5.8894110539803585e-6,8.179182074960885e-6,-202245.6935483871,186
495103,4.429557040604643e-6,5.5094490505037415e-6,-202215.98245614034,171
495104,3.4896510319887616e-6,4.149585038038209e-6,-202224.52252252251,111
495105,2.409759022083975e-6,3.309669030331093e-6,-202244.54444444444,90
495106,3.5196480322587625e-6,4.4395560406891956e-6,-202297.2605042017,119
495107,7.499250068743736e-6,1.025897409404145e-5,-202348.89777777778,225
495108,2.3844615518577755e-4,1.5863413645415998e-4,-202330.7060367454,381
495109,3.836016395162665e-4,3.222477749538561e-4,-202532.75812743822,769
495110,2.898410156568842e-4,2.3798620118153086e-4,-202750.66142857142,700
495111,4.043595637066624e-5,5.0154984459758194e-5,-202809.04194857916,739
495112,0.0,0.0,-202809.04194857916,0
495113,3.1226877286248985e-5,7.1692830657190225e-6,-202735.06382978722,47
495114,3.811618834940158e-5,4.05759423719495e-5,-202759.1807580175,343
495115,2.048795118780788e-5,2.6087391239136563e-5,-202809.92810457517,306
495116,1.8848115172775905e-5,2.0167983184874842e-5,-202777.76923076922,286
495117,2.1587841197890318e-5,1.7438256159852134e-5,-202742.59615384616,208
495118,6.099390055911571e-6,8.11918807442656e-6,-202726.0994152047,171
495119,5.229477047937307e-6,6.909309063335907e-6,-202730.36153846153,130
495120,1.4678532134554424e-5,1.6668333152794438e-5,-202752.75274725276,182
495121,8.60913907891781e-6,1.1528847105682057e-5,-202794.0593607306,219
495122,3.7977202248126946e-4,2.326067391322442e-4,-202977.6420361248,609
495123,8.672132779494978e-5,9.64203578838586e-5,-202963.139329806,567
495124,6.839316062694291e-6,9.489051086983756e-6,-202849.90298507462,268
495125,7.879212072226755e-6,1.0118988092758232e-5,-202849.58878504674,214
495126,2.0927907191828757e-5,2.430756922280862e-5,-202812.8078291815,281
495127,7.759224071126862e-6,1.0258974094041447e-5,-202687.7888446215,251
495128,8.579142078642827e-6,1.0568943096882857e-5,-202733.03982300885,226
495129,9.7390260892752e-6,1.3098690120072417e-5,-202807.1124497992,249
495130,1.1718828107423544e-5,1.2128787111181557e-5,-202862.64903846153,208
495131,1.4808519135726795e-5,1.670832915314117e-5,-202884.5532994924,197
495132,1.308869111997918e-4,1.2004799510042509e-4,-202923.2357894737,475
495133,9.812018789942619e-5,1.1153884602243246e-4,-202916.32447817837,527
495134,4.6375362425111395e-5,6.425357458899641e-5,-202780.25375375376,666
495135,3.965603436351692e-5,4.611538842272822e-5,-202731.11111111112,360
495136,2.6141385839631567e-4,1.3160683920640723e-4,-202676.52051835853,463
495137,6.979302063977513e-6,1.0168983093216524e-5,-202658.74489795917,196
495138,6.199380056828161e-6,6.99930006416083e-6,-202691.76086956522,184
495139,5.379462049312182e-6,7.389261067735502e-6,-202690.68354430379,158
495140,9.509049087167055e-6,1.4548545133362882e-5,-202711.25906735752,193
495141,3.859614035380118e-6,4.85951404454595e-6,-202717.33333333334,120
495142,3.459654031713786e-6,5.339466048945548e-6,-202715.9837398374,123
495143,5.509449050503738e-6,2.6097390239228254e-6,-202696.07407407407,135
495144,3.5596440326303694e-6,4.2095790385881575e-6,-202703.296875,128
495145,1.0598940097157837e-6,1.4898510136570921e-6,-202706.5945945946,74
495146,3.8196180350134874e-6,5.1094890468374075e-6,-202671.60606060605,132
495147,9.349065085700536e-6,7.369263067552188e-6,-202672.12096774194,124
495148,3.419658031347152e-6,4.249575038954791e-6,-202665.125,80
495149,1.2438756114022956e-5,6.43935605902796e-6,-202685.95041322315,121
495150,2.6597340243811173e-6,3.819618035013484e-6,-202683.18348623853,109
495151,7.499250068743756e-7,1.0298970094408086e-6,-202663.1875,80
495152,1.7698230162235246e-6,1.6898310154902579e-6,-202657.90476190476,63
495153,6.899310063244254e-7,1.039896009532467e-6,-202670.43333333332,60
495154,5.929407054353385e-6,6.789321062236005e-6,-202661.02469135803,81
495155,1.3998600128321668e-6,2.1797820199815168e-6,-202667.01449275363,69
495156,5.699430052245251e-6,2.5397460232812173e-6,-202658.67142857143,70
495157,6.759324061961035e-6,5.5194480505954e-6,-202628.8988764045,89
495158,6.769323062026396e-6,3.669633033635056e-6,-202593.9633027523,109
495159,1.6718328153251983e-5,2.0517948188081457e-5,-202530.5028901734,173
495160,1.2798720117322676e-6,1.6398360150319669e-6,-202527.6,95
495161,7.339266067268673e-6,1.1138886102091752e-5,-202587.2541436464,181
495162,1.519848013932067e-6,2.0397960186982996e-6,-202604.58441558442,77
495163,2.449755022456283e-5,2.4917508228412553e-5,-202673.4364640884,181
495164,3.0586941280382836e-5,6.149385056369872e-6,-202676.734375,64
495165,4.549545041704541e-6,4.829517044270974e-6,-202676.4239130435,92
495166,8.669133079467755e-6,1.036896309504969e-5,-202728.77005347595,187
495167,4.419558040512982e-6,5.159484047295698e-6,-202714.62376237623,101
495168,3.379662030980519e-6,2.639736024197801e-6,-202709.03125,96
495169,1.8698130171401085e-6,2.189781020073175e-6,-202721.74324324325,74
495170,3.609639033088661e-6,5.429457049770472e-6,-202717.37078651684,89
495171,7.499250068743757e-7,1.0498950096241253e-6,-202717.68823529413,170
495172,1.3678632125388588e-5,2.4197580221813164e-6,-202717.34188034188,117
495173,4.409559040421321e-6,5.749425052703539e-6,-202747.5945945946,111
495174,2.7397260251143842e-6,3.1796820291473504e-6,-202763.46153846153,104
495175,2.7197280249310675e-6,3.5396460324470514e-6,-202726.78723404257,94
495176,6.309369057836402e-6,8.379162076809678e-6,-202681.0703125,128
495177,1.9698030180566922e-6,2.8497150261226255e-6,-202667.37931034484,87
495178,1.7398260159485506e-6,3.079692028230767e-6,-202699.54430379748,79
495179,3.7296270341885596e-6,4.289571039321425e-6,-202680.14705882352,102
495180,9.659034088541943e-6,7.219278066177315e-6,-202664.22377622378,143
495181,4.6095390422544915e-6,6.789321062236007e-6,-202680.65806451612,155
495182,7.849215071951778e-6,8.769123080384357e-6,-202666.78761061947,113
495183,5.299470048578914e-6,8.539146078276214e-6,-202670.60975609755,164
495184,6.7293270616860475e-6,1.0028997091933306e-5,-202724.69633507854,191
495185,5.559444050962026e-6,7.98920107323501e-6,-202744.5058139535,172
495186,2.5597440234645353e-6,2.8397160260309667e-6,-202731.60240963855,83
495187,5.8184181533359834e-5,1.4148585129696542e-5,-202767.44720496895,161
495188,5.1994800476623265e-6,6.959304063794199e-6,-202730.98507462686,134
495189,5.309469048670571e-6,7.359264067460531e-6,-202762.8153846154,130
495190,3.235676429660621e-5,4.3485651398622055e-5,-202768.27705627706,462
495191,8.089191074151586e-6,1.2488751114481254e-5,-202757.50684931508,219
495192,1.571842814408686e-5,2.4797520227312654e-5,-202785.3827956989,465
495193,1.0638936097524435e-5,1.6588341152061165e-5,-202769.30434782608,368
495194,1.9288071176808895e-5,2.588741123730342e-5,-202773.31117824774,331
495195,1.0108989092666557e-5,1.2358764113289697e-5,-202663.59905660377,212
495196,2.379762021814686e-6,3.7996200348301673e-6,-202683.16814159293,113
495197,8.61913807900947e-6,1.3678632125388604e-5,-202738.0875,240
495198,4.969503045554194e-6,7.989201073235003e-6,-202652.91240875912,137
495199,7.639236070026965e-6,4.589541042071176e-6,-202672.80508474575,118
495200,4.399560040329666e-6,6.169383056553188e-6,-202701.07738095237,168
495201,4.169583038221527e-6,6.16938305655319e-6,-202710.9642857143,168
495202,3.0596940280474517e-6,4.779522043812681e-6,-202672.83018867925,106
495203,9.219078084508971e-6,1.1178882102474015e-5,-202716.0185185185,162
495204,3.3096690303388896e-5,4.569543041887859e-5,-202661.74042553193,470
495205,3.009699027589134e-5,3.655634433510283e-5,-202708.68222621185,557
495206,2.4977502228962314e-5,3.7036296339502405e-5,-202759.2460658083,699
495207,2.710728924848563e-5,2.7457254251693743e-5,-202724.8203883495,618
495208,1.4228577130429803e-5,1.7408259159577147e-5,-202676.59512195122,205
495209,5.9764023547840766e-5,7.566243369357718e-5,-202425.34449760764,627
495210,7.409259067918803e-6,8.469153077634605e-6,-202402.78481012658,237
495211,4.649535042621121e-6,5.2994700485789144e-6,-202414.33644859813,214
495212,2.299770021081418e-6,3.109689028505743e-6,-202413.17307692306,104
495213,6.0893910558199075e-6,8.409159077084655e-6,-202442.52,150
495214,1.6798320153986006e-6,2.439756022364634e-6,-202442.8988764045,89
495215,1.999800018331668e-6,2.899710026580919e-6,-202482.0340909091,88
495216,9.35906408576377e-6,1.2518748114729226e-5,-202548.54716981133,212
495217,9.979002091472163e-6,1.0208979093578178e-5,-202591.1011235955,178
495218,5.4154584496421576e-5,5.6074392514019936e-5,-202611.61290322582,93
495219,7.009299064252479e-6,2.879712026397601e-6,-202608.50961538462,104
495220,3.1596840289640367e-6,5.1994800476623316e-6,-202643.56,150
495221,2.4997500229145855e-6,3.299670030247251e-6,-202627.20661157026,121
495222,2.119788019431567e-6,3.1196880285974002e-6,-202605.94366197183,71
495223,4.949505045370876e-6,5.009499045920825e-6,-202602.53153153154,111
495224,5.9194080542617275e-6,8.519148078092896e-6,-202646.25174825176,143
495225,2.119788019431568e-6,2.959704027130867e-6,-202653.24761904762,105
495226,4.789521043904341e-6,3.889611035655093e-6,-202650.03846153847,130
495227,4.009599036754995e-6,5.829417053436807e-6,-202673.56737588652,141
495228,9.509049087167072e-6,1.1948805109531701e-5,-202772.7343173432,271
495229,2.6357364241611243e-5,3.5626437326578624e-5,-202814.73493975904,498
495230,2.3067693211455613e-5,2.699730024747744e-5,-202741.42222222223,450
495231,1.280871911741429e-5,1.740825915957714e-5,-202771.37746478873,355
495232,5.619438051511973e-6,8.689131079651086e-6,-202761.1286764706,272
495233,2.558744123455359e-5,2.8327167259668e-5,-202732.3186813187,182
495234,5.379462049312182e-6,6.479352059394594e-6,-202712.01477832513,203
495235,3.419658031347152e-6,4.599540042162834e-6,-202688.40972222222,144
495236,3.129687028689061e-6,4.409559040421324e-6,-202689.81944444444,144
495237,1.3698630125571928e-6,2.0697930189732743e-6,-202724.94791666666,96
495238,1.82281771670931e-5,2.5827417236753446e-5,-202737.5871559633,109
495239,2.419758022181318e-6,3.0996900284140835e-6,-202747.78846153847,104
495240,3.679632033730271e-6,5.8194180533451506e-6,-202731.78481012658,158
495241,3.236676329669801e-5,4.6845315429419295e-5,-202732.69911504423,452
495242,4.719528043262733e-6,7.119288065260729e-6,-202667.9378238342,193
495243,9.149085083861679e-6,1.3038696119511097e-5,-202619.5,182
495244,1.3188681120896626e-5,1.3508649123828274e-5,-202576.35403726707,161
495245,3.449655031618575e-6,3.969603036384807e-6,-202579.4700854701,117
495246,5.7294270525202155e-6,8.749125080201037e-6,-202680.45303867402,181
495247,2.959704027130871e-6,3.949605036205044e-6,-202701.54444444444,180
495248,4.879512044729266e-6,6.679332061227764e-6,-202712.5922330097,206
495249,2.909709026672578e-6,4.0895910374882605e-6,-202670.08256880735,109
495250,2.3297670213563927e-6,3.2096790294223277e-6,-202705.85826771654,127
495251,2.8397160260309713e-6,4.419558040512985e-6,-202725.13461538462,156
495252,4.009599036754994e-6,6.069393055636604e-6,-202748.42790697675,215
495253,2.2907709209982726e-5,3.2686731299618286e-5,-202671.33940774488,439
495254,2.1207879194398615e-5,3.079692028229409e-5,-202534.48013245032,604
495255,4.581541841997864e-5,4.333566639724723e-5,-202443.1841541756,467
495256,1.6018398146836614e-5,2.2557744206781183e-5,-202425.84126984127,252
495257,7.119288065260712e-6,1.0138986092941546e-5,-202440.33333333334,222
495258,8.689131079651061e-6,9.659034088541948e-6,-202436.10619469028,226
495259,4.429557040604638e-6,5.9694030547200215e-6,-202431.27624309392,181
495260,6.9093090633358964e-6,1.072892709834939e-5,-202453.41379310345,203
495261,2.3027697211089106e-5,2.5537446234095363e-5,-202381.32142857142,252
495262,4.165583438184884e-5,3.2026797293581594e-5,-202348.94970414203,338
495263,5.01949804601247e-6,7.289271066818922e-6,-202459.74431818182,176
495264,5.239476048028963e-6,7.3592640674605295e-6,-202526.84680851063,235
495265,8.98910108240083e-6,1.2528747114847889e-5,-202469.80689655172,290
495266,1.2278772112556405e-5,1.39186081275884e-5,-202430.31791907514,173
495267,2.798720125655159e-5,4.240575938872299e-5,-202362.1976284585,253
495268,1.859814017048451e-6,2.6397360241978005e-6,-202337.51,100
495269,1.8998100174150837e-6,2.729727025022725e-6,-202362.07,100
495270,5.889411053986738e-6,5.529447050687058e-6,-202398.40935672514,171
495271,2.2097790202564927e-6,2.9497050270392083e-6,-202445.68604651163,86
495272,1.4838516136020953e-5,5.559444050962034e-6,-202427.26717557252,131
495273,2.4607539225563933e-5,2.894710526534371e-5,-202310.2857142857,497
495274,6.0693930556174165e-6,6.629337060758814e-6,-202271.46256684492,374
495275,6.149385056360625e-6,8.069193073954767e-6,-202252.39784946237,279
495276,2.896710326553405e-5,3.7326267342160536e-5,-202195.0457665904,437
495277,7.443255668225095e-5,8.235176475485605e-5,-201977.66703417862,907
495278,3.9176082359091896e-5,5.3744625492631505e-5,-201907.90527577937,834
495279,1.0848915099415859e-5,1.5128487138651345e-5,-201956.7037037037,405
495280,1.2188781111727912e-5,1.530846914032535e-5,-201969.0987654321,324
495281,4.4695530409684325e-6,6.1593840564572695e-6,-201945.56766917295,266
495282,2.8697130263002595e-6,3.7596240344564293e-6,-201935.82857142857,140
495283,7.209279066067888e-6,1.030896909447203e-5,-201938.0487804878,205
495284,6.049395055442637e-6,8.609139078899354e-6,-201945.93467336684,199
495285,4.239576038861707e-6,2.6197380240123535e-6,-201937.9125,80
495286,1.7098290156735757e-6,2.3597640216313674e-6,-201958.8469387755,98
495287,2.319768021264736e-6,3.449655031622128e-6,-201964.42424242425,132
495288,2.5997400238297487e-6,3.879612035563437e-6,-201951.7743902439,164
495289,1.1978802109804508e-5,1.6818318154167163e-5,-201885.88401253917,319
495290,7.979202073137646e-6,1.0808919099076263e-5,-201913.0268456376,298
495291,3.0296970277703463e-6,4.6095390422509365e-6,-201914.94630872484,149
495292,2.2297770204398103e-6,2.9697030272225255e-6,-201917.32407407407,108
495293,5.549445050870366e-6,8.009199073418322e-6,-201868.11728395062,162
495294,6.619338060677812e-6,7.519248068927068e-6,-201845.12418300653,153
495295,2.789721025572678e-6,3.7296270341885604e-6,-201841.75,124
495296,1.8638136170851095e-5,2.4237576222179772e-5,-201807.50684931508,219
495297,5.279472048395593e-6,7.869213072135104e-6,-201795.02040816325,196
495298,1.9058094174700708e-5,2.4817518227495946e-5,-201723.9435215947,301
495299,5.779422052978503e-6,8.719128079926062e-6,-201695.98994974873,199
495300,3.2796720300639367e-6,4.569543041887855e-6,-201730.6846153846,130
495301,1.3378662122638836e-5,1.5678432143720268e-5,-201684.59832635985,239
495302,1.1058894101374098e-5,1.4828517135929307e-5,-201734.55859375,256
495303,9.589041087900303e-6,1.226877311246476e-5,-201724.58543417367,357
495304,2.709729024839411e-6,3.2496750297889603e-6,-201758.65413533835,133
495305,5.229477047937309e-6,6.249375057286456e-6,-201729.3112244898,196
495306,1.5998400146653334e-6,1.5498450142070415e-6,-201722.31395348837,86
495307,8.319168076259714e-6,1.0478952096057927e-5,-201681.49726775955,183
495308,2.9087091266626182e-5,3.662633733573521e-5,-201592.26708074534,322
495309,1.1878812108890068e-5,1.641835815050298e-5,-201567.31176470587,340
495310,7.1092890651605385e-6,4.539546041603646e-6,-201601.14516129033,124
495311,2.679732024554488e-6,2.979702027302816e-6,-201604.02739726027,146
495312,2.7997200256565197e-6,3.5596440326225525e-6,-201597.536,125
495313,3.4996500320789995e-6,5.039496046193666e-6,-201655.77697841727,139
495314,3.909609035838408e-6,3.029697027772476e-6,-201667.0,75
495315,1.1098890101740762e-6,1.789821016406841e-6,-201643.56,150
495316,3.6196380331760565e-6,5.019498046006797e-6,-201613.32520325202,123
495317,3.7096290339945863e-6,4.099590037569969e-6,-201614.24242424243,132
495318,5.929407054347708e-6,4.909509044992872e-6,-201620.78301886792,106
495319,1.839816016855897e-6,2.319768021255496e-6,-201622.06666666668,105
495320,3.5996400329970033e-6,4.959504045462534e-6,-201592.05479452055,146
495321,1.5298470140208832e-6,1.9098090175024785e-6,-201601.76119402985,67
495322,4.4995500412462483e-7,6.199380056828169e-7,-201602.7962962963,54
495323,8.799120080645125e-7,9.79902008979675e-7,-201605.47368421053,76
495324,1.9988001183186618e-5,2.0187981185019072e-5,-201583.15841584158,101
495325,9.00909908258414e-6,1.2578742115306184e-5,-201551.75,136
495326,6.5193480597612306e-6,6.789321062236008e-6,-201539.7987804878,164
495327,7.889211072318361e-5,8.901109881594256e-5,-201429.2816229117,419
495328,4.679532042896098e-6,5.5394460507787145e-6,-201436.38659793814,194
495329,3.433656631475473e-5,2.6277372240878074e-5,-201416.1264367816,261
495330,4.279572039229768e-6,5.3194680487622295e-6,-201377.04347826086,184
495331,3.399660031163838e-6,5.1194880469290655e-6,-201407.8373493976,166
495332,1.730826915866056e-5,8.08919107415159e-6,-201432.81203007518,133
495333,1.8998100174150837e-6,2.019798018514983e-6,-201427.6265060241,83
495334,3.9896010365716725e-6,3.519648032263734e-6,-201450.46226415093,106
495335,1.5098490138404071e-5,1.457854213363785e-5,-201486.56923076924,130
495336,2.2397760205314683e-6,2.8197180258476504e-6,-201505.51707317072,205
495337,5.749425052703529e-6,7.629237069935302e-6,-201553.87283236993,173
495338,4.53954604161288e-6,6.059394055544949e-6,-201585.88888888888,180
495339,1.0198980093491508e-6,1.5198480139320664e-6,-201593.6447368421,76
495340,1.899810017415084e-6,2.839716026030968e-6,-201558.25252525252,99
495341,1.8598140170484504e-6,2.5097490230062426e-6,-201569.39583333334,96
495342,3.1496850288723774e-6,3.8096190349218257e-6,-201570.40594059406,101
495343,1.9698030180566922e-6,2.9497050270392088e-6,-201562.02298850575,87
495344,6.969303063885851e-6,7.779222071310181e-6,-201545.91818181818,110
495345,2.703729624780715e-5,2.353764621574239e-5,-201605.1172413793,145
495346,2.3397660214444995e-6,2.839716026023152e-6,-201600.80165289255,121
495347,1.749825016040209e-6,2.309769021173076e-6,-201586.79816513762,109
495348,3.619638033178187e-6,4.979502045642297e-6,-201580.05217391305,115
495349,1.4798520135654336e-6,1.97980201814835e-6,-201570.125,72
495350,5.439456049862131e-6,7.139286065444049e-6,-201551.8947368421,114
495351,7.319268067093869e-6,1.0268973094133103e-5,-201507.54395604396,182
495352,1.139886010449051e-6,1.399860012832167e-6,-201520.1235955056,89
495353,9.60903908808364e-6,1.0798920098991001e-5,-201488.72784810126,158
495354,1.039896009532465e-5,6.289371057653093e-6,-201479.21774193548,124
495355,2.2897710209897593e-6,2.5097490230062413e-6,-201473.9708737864,103
495356,5.119488046929059e-6,4.799520043995999e-6,-201483.72413793104,87
495357,1.8588141170392815e-5,1.8548145170026203e-5,-201476.37333333332,225
495358,2.4677532226212644e-5,2.9117088266909006e-5,-201402.95477386934,398
495359,7.099290065077395e-6,9.46905308680044e-6,-201410.55462184874,238
495360,9.52904708735034e-6,1.3938606127771715e-5,-201456.5465116279,344
495361,4.749525043537703e-6,7.4092590679188234e-6,-201416.91845493563,233
495362,4.359564039963031e-6,6.209379056919825e-6,-201458.41981132075,212
495363,4.099590037579917e-6,5.97940205481168e-6,-201494.3661971831,142
495364,3.7496250343718776e-6,5.8294170534368085e-6,-201485.60330578513,121
495365,7.719228070760216e-6,9.03909608285913e-6,-201526.5905511811,127
495366,2.2897710209897593e-6,2.649735024289458e-6,-201526.02631578947,76
495367,1.899810017415084e-6,2.8597140262142843e-6,-201532.4148148148,135
495368,2.809719025755996e-6,3.339666030613884e-6,-201535.00847457626,118
495369,2.879712026389786e-6,3.479652031886442e-6,-201596.04494382022,89
495370,1.8598140170484508e-6,3.1596840289640337e-6,-201555.8282828283,99
495371,5.829417053436803e-6,7.959204072960034e-6,-201544.63095238095,168
495372,2.8487151261128677e-5,3.9286071360112063e-5,-201674.96774193548,558
495373,1.951804817891693e-5,2.8037196257009907e-5,-201716.55459272096,577
495374,2.1927807200986708e-5,2.502749722941008e-5,-201647.98109243697,476
495375,2.6357364241610555e-5,3.750624934380897e-5,-201544.1004784689,418
495376,2.2507749206322798e-5,3.018698127671641e-5,-201402.05521472392,489
495377,7.159284065627355e-6,9.899010090741749e-6,-201409.84583333333,240
495378,5.479452050228763e-6,6.179382056644847e-6,-201415.04022988505,174
495379,2.539746023281218e-6,3.469653031805442e-6,-201397.36538461538,104
495380,2.329767021356394e-6,3.169683029055692e-6,-201415.22480620156,129
495381,2.396460351964973e-4,1.8620137970666746e-4,-201280.48139534885,430
495382,4.729527043346577e-6,6.949305063690461e-6,-201309.3790849673,153
495383,4.949505045370873e-6,6.039396055361631e-6,-201343.95070422534,142
495384,6.659334061044435e-6,9.279072085058929e-6,-201355.8558139535,215
495385,7.719228070760201e-6,1.0238976093858126e-5,-201404.51440329218,243
495386,7.3892610677354855e-6,1.0528947096516223e-5,-201461.6375,160
495387,3.409659031255494e-6,4.419558040512985e-6,-201506.97014925373,134
495388,3.4796520318971037e-6,4.8995100449125855e-6,-201542.57777777777,135
495389,3.399660031163837e-6,5.299470048578917e-6,-201568.34705882354,170
495390,3.9496050362050424e-6,5.869413053803442e-6,-201522.24375,160
495391,2.5697430235561936e-6,3.4096590312554925e-6,-201497.63076923077,130
495392,2.3597640216313687e-6,3.6396360333636346e-6,-201531.88636363635,132
495393,3.60963903308866e-6,5.38946104940384e-6,-201508.525,120
495394,2.3697630217230262e-6,3.489651031988759e-6,-201487.3563218391,87
495395,3.699630033913587e-6,5.159484047295698e-6,-201498.31645569621,158
495396,6.239376057194783e-6,7.969203073051684e-6,-201439.33771929826,228
495397,1.566843314362855e-5,2.162783719825695e-5,-201522.14427860695,402
495398,2.7937206256093212e-5,3.9456054361683743e-5,-201521.52757078985,671
495399,2.103789619284903e-5,2.3447655214938753e-5,-201417.67777777778,450
495400,9.599040087991968e-6,1.3528647124013723e-5,-201367.7101910828,314
495401,9.159084083958993e-6,7.219278066177308e-6,-201346.30181818182,275
495402,7.309269067002231e-6,1.0468953095966277e-5,-201370.995951417,247
495403,1.0878912099724236e-5,1.589841014573675e-5,-201459.14685314684,286
495404,2.5797420236478524e-6,3.7896210347385098e-6,-201438.58474576272,118
495405,6.899310063244237e-6,1.006899309229994e-5,-201481.45,220
495406,6.319368057928048e-6,9.549045087533702e-6,-201519.0294117647,170
495407,2.579742023647852e-6,2.7997200256643336e-6,-201500.6076923077,130
495408,9.609039088083646e-6,1.2648735115947784e-5,-201498.77578475335,223
495409,3.6696330336376955e-5,3.828617135095052e-5,-201573.3216374269,342
495410,1.825817416736025e-5,2.103789619283843e-5,-201638.74033149172,362
495411,2.8397160260281274e-6,4.219578038675554e-6,-201601.38235294117,136
495412,4.029597036927652e-6,4.009599036747177e-6,-201628.8148148148,135
495413,9.069093083107798e-6,3.4796520318793393e-6,-201623.0655737705,122
495414,3.0146985276300074e-5,3.148685128858233e-5,-201645.93167701864,161
495415,2.969703027222529e-6,4.469553040971274e-6,-201642.9387755102,147
495416,2.1837816200177426e-5,3.0376962278450846e-5,-201719.32591093116,494
495417,3.7096290340052458e-6,5.149485047204039e-6,-201737.66863905324,169
495418,1.6698330153069426e-6,2.449755022456292e-6,-201722.88349514562,103
495419,1.0438956095691292e-5,1.2338766113106381e-5,-201694.75862068965,203
495420,6.829317062602634e-6,7.439256068193797e-6,-201676.0684931507,146
495421,1.0528947096516181e-5,1.3868613127130108e-5,-201722.36526946106,334
495422,1.9228077176258886e-5,2.4267573222454705e-5,-201753.71559633026,545
495423,1.2068793110631562e-5,1.3848615126946789e-5,-201824.48997134672,349
495424,6.079392055728254e-6,7.4392560681937964e-6,-201766.1931330472,233
495425,6.519348059761222e-6,8.539146078276214e-6,-201721.9402173913,184
495426,4.129587037854887e-6,5.929407054353387e-6,-201732.72769953051,213
495427,3.1896810292390092e-6,4.689531042987758e-6,-201726.0,140
495428,3.059694028047452e-6,3.699630033913585e-6,-201723.03191489363,94
495429,1.7798220163151845e-6,2.0597940188816163e-6,-201736.89156626505,83
495430,4.02959703693831e-6,5.4294570497704745e-6,-201711.2037037037,108
495431,2.1797820199815176e-6,2.489751022822926e-6,-201701.24038461538,104
495432,3.389661031072177e-6,4.649535042621128e-6,-201703.64117647058,170
495433,2.1907809200823328e-5,2.202779720192328e-5,-201688.88767123286,365
495434,5.7094290523369004e-6,8.669133079467772e-6,-201757.93396226416,212
495435,8.079192074059914e-6,1.107889210155743e-5,-201780.0278884462,251
495436,4.3295670396880605e-6,5.54944505087037e-6,-201739.63681592038,201
495437,4.3795620401463486e-6,6.159384056461531e-6,-201695.2817679558,181
495438,6.56934306021952e-6,8.409159077084654e-6,-201648.70921985817,141
495439,1.4748525135179673e-5,1.7088291156619217e-5,-201622.66666666666,201
495440,2.3897610218999483e-6,3.389661031058676e-6,-201622.94214876034,121
495441,2.0997900192482515e-6,2.7397260251143842e-6,-201636.76991150444,113
495442,4.4395560406963e-6,4.9195080450959e-6,-201642.20212765958,94
495443,1.9098090175067424e-6,2.789721025572676e-6,-201687.2210526316,95
495444,1.2488751114481233e-5,1.6298370149403074e-5,-201704.64112903227,248
495445,1.0998900100824138e-5,1.387861212722177e-5,-201687.94684385383,301
495446,9.209079084417288e-6,1.2908709118330903e-5,-201707.37421383648,318
495447,6.769323062052674e-6,8.569143078551184e-6,-201694.64055299538,217
495448,4.019598036846652e-6,5.98940105490334e-6,-201722.8777777778,180
495449,4.929507045187552e-6,6.949305063702538e-6,-201691.16363636364,165
495450,1.3368663122522296e-5,1.0908909099990001e-5,-201635.79411764705,204
495451,1.7898210164068424e-6,2.229777020439809e-6,-201654.4,110
495452,1.7578242161135345e-5,1.7128287157010717e-5,-201665.04255319148,94
495453,2.5297470231895593e-6,2.6297370241061426e-6,-201662.69696969696,99
495454,3.269673029972275e-6,2.5497450233728756e-6,-201659.1264367816,87
495455,2.4897510228229254e-6,3.809619034921827e-6,-201674.17894736843,95
495456,3.6096390330886625e-6,5.2894710484872565e-6,-201696.56842105262,190
495457,5.464453550089158e-5,5.976402354780707e-5,-201606.0762463343,341
495458,7.4092590679187955e-6,9.809019089916819e-6,-201550.5368852459,244
495459,3.199680029330668e-6,4.599540042162833e-6,-201518.625,96
495460,7.399260067827166e-6,8.279172075893099e-6,-201503.0202020202,99
495461,1.5498450142070415e-6,1.9098090175067416e-6,-201506.16666666666,54
495462,3.819618035013485e-6,3.89961003574675e-6,-201514.8,80
495463,1.0898910099907592e-6,1.4698530134737746e-6,-201520.0280373832,107
495464,1.6198380148486467e-5,1.4098590129238242e-5,-201460.47867298577,211
495465,4.389561040238007e-6,6.169383056553188e-6,-201439.86111111112,180
495466,1.569843014390357e-5,1.7878212163885094e-5,-201392.7233009709,206
495467,3.0696930281391088e-6,3.7596240344635342e-6,-201378.43448275863,290
495468,3.929607036021727e-6,5.619438051511976e-6,-201369.32666666666,150
495469,8.659134079376113e-6,1.1178882102474012e-5,-201366.16143497758,223
495470,2.91370862670923e-5,3.44665533159463e-5,-201438.59708737864,412
495471,4.729527043354385e-6,6.519348059761229e-6,-201422.56306306308,222
495472,9.06909308313409e-6,1.018898109339984e-5,-201415.46875,224
495473,2.8097190257559933e-6,4.149585038038209e-6,-201412.06106870229,131
495474,2.0157984184783187e-5,2.123787619468229e-5,-201433.18367346938,147
495475,2.170782919899022e-5,7.059294064710782e-6,-201430.74285714285,140
495476,2.059794018881618e-6,2.6197380240144842e-6,-201413.868852459,122
495477,3.3496650307055436e-6,3.3096690303389097e-6,-201407.00952380954,105
495478,2.249775020623125e-6,1.9498050178733747e-6,-201399.21333333335,75
495479,3.5896410329053453e-6,3.7496250343718776e-6,-201394.30322580645,310
495480,8.659134079376102e-6,7.699230070576909e-6,-201407.6783042394,401
495481,4.649535042621114e-6,6.049395055453283e-6,-201408.26099706744,341
495482,6.819318062510967e-6,5.119488046929063e-6,-201417.07913669065,417
495483,9.559044087625311e-6,8.249175075618091e-6,-201390.72101449277,552
495484,1.4598540133821177e-6,1.5798420144820168e-6,-201387.2912087912,182
495485,1.0398960095324672e-6,1.3198680120989e-6,-201377.7894736842,57
495486,3.909609035838406e-6,5.32946704885389e-6,-201373.6511627907,86
495487,5.59944005132867e-7,6.799320062327669e-7,-201370.54237288135,59
495488,6.799320062327667e-7,9.799020089825165e-7,-201364.22222222222,45
495489,1.0498950096241255e-6,1.3898610127405082e-6,-201374.8088235294,68
495490,3.699630033913583e-7,4.0995900375799156e-7,-201385.83333333334,60
495491,2.9197080267642336e-6,7.599240069660336e-7,-201380.2962962963,81
495492,6.099390055911585e-7,6.499350059577918e-7,-201373.9220779221,77
495493,2.0097990184233257e-6,3.3896610310721762e-6,-201357.36046511628,86
495494,1.9928007182634536e-5,2.055794418841612e-5,-201311.35882352942,170
495495,2.5887411237282042e-5,2.3877612218845256e-5,-201272.26119402985,268
495496,1.3568643124349788e-5,1.6208379148544762e-5,-201275.25146198831,171
495497,5.659434051878615e-6,6.099390055911581e-6,-201239.43949044586,157
495498,1.592840714601171e-5,4.149585038038209e-6,-201226.92,75
495499,2.349765021539709e-6,2.7997200256643336e-6,-201240.68055555556,72
495500,1.919808017598401e-6,2.079792019064934e-6,-201228.92700729927,137
495501,2.6997300247477508e-6,3.05969402804745e-6,-201224.7088607595,79
495502,9.299070085213822e-6,1.1358864104089758e-5,-201280.9193548387,124
495503,1.153884610577227e-5,1.5768423144543058e-5,-201380.1535433071,254
495504,8.489151077817897e-6,9.289071085150589e-6,-201447.01204819276,249
495505,6.479352059394589e-6,9.81901809000848e-6,-201379.5680473373,169
495506,1.383861612685513e-5,1.444855513244629e-5,-201342.14285714287,84
495507,5.209479047753983e-6,5.2794720483955935e-6,-201321.73913043478,138
495508,1.7498250160402098e-6,2.169783019889858e-6,-201322.0,93
495509,1.429857013107142e-6,1.9098090175067416e-6,-201346.77027027027,74
495510,3.7096290340052445e-6,5.1494850472040435e-6,-201396.20430107528,93
495511,1.509849013840408e-6,1.4498550132904582e-6,-201385.38,50
495512,1.0438956095691297e-5,6.639336060861132e-6,-201343.5503875969,129
495513,2.119788019431567e-6,2.859714026214284e-6,-201361.3,100
495514,3.799620034830167e-7,5.399460049495499e-7,-201362.86046511628,43
495515,1.5598440142987007e-6,2.2597740207147837e-6,-201363.6090909091,110
495516,1.109889010174076e-6,1.3598640124655333e-6,-201334.025,80
495517,7.59924006966034e-7,9.099090083409088e-7,-201328.95,60
495518,7.819218071673257e-6,9.679032088717449e-6,-201302.29914529916,117
495519,5.499450050412072e-6,7.399260067827162e-6,-201249.66985645934,209
495520,4.089591037488262e-6,5.339466048945546e-6,-201252.99333333335,150
495521,2.1297870195232253e-6,3.449655031622126e-6,-201259.48,75
495522,1.2998700119155837e-6,1.999800018331666e-6,-201265.4492753623,69
495523,7.699230070576916e-7,8.799120080659332e-7,-201253.72222222222,54
495524,1.5218478139503972e-5,1.5218478139503978e-5,-201252.7142857143,77
495525,2.4897510228186627e-6,3.26967302996375e-6,-201277.63736263735,91
495526,9.249075084783921e-6,1.2028797110264975e-5,-201355.57915057914,259
495527,9.769023089550192e-6,1.3548645124197042e-5,-201341.71942446043,139
495528,4.2705729391463865e-5,5.934406554397947e-5,-201227.67987804877,656
495529,1.2028797110252843e-5,1.6528347151499138e-5,-201265.4135338346,399
495530,9.659034088541914e-6,1.2978702118972507e-5,-201328.92542372883,295
495531,2.645735424252787e-5,3.197680229312335e-5,-201438.554973822,382
495532,3.879612035563438e-6,4.629537042437807e-6,-201478.435,200
495533,3.3996600311638335e-5,2.9077092266542432e-5,-201476.20418848167,191
495534,2.46975302263961e-6,3.2496750297889595e-6,-201487.84615384616,91
495535,2.0797920190649347e-6,3.2096790294223285e-6,-201458.96923076923,130
495536,2.5997400238311696e-6,3.5796420328136853e-6,-201439.19827586206,116
495537,2.7717228254076883e-5,3.093690628359089e-5,-201443.01960784313,51
495538,2.189781020073176e-6,2.9897010274058427e-6,-201470.2857142857,175
495539,1.7998200164985008e-6,1.5898410145736756e-6,-201470.3656716418,134
495540,8.399160076992984e-6,1.1698830107240245e-5,-201507.1717171717,198
495541,1.0188981093399807e-5,1.2928707118514217e-5,-201545.1689373297,367
495542,2.2207779203573097e-5,3.068693128129939e-5,-201531.89428571428,350
495543,4.199580038496497e-6,5.659434051878616e-6,-201481.34523809524,168
495544,4.71952804326273e-6,7.429257068102136e-6,-201517.8052631579,190
495545,1.3988601128217193e-5,1.7618238161492026e-5,-201562.64122137404,262
495546,6.699330061403256e-6,9.979002091465776e-6,-201609.35443037975,237
495547,5.179482047479004e-6,6.189381056736498e-6,-201552.55263157896,190
495548,9.939006091108384e-6,1.135886410412386e-5,-201546.78106508875,169
495549,4.1695830382151256e-6,5.949405054528889e-6,-201598.52317880795,151
495550,3.3596640307943606e-6,4.349565039867823e-6,-201575.07558139536,172
495551,4.389561040237294e-6,7.069293064801019e-6,-201562.22751322752,189
495552,9.349065085700521e-6,1.2368763113381357e-5,-201487.15254237287,236
495553,4.299570039413075e-6,5.349465049037205e-6,-201446.29452054793,146
495554,3.5496450325387127e-6,4.979502045645848e-6,-201474.4017857143,224
495555,6.389361058569663e-6,4.709529043171071e-6,-201487.9393939394,165
495556,1.923807617635063e-5,4.979502045645849e-6,-201455.41379310345,145
495557,4.389561040238005e-6,5.7894210530701725e-6,-201438.2734375,128
495558,9.999000091658339e-7,1.2198780111823168e-6,-201457.69892473117,93
495559,1.5998400146653346e-6,1.8798120172317665e-6,-201473.88135593222,118
495560,6.2493750572864414e-6,5.56944305105369e-6,-201465.26178010472,191
495561,2.2297770204398095e-6,2.829717025939309e-6,-201450.63503649636,137
495562,5.000499945838337e-5,5.30846914866141e-5,-201411.78306878306,189
495563,3.0836916282674295e-5,3.157684228945704e-5,-201382.6234567901,162
495564,7.190280965909025e-5,7.664233570254121e-5,-201218.35581061692,697
495565,3.684631533772971e-5,4.54754524168394e-5,-200994.6458852868,802
495566,3.653634633490797e-5,3.705629433968425e-5,-201000.9376083189,577
495567,9.597040287973271e-5,8.98010198231798e-5,-200938.66317991633,478
495568,5.889411053976796e-6,7.069293064788935e-6,-200968.05194805196,231
495569,9.429057086431652e-6,9.22907708459708e-6,-201001.02092050208,239
495570,1.4988501137387289e-5,4.029597036924809e-6,-200977.71341463414,164
495571,2.6737326245031128e-5,1.0718928098234285e-5,-200950.25174825176,143
495572,7.049295064604912e-6,1.9498050178669804e-6,-200958.54054054053,74
495573,2.2937706210218025e-5,2.2397760205314674e-6,-200949.408045977,174
495574,1.21887811117251e-5,1.879812017231125e-5,-200915.96226415093,212
495575,1.711828815691904e-5,1.0268973094133098e-5,-200896.35251798562,278
495576,9.739026089275198e-6,8.389161076901334e-6,-200915.34016393442,244
495577,4.4695530409663e-6,5.429457049764788e-6,-200959.1497584541,207
495578,1.7998200164985004e-6,2.539746023281217e-6,-200996.92,100
495579,2.3997600219965804e-6,3.23967602969517e-6,-200980.73103448277,145
495580,2.9697030272189743e-6,2.0697930189683018e-6,-200951.37142857144,140
495581,3.289671030152041e-6,3.269673029969434e-6,-200959.70714285714,140
495582,1.1208879102748975e-5,1.2988701119064171e-5,-200904.01492537314,134
495583,6.929307063518506e-6,9.169083084049265e-6,-200984.12676056338,142
495584,2.3697630217066853e-6,2.9097090266555245e-6,-200965.19298245615,114
495585,4.4995500412462516e-6,3.819618035013484e-6,-200925.85294117648,136
495586,1.7598240161318677e-6,2.6997300247477516e-6,-200935.6811594203,138
495587,1.5898410145736756e-6,1.889811017323425e-6,-200933.88695652175,115
495588,5.703429652281922e-5,5.9414058544633785e-5,-200821.72938689217,473
495589,6.399760018664264e-4,4.38956104023754e-4,-200656.62656400385,1039
495590,9.679032088725188e-6,1.219878011182312e-5,-200680.76720183485,872
495591,5.729427052515235e-6,7.119288065255021e-6,-200666.29965753425,584
495592,1.7178282157468983e-5,1.961803817983361e-5,-200734.02269692923,749
495593,2.4158584121455954e-4,2.466753322612105e-5,-200710.45132743364,678
495594,4.809519044081253e-6,5.509449050498048e-6,-200671.25762711864,295
495595,2.7597240252977044e-6,3.6596340335469548e-6,-200700.36741214056,313
495596,5.649435051786954e-6,5.66943305197027e-6,-200700.3179916318,239
495597,1.599840014665334e-6,1.789821016406842e-6,-200711.1077586207,232
495598,4.26957303913811e-6,5.529447050687059e-6,-200708.95670995672,231
495599,1.7798220163151853e-6,2.2997700210814176e-6,-200717.0,166
495600,3.9696030363883575e-6,4.169583038221527e-6,-200737.38819875778,322
495601,3.1296870286890637e-6,3.9996000366633356e-6,-200740.15753424657,292
495602,1.3298670121905603e-6,1.6298370149403093e-6,-200714.0637254902,204
495603,4.746525343510226e-5,3.4696530318054428e-6,-200703.264,125
495604,1.6198380148486512e-6,2.1397860196148837e-6,-200736.17647058822,119
495605,6.419358058844644e-6,4.3995600403296645e-6,-200712.27044025157,159
495606,3.229677029605645e-6,3.7696230345551947e-6,-200715.02189781022,137
495607,3.129687028689061e-6,4.519548041429566e-6,-200761.31395348837,172
495608,7.451254868303738e-5,6.699330061411077e-5,-200879.5672371638,409
495609,6.059394055544948e-6,7.319268067093898e-6,-200909.56115107914,139
495610,4.357564239944713e-5,5.585441451200346e-5,-200897.0,125
495611,1.4428557132262958e-5,1.1548845105865374e-5,-200911.39269406392,219
495612,6.759324061952493e-6,8.599140078816212e-6,-200949.84586466165,266
495613,8.579142078642114e-6,1.1738826107605454e-5,-200936.2206303725,349
495614,9.249075084783931e-6,1.272872711668105e-5,-200903.23053892216,334
495615,8.459154077540784e-6,1.1658834106871474e-5,-200927.83375959078,391
495616,3.4796520318971045e-6,4.839516044362632e-6,-200944.10970464136,237
495617,1.0568943096876418e-5,1.4868513136286697e-5,-200983.06720430107,372
495618,2.3797620218104227e-6,3.5996400329898962e-6,-200967.2,165
495619,2.969703027208318e-6,3.389661031054414e-6,-200966.56038647343,207
495620,7.199280065972687e-7,9.59904008795648e-7,-200970.23214285713,112
495621,5.569443051052265e-6,3.7096290340038215e-6,-200952.1689189189,148
495622,2.5197480230943476e-6,3.679632033723162e-6,-200960.41904761904,105
495623,2.81671832582014e-5,2.284771520943922e-5,-201019.9927184466,824
495624,1.4101589829265728e-4,1.0771922798743509e-4,-201029.8201438849,1112
495625,1.2307769212822285e-4,5.0924907466816015e-5,-201038.1793721973,446
495626,4.012598736782504e-5,3.314668530384726e-5,-201104.9094890511,685
495627,1.7558244160951996e-5,1.6638336152519458e-5,-201074.40443213296,361
495628,4.859514044545945e-6,6.2593740573781095e-6,-201103.7925925926,270
495629,1.0018998091841626e-5,1.3418658123005478e-5,-201166.949602122,377
495630,7.199280065993981e-6,8.51914807809289e-6,-201215.3456375839,298
495631,1.4058594128871577e-5,7.659234070210279e-6,-201208.18971061092,311
495632,2.0047995183774916e-5,2.006799318395824e-5,-201222.75747508305,301
495633,1.8568143170209496e-5,2.202779720192328e-5,-201195.9756097561,205
495634,6.310368957845553e-5,6.38636135854217e-5,-201167.0382165605,157
495635,1.8698130171401098e-6,2.2897710209897593e-6,-201164.89261744966,149
495636,1.0658934097707743e-5,8.11918807442655e-6,-201184.88888888888,315
495637,3.248675129776864e-5,3.056694328016606e-5,-201295.6908462867,579
495638,1.2128787111181508e-5,1.6038396147019944e-5,-201232.87280701756,456
495639,1.553844614243133e-5,1.821817816699435e-5,-201260.37434554973,382
495640,1.788821116397673e-5,1.7628237161593625e-5,-201186.2101910828,314
495641,1.0848915099449249e-5,1.4048595128779951e-5,-201118.5945017182,291
495642,9.739026089275184e-6,5.399460049495501e-6,-201140.3142857143,245
495643,3.56374362266795e-4,3.767323264534109e-4,-201136.7488372093,215
495644,1.9188081175892315e-5,9.449055086617116e-6,-201144.97297297296,185
495645,3.493650632025434e-5,4.339566039779717e-6,-201127.93288590605,149
495646,1.7608239161410312e-5,1.5288471140145584e-5,-201149.93956043955,182
495647,6.399360058661327e-6,5.659434051878617e-6,-201157.89325842698,178
495648,9.927007290998385e-5,9.665033488596937e-5,-201139.66206896552,145
495649,4.765523443684405e-5,4.371562840073047e-5,-201141.68961278428,1627
495650,3.1906809292481705e-5,2.2587741207056146e-5,-201133.67409948542,583
495651,7.2292770662689745e-6,6.399360058661334e-6,-201134.06375838927,298
495652,7.2192780661773114e-6,7.379262067643846e-6,-201127.20238095237,168
495653,3.619638033180319e-6,3.3796620309805187e-6,-201120.7,100
495654,3.8396160351968e-6,1.7598240161318667e-6,-201121.0859375,128
495655,2.159784019798201e-6,1.5198480139320664e-6,-201123.38043478262,92
495656,1.6098390147569917e-6,2.5297470231895585e-6,-201118.4084507042,71
495657,4.699530043079415e-7,5.899410054078416e-7,-201122.46739130435,92
495658,6.599340060494503e-7,8.799120080659334e-7,-201124.0,41
495659,1.1598840106323668e-6,2.199780020164833e-7,-201124.12903225806,31
495660,2.119788019431568e-6,3.0396960278641345e-6,-201123.97872340426,141
495661,1.8898110173234255e-6,2.569743023556193e-6,-201146.06153846154,130
495662,1.099890010082417e-6,1.0598940097157837e-6,-201129.28,75
495663,1.2598740115489507e-6,1.3198680120989005e-6,-201126.86991869917,123
495664,4.469553040971274e-6,4.789521043904341e-6,-201132.81280788177,203
495665,5.819418053345147e-6,5.799420053161833e-6,-201110.86524822694,141
495666,4.237576238844819e-5,2.2207779203573137e-5,-201053.08653846153,208
495667,1.6298370149403098e-6,1.9098090175067416e-6,-201050.9793814433,97
495668,1.3598640124655344e-6,1.7998200164985e-6,-201048.29,100
495669,2.619738024014485e-6,3.6996300339135853e-6,-201045.3909090909,110
495670,2.189781020073176e-6,1.3098690120072417e-6,-201027.96703296702,91
495671,4.619538042346148e-6,1.25987401154895e-6,-201028.24561403508,57
495672,1.0098990092574927e-6,1.1698830107240253e-6,-201035.06451612903,62
495673,7.499250068743753e-7,1.3098690120072415e-6,-201041.45098039217,51
495674,7.73922607093428e-6,1.0398960095314002e-5,-200988.9064039409,203
495675,1.1298870103573925e-6,1.7898210164068411e-6,-201003.03157894738,95
495676,3.3496650307055423e-6,3.749625034371876e-6,-201006.12820512822,78
495677,5.509449050503732e-6,4.35956403996303e-6,-201000.65476190476,84
495678,8.309169076168073e-6,8.269173075801439e-6,-200993.1320754717,53
495679,1.809819016590159e-6,1.039896009532467e-6,-200993.86111111112,72
495680,1.2998700119120315e-6,1.7598240161276038e-6,-200986.15584415584,77
495681,1.4098590129238258e-6,1.869813017140108e-6,-200993.63333333333,90
495682,6.909309063334482e-6,8.219178075336754e-6,-200986.33636363636,110
495683,2.5697430235547723e-6,3.1596840289611927e-6,-200968.19014084508,142
495684,1.5648435143445263e-5,1.7308269158660537e-5,-200989.2064777328,247
495685,1.5898410145736767e-6,2.2197780203481502e-6,-200994.16393442624,122
495686,2.8597140262064695e-6,4.0795920373845204e-6,-200971.4184397163,141
495687,1.6298370149339149e-6,1.929807017682954e-6,-200978.7238095238,105
495688,2.10978901933991e-6,2.549745023372875e-6,-200989.38461538462,117
495689,8.229177075434773e-6,1.1548845105865363e-5,-201002.38095238095,231
495690,1.058894109706616e-5,1.1608839106415322e-5,-201040.8038277512,209
495691,9.843015690228464e-5,7.503249668780416e-5,-201048.8993710692,159
495692,1.6798320153986014e-6,2.2497750206231254e-6,-201019.45918367346,98
495693,7.329267067185547e-6,7.169283065719019e-6,-201028.24,125
495694,1.4158584129784616e-5,1.5708429143989553e-5,-200997.51515151514,330
495695,4.60953904225449e-6,6.77932206214435e-6,-200990.17894736843,190
495696,1.609839014756702e-5,2.213778620292726e-5,-200943.76334106727,431
495697,1.2038796110351601e-5,1.4298570131061456e-5,-200950.39658848615,469
495698,7.749225071025946e-6,1.1488851105302626e-5,-200956.4705882353,323
495699,3.829617035096619e-6,5.769423052874774e-6,-200951.93434343435,198
495700,3.7996200348237756e-6,4.819518044175054e-6,-200968.26470588235,204
495701,7.479252068560395e-6,1.0128987092849882e-5,-201046.04807692306,312
495702,8.149185074701518e-6,1.1158884102290698e-5,-201087.21276595743,282
495703,3.4896510319887608e-6,5.049495046287459e-6,-201064.83333333334,186
495704,6.179382056644834e-6,8.799120080659329e-6,-201036.73300970873,206
495705,2.4397560223646344e-6,2.57974202364785e-6,-201031.07575757575,132
495706,2.0797920190649343e-6,2.779722025481019e-6,-201003.63565891472,129
495707,1.0748925098524163e-5,1.4328567131336445e-5,-200918.25757575757,264
